{"directions":{"settings":[{"style":{"id":"NA Campus","language":{"id":"el","description":"Ελληνικά","strings":[{"id":"campusManeuverContinueHallway","rule":"#ContinueHallwayAction ({ μέσω } @@campusNames)"},{"id":"campusTurnHallwayActionMakeSharpRight","rule":"{Κάνετε απότομη στροφή δεξιά}"},{"id":"campusTurnToHallwayActionKeepLeft","rule":"{Παραμείνετε αριστερά}"},{"id":"campusTurnToHallwayActionContinue","rule":"{Συνεχίστε}"},{"id":"campusManeuverHeader","rule":"{Ξεκινήστε} ({ από } #StopName)"},{"id":"campusEventRestrictionViolation","rule":"{Περιορισμός: } #Restriction"},{"id":"campusManeuverFooter","rule":"{Τερματίστε} ({ } #StopArrival({νωρίτερα},{με καθυστέρηση})) ({ σε } #StopName) (#StopSide)"},{"id":"campusNames","rule":"NAME ({ (} ALT_NAME {)})"},{"id":"campusManeuverDepart","rule":"{Αναχωρήστε} ({ από } #StopName)"},{"id":"campusManeuverArrive","rule":"{Φτάσατε} ({ } #StopArrival({νωρίτερα},{με καθυστέρηση})) ({ σε } #StopName) (#StopSide)"},{"id":"campusTurnToHallwayActionBearRight","rule":"{Πηγαίνετε δεξιά}"},{"id":"campusManeuverDepartHallway","rule":"{Πηγαίνετε ευθεία} ({ μέσω } @@campusNames) ({ προς } #CrossNames)"},{"id":"campusBeforeElevationActionBearLeft","rule":"{Πηγαίνετε αριστερά}"},{"id":"campusManeuverContinueWalkway","rule":"#ContinueWalkwayAction ({ σε } @@campusNames)"},{"id":"campusManeuverTurnHallway","rule":"#TurnHallwayAction ({ μέσω } @@campusNames)"},{"id":"campusManeuverDepartWalkway","rule":"{Πηγαίνετε ευθεία} ({ στο } @@campusNames) ({ προς } #CrossNames)"},{"id":"campusManeuverArcTo","rule":"#Select((#ArcToAction ({ και πηγαίνετε προς } #Destination)), {Συνεχίστε ευθεία})"},{"id":"campusEventLeaveBuilding","rule":"{Φεύγετε από το} ({ } #From(CROSSADMINBORDER))"},{"id":"campusManeuverArcToHallway","rule":"#FirstUpper(#Select(@campusArcToHallway, @campusStraightToHallway))"},{"id":"campusArcToHallway","rule":"#ArcToHallwayAction (#Select(({ και πηγαίνετε μέσω } @@campusToNames), ({ και πηγαίνετε προς } #Destination)))"},{"id":"UnitKilometerSingular","rule":"{χλμ.}"},{"id":"campusTurnToHallwayActionContinueForward","rule":"{Συνεχίστε ευθεία}"},{"id":"campusTurnWalkwayActionTurnRight","rule":"{Στρίψτε δεξιά}"},{"id":"campusStraightToHallway","rule":"{συνεχίστε ευθεία} ({ μέσω } @@campusToNames) @campusDestination"},{"id":"campusDestination","rule":"{ προς } #Destination"},{"id":"campusTurnWalkwayActionMakeSharpRight","rule":"{Κάνετε απότομη στροφή δεξιά}"},{"id":"campusManeuverTakeDoorToHallway","rule":"#TakeDoorToHallwayAction ({ } #Select(#Door(NAME), {την πόρτα})) ({ στα } #DoorSide) @@campusAndGoTrough"},{"id":"campusToNames","rule":" #To(NAME) ({ (} #To(ALT_NAME) {)})"},{"id":"campusManeuverArcToWalkway","rule":"#FirstUpper(#Select(@campusArcToWalkway, @campusStraightToWalkway))"},{"id":"campusArcToWalkway","rule":"#ArcToWalkwayAction (#Select(({ και πηγαίνετε σε} @@campusToNames), ({ και πηγαίνετε προς } #Destination)))"},{"id":"campusStraightToWalkway","rule":"{συνεχίστε ευθεία} ({ σε } @@campusToNames) @campusDestination"},{"id":"campusManeuverTurnToHallway","rule":"#TurnToHallwayAction ({ και πηγαίνετε μέσω } @@campusNames) @campusDestination"},{"id":"campusManeuverTurnToWalkway","rule":"#TurnToWalkwayAction ({ και πηγαίνετε σε } @@campusNames) @campusDestination"},{"id":"campusManeuverExit","rule":"{Πηγαίνετε έξω και συνεχίστε ευθεία} ({ προς } @@campusNames)"},{"id":"campusToWalkwayActionGoBack","rule":"{επιστρέψτε}"},{"id":"campusManeuverEnter","rule":"{Πηγαίνετε μέσα και συνεχίστε ευθεία} ({ μέσω } @@campusNames)"},{"id":"campusManeuverTurnWalkway","rule":"#TurnWalkwayAction ({ σε } @@campusNames)"},{"id":"campusTurnWalkwayActionGo","rule":"{Προχωρήστε}"},{"id":"UnitMeterPlural","rule":"{μ.}"},{"id":"campusManeuverDoubleTurn","rule":"#FirstTurn(#FirstActionBearing) { και } #SecondTurn(#SecondActionBearing)"},{"id":"campusTurnHallwayActionContinueForward","rule":"{Συνεχίστε ευθεία}"},{"id":"campusManeuverElevation","rule":"@campusBeforeElevation #ElevationName ({ } #ElevationCourse) ({ για το επίπεδο } #To(TO_FLOOR_NAME))"},{"id":"campusBeforeElevation","rule":"#Select((#TurnActionBeforeElevation { και πάρτε }), {Πάρτε })"},{"id":"campusManeuverDoorToWalkway","rule":"#DoorToWalkwayAction ({ } #Select(#Door(NAME), {την πόρτα})) @@campusAndToWalkwayGoOn"},{"id":"campusEventEnterBuilding","rule":"{Εισέρχεστε στο} ({ } CROSSADMINBORDER)"},{"id":"campusManeuverDoor","rule":"#DoorAction ({ } #Select(#Door(NAME), {την πόρτα}))"},{"id":"campusTurnWalkwayActionKeepRight","rule":"{Παραμείνετε δεξιά}"},{"id":"campusFirstActionTurnLeft","rule":"{Στρίψτε αριστερά} @campusAtIntersectionNames ({ στην } NAME)"},{"id":"campusManeuverDoorTo","rule":"#DoorToAction ({ } #Select(#Door(NAME), {την πόρτα})) @campusAndToAction"},{"id":"campusAndToWalkwayGoOn","rule":"{ και } #ToWalkwayAction ({ στην } @@campusNames) @campusDestination"},{"id":"campusAndToAction","rule":"{ και } #ToAction"},{"id":"campusManeuverDoorToHallway","rule":"#DoorToHallwayAction ({ } #Select(#Door(NAME), {την πόρτα})) @@campusAndToHallwayGoThroug"},{"id":"campusTurnWalkwayActionContinue","rule":"{Συνεχίστε}"},{"id":"campusTurnHallwayActionTurnRight","rule":"{Στρίψτε δεξιά}"},{"id":"campusElevationElevator","rule":"{τον ανελκυστήρα}"},{"id":"campusAndToHallwayGoThroug","rule":"{ και } #ToHallwayAction ({ μέσω } @@campusNames) @campusDestination"},{"id":"campusManeuverTakeDoorToWalkway","rule":"#TakeDoorToWalkwayAction ({ } #Select(#Door(NAME), {την πόρτα})) ({ στα } #DoorSide) @@campusAndGoOn"},{"id":"campusTurnWalkwayActionContinueForward","rule":"{Συνεχίστε ευθεία}"},{"id":"DirectionCumulativeLength","rule":"#CumulativeDistance"},{"id":"campusAndGoOn","rule":"{ και } #GoToWalkwayAction ({ στην } @@campusNames) @campusDestination"},{"id":"campusAndGoTrough","rule":"{ και } #GoToHallwayAction ({ μέσω } @@campusNames) @campusDestination"},{"id":"campusTurnWalkwayActionBearRight","rule":"{Πηγαίνετε δεξιά}"},{"id":"campusManeuverTakeDoor","rule":"#TakeDoorAction ({ } #Select(#Door(NAME), {την πόρτα})) ({ στα } #DoorSide)"},{"id":"campusTurnHallwayActionKeepRight","rule":"{Παραμείνετε δεξιά}"},{"id":"campusTurnHallwayActionBearRight","rule":"{Πηγαίνετε δεξιά}"},{"id":"campusTurnToHallwayActionGo","rule":"{Προχωρήστε}"},{"id":"campusTurnHallwayActionMakeSharpLeft","rule":"{Κάνετε απότομη στροφή αριστερά}"},{"id":"campusTurnHallwayActionTurnLeft","rule":"{Στρίψτε αριστερά}"},{"id":"campusTurnHallwayActionBearLeft","rule":"{Πηγαίνετε αριστερά}"},{"id":"campusTurnWalkwayActionBearLeft","rule":"{Πηγαίνετε αριστερά}"},{"id":"campusTurnHallwayActionKeepLeft","rule":"{Παραμείνετε αριστερά}"},{"id":"campusTurnHallwayActionContinue","rule":"{Συνεχίστε}"},{"id":"campusTurnHallwayActionGo","rule":"{Προχωρήστε}"},{"id":"campusTurnWalkwayActionMakeSharpLeft","rule":"{Κάνετε απότομη στροφή αριστερά}"},{"id":"DistanceShort","rule":"{< } #MinDistance(1) ({ } #DistanceUnits)"},{"id":"campusTurnWalkwayActionTurnLeft","rule":"{Στρίψτε αριστερά}"},{"id":"campusTurnWalkwayActionKeepLeft","rule":"{Παραμείνετε αριστερά}"},{"id":"campusTurnToHallwayActionKeepRight","rule":"{Παραμείνετε δεξιά}"},{"id":"campusTurnToHallwayActionTurnRight","rule":"{Στρίψτε δεξιά}"},{"id":"campusDoorToHallwayActionGoOutside","rule":"{Βγείτε από}"},{"id":"campusTurnToHallwayActionMakeSharpRight","rule":"{Κάνετε απότομη στροφή δεξιά}"},{"id":"campusTurnToHallwayActionMakeSharpLeft","rule":"{Κάνετε απότομη στροφή αριστερά}"},{"id":"campusArcToWalkwayActionMakeSharpLeft","rule":"{κάνετε απότομη στροφή αριστερά}"},{"id":"campusDoorToWalkwayActionGoInside","rule":"{Μπείτε από}"},{"id":"campusTurnToHallwayActionTurnLeft","rule":"{Στρίψτε αριστερά}"},{"id":"campusTurnToHallwayActionBearLeft","rule":"{Πηγαίνετε αριστερά}"},{"id":"campusTurnToWalkwayActionContinueForward","rule":"{Συνεχίστε ευθεία}"},{"id":"campusTurnToWalkwayActionKeepRight","rule":"{Παραμείνετε δεξιά}"},{"id":"campusArcToWalkwayActionMakeSharpRight","rule":"{κάνετε απότομη στροφή δεξιά}"},{"id":"campusTurnToWalkwayActionBearRight","rule":"{Πηγαίνετε δεξιά}"},{"id":"campusArcToHallwayActionMakeSharpLeft","rule":"{κάνετε απότομη στροφή αριστερά}"},{"id":"campusTurnToWalkwayActionTurnRight","rule":"{Στρίψτε δεξιά}"},{"id":"campusTurnToWalkwayActionMakeSharpRight","rule":"{Κάνετε απότομη στροφή δεξιά}"},{"id":"campusTurnToWalkwayActionMakeSharpLeft","rule":"{Κάνετε απότομη στροφή αριστερά}"},{"id":"campusTurnToWalkwayActionTurnLeft","rule":"{Στρίψτε αριστερά}"},{"id":"campusDoorToHallwayActionGo","rule":"{Περάστε από}"},{"id":"DirectionExitName","rule":"#SignpostExit"},{"id":"DirectionRestBreak","rule":"#ArriveTime ({-} #DepartTime) { Διάλειμμα για ξεκούραση}"},{"id":"campusTurnToWalkwayActionBearLeft","rule":"{Πηγαίνετε αριστερά}"},{"id":"campusArcToHallwayActionTurnLeft","rule":"{στρίψτε αριστερά}"},{"id":"campusTurnToWalkwayActionKeepLeft","rule":"{Παραμείνετε αριστερά}"},{"id":"campusTurnToWalkwayActionContinue","rule":"{Συνεχίστε}"},{"id":"Names","rule":"NAME ({ (} ALT_NAME {)})"},{"id":"campusTurnToWalkwayActionGo","rule":"{Προχωρήστε}"},{"id":"campusStopSideLeft","rule":"{, στα αριστερά}"},{"id":"campusArcToHallwayActionKeepRight","rule":"{παραμείνετε δεξιά}"},{"id":"campusArcToHallwayActionBearRight","rule":"{πηγαίνετε δεξιά}"},{"id":"campusArcToHallwayActionTurnRight","rule":"{στρίψτε δεξιά}"},{"id":"campusArcToHallwayActionMakeSharpRight","rule":"{κάνετε απότομη στροφή δεξιά}"},{"id":"campusArcToHallwayActionBearLeft","rule":"{πηγαίνετε αριστερά}"},{"id":"campusArcToHallwayActionKeepLeft","rule":"{παραμείνετε αριστερά}"},{"id":"campusArcToHallwayActionContinueForward","rule":"{συνεχίστε ευθεία}"},{"id":"campusArcToWalkwayActionKeepRight","rule":"{παραμείνετε δεξιά}"},{"id":"campusArcToWalkwayActionBearRight","rule":"{πηγαίνετε δεξιά}"},{"id":"StopLength","rule":"#StopLength"},{"id":"campusArcToWalkwayActionTurnRight","rule":"{στρίψτε δεξιά}"},{"id":"campusArcToWalkwayActionTurnLeft","rule":"{στρίψτε αριστερά}"},{"id":"campusArcToWalkwayActionBearLeft","rule":"{πηγαίνετε αριστερά}"},{"id":"campusArcToWalkwayActionKeepLeft","rule":"{παραμείνετε αριστερά}"},{"id":"campusArcToWalkwayActionContinueForward","rule":"{συνεχίστε ευθεία}"},{"id":"TimeShort","rule":"{< 1 λεπτό}"},{"id":"campusArcToActionKeepRight","rule":"{Παραμείνετε δεξιά}"},{"id":"campusArcToActionBearRight","rule":"{Πηγαίνετε δεξιά}"},{"id":"campusArcToActionTurnRight","rule":"{Στρίψτε δεξιά}"},{"id":"campusArcToActionMakeSharpRight","rule":"{Κάνετε απότομη στροφή δεξιά}"},{"id":"campusArcToActionMakeSharpLeft","rule":"{κάνετε απότομη στροφή αριστερά}"},{"id":"campusArcToActionTurnLeft","rule":"{Στρίψτε αριστερά}"},{"id":"campusArcToActionBearLeft","rule":"{Πηγαίνετε αριστερά}"},{"id":"DirectionCrossStreet","rule":"#CrossNames"},{"id":"campusArcToActionKeepLeft","rule":"{Παραμείνετε αριστερά}"},{"id":"campusArcToActionContinueForward","rule":"{Συνεχίστε ευθεία}"},{"id":"campusFirstActionBearRight","rule":"{Πηγαίνετε δεξιά} @campusAtIntersectionNames ({ στην } NAME)"},{"id":"DistanceLong","rule":"#Distance(1) ({ } #DistanceUnits)"},{"id":"campusBeforeElevationActionBearRight","rule":"{Πηγαίνετε δεξιά}"},{"id":"DirectionDayEnd","rule":"(#ArriveTime { }) {Τέλος της ημέρας}"},{"id":"campusBeforeElevationActionTurnRight","rule":"{Στρίψτε δεξιά}"},{"id":"campusBeforeElevationActionMakeSharpRight","rule":"{Κάνετε απότομη στροφή δεξιά}"},{"id":"campusGoToHallwayActionGoBack","rule":"{επιστρέψτε}"},{"id":"campusBeforeElevationActionMakeSharpLeft","rule":"{Κάνετε απότομη στροφή αριστερά}"},{"id":"campusBeforeElevationActionTurnLeft","rule":"{Στρίψτε αριστερά}"},{"id":"campusRightSide","rule":"{δεξιά}"},{"id":"campusLeftSide","rule":"{αριστερά}"},{"id":"campusAtIntersectionNames","rule":"{ στην } #Intersection(NAME) ({ (} #Intersection(ALT_NAME) {)})"},{"id":"UnitYardNeutral","rule":"{γρδ.}"},{"id":"campusFirstActionTurnRight","rule":"{Στρίψτε δεξιά} @campusAtIntersectionNames ({ στην } NAME)"},{"id":"campusFirstActionMakeSharpRight","rule":"{Κάνετε απότομη στροφή δεξιά} @campusAtIntersectionNames ({ στην } NAME)"},{"id":"campusFirstActionMakeSharpLeft","rule":"{κάνετε απότομη στροφή αριστερά} @campusAtIntersectionNames ({ στην } NAME)"},{"id":"campusFirstActionBearLeft","rule":"{Πηγαίνετε αριστερά} @campusAtIntersectionNames ({ στην } NAME)"},{"id":"campusFirstActionContinue","rule":"{Συνεχίστε} @campusAtIntersectionNames ({ στην } NAME)"},{"id":"campusSecondActionBearRight","rule":"{πηγαίνετε αμέσως δεξιά} ({ στην } NAME)"},{"id":"campusToWalkwayActionContinueForward","rule":"{συνεχίστε ευθεία}"},{"id":"campusSecondActionTurnRight","rule":"{στρίψτε αμέσως δεξιά} ({ στην } NAME)"},{"id":"campusSecondActionMakeSharpRight","rule":"{κάνετε αμέσως απότομη στροφή δεξιά} ({ στην } NAME)"},{"id":"campusSecondActionMakeSharpLeft","rule":"{κάνετε αμέσως απότομη στροφή αριστερά} ({ στην } NAME)"},{"id":"campusSecondActionTurnLeft","rule":"{στρίψτε αμέσως αριστερά} ({ στην } NAME)"},{"id":"campusSecondActionBearLeft","rule":"{πηγαίνετε αμέσως αριστερά} ({ στην } NAME)"},{"id":"campusSecondActionContinue","rule":"{συνεχίστε αμέσως} ({ στην } NAME)"},{"id":"CumulativeDistanceLong","rule":"#Select(#Distance(1), {0}) ({ } #DistanceUnits)"},{"id":"campusContinueHallwayActionForward","rule":"{Συνεχίστε ευθεία}"},{"id":"campusContinueHallwayActionGoForward","rule":"{Προχωρήστε ευθεία}"},{"id":"campusContinueHallwayActionGoBack","rule":"{Επιστρέψτε}"},{"id":"campusContinueWalkwayActionForward","rule":"{Συνεχίστε ευθεία}"},{"id":"campusContinueWalkwayActionGoForward","rule":"{Προχωρήστε ευθεία}"},{"id":"campusContinueWalkwayActionGoBack","rule":"{Επιστρέψτε}"},{"id":"campusGoToHallwayActionContinueForward","rule":"{συνεχίστε ευθεία}"},{"id":"campusGoToHallwayActionGoForward","rule":"{προχωρήστε ευθεία}"},{"id":"StopWaitTime","rule":"{Χρόνος αναμονής: } #StopWaitTime"},{"id":"campusGoToWalkwayActionContinueForward","rule":"{συνεχίστε ευθεία}"},{"id":"campusGoToWalkwayActionGoForward","rule":"{προχωρήστε ευθεία}"},{"id":"campusGoToWalkwayActionGoBack","rule":"{επιστρέψτε}"},{"id":"campusToActionContinueForward","rule":"{συνεχίστε ευθεία}"},{"id":"campusToActionGoForward","rule":"{προχωρήστε ευθεία}"},{"id":"campusToHallwayActionGoBack","rule":"{επιστρέψτε}"},{"id":"campusToActionGoBack","rule":"{επιστρέψτε}"},{"id":"campusToHallwayActionContinueForward","rule":"{συνεχίστε ευθεία}"},{"id":"campusToHallwayActionGoForward","rule":"{προχωρήστε ευθεία}"},{"id":"UnitMeterSingular","rule":"{μ.}"},{"id":"campusToWalkwayActionGoForward","rule":"{προχωρήστε ευθεία}"},{"id":"campusElevationEscalator","rule":"{την κυλιόμενη σκάλα}"},{"id":"campusElevationStairs","rule":"{τις σκάλες}"},{"id":"campusElevationRamp","rule":"{τη ράμπα}"},{"id":"campusElevationUp","rule":"{προς τα πάνω}"},{"id":"StopViolationTime","rule":"{Χρόνος παραβίασης: } #StopViolationTime"},{"id":"campusElevationDown","rule":"{προς τα κάτω}"},{"id":"UnitKilometerNeutral","rule":"{χλμ.}"},{"id":"campusTakeDoorActionGoInside","rule":"{Μπείτε από}"},{"id":"campusTakeDoorActionGoOutside","rule":"{Βγείτε από}"},{"id":"campusTakeDoorToWalkwayActionGoInside","rule":"{Μπείτε από}"},{"id":"campusTakeDoorActionGo","rule":"{Περάστε από}"},{"id":"campusTakeDoorToHallwayActionGoInside","rule":"{Μπείτε από}"},{"id":"campusTakeDoorToHallwayActionGoOutside","rule":"{Βγείτε από}"},{"id":"campusTakeDoorToHallwayActionGo","rule":"{Περάστε από}"},{"id":"campusTakeDoorToWalkwayActionGoOutside","rule":"{Βγείτε από}"},{"id":"campusTakeDoorToWalkwayActionGo","rule":"{Περάστε από}"},{"id":"campusDoorActionGoInside","rule":"{Μπείτε από}"},{"id":"campusDoorActionGoOutside","rule":"{Βγείτε από}"},{"id":"campusDoorActionGo","rule":"{Περάστε από}"},{"id":"UnitNauticalNeutral","rule":"{ν.μίλ.}"},{"id":"campusDoorToActionGoInside","rule":"{Μπείτε από}"},{"id":"campusDoorToActionGoOutside","rule":"{Βγείτε από}"},{"id":"campusDoorToActionGo","rule":"{Περάστε από}"},{"id":"campusDoorToHallwayActionGoInside","rule":"{Μπείτε από}"},{"id":"campusDoorToWalkwayActionGoOutside","rule":"{Βγείτε από}"},{"id":"campusDoorToWalkwayActionGo","rule":"{Περάστε από}"},{"id":"TimeLong","rule":"(#TotalHours(0) { ώρες }) (#RoundedMinutesOfHour(0) { λεπτά})"},{"id":"TravelTimeShort","rule":"{< 1 λεπτό}"},{"id":"UnitMilePlural","rule":"{μίλ.}"},{"id":"TravelTimeLong","rule":"(#Days(0) { ημέρες }) (#HoursOfDay(0) { ώρες }) (#RoundedMinutesOfHour(0) { λεπτά})"},{"id":"StopTimeShort","rule":"{< 1 λεπτό}"},{"id":"StopTimeLong","rule":"(#TotalHours(0) { ώρες }) (#RoundedMinutesOfHour(0) { λεπτά})"},{"id":"TimeZoneChange","rule":"#Sign (#TotalHours(0) { ώρες }) (#RoundedMinutesOfHour(0) { λεπτά})"},{"id":"SignpostDestination","rule":"#String(0) ({ / } #String(1)) ({ / } #String(2)) ({ / } #String(3)) ({ / } #String(4))"},{"id":"campusStopSideRight","rule":"{, στα δεξιά}"},{"id":"CrossNames","rule":"#String(0) ({ / } #String(1))"},{"id":"campusLandmarkOnTheLeft","rule":"{αριστερά}"},{"id":"DirectionBranch","rule":"#Branch"},{"id":"campusLandmarkOnTheRight","rule":"{δεξιά}"},{"id":"campusLandmarkOnTheFarLeft","rule":"{αριστερά, σε μακρινή απόσταση}"},{"id":"campusLandmarkOnTheFarRight","rule":"{δεξιά, σε μακρινή απόσταση}"},{"id":"campusLandmarkOnTheNearLeft","rule":"{αριστερά, σε κοντινή απόσταση}"},{"id":"UnitYardPlural","rule":"{γρδ.}"},{"id":"campusLandmarkOnTheNearRight","rule":"{δεξιά, σε κοντινή απόσταση}"},{"id":"UnitMileSingular","rule":"{μίλ.}"},{"id":"UnitMileNeutral","rule":"{μίλ.}"},{"id":"UnitKilometerPlural","rule":"{χλμ.}"},{"id":"UnitMeterNeutral","rule":"{μ.}"},{"id":"UnitFootSingular","rule":"{πόδ.}"},{"id":"UnitFootPlural","rule":"{πόδ.}"},{"id":"UnitFootNeutral","rule":"{πόδ.}"},{"id":"UnitYardSingular","rule":"{γρδ.}"},{"id":"DirectionTime","rule":"#ItemTime"},{"id":"UnitNauticalSingular","rule":"{ν.μίλ.}"},{"id":"UnitNauticalPlural","rule":"{ν.μίλ.}"},{"id":"UnitSecondSingular","rule":"{δευτ.}"},{"id":"UnitSecondPlural","rule":"{δευτ.}"},{"id":"UnitSecondNeutral","rule":"{δευτ.}"},{"id":"StopSummary","rule":"{Απόσταση: } #StopLength"},{"id":"StopTimeWindow","rule":"{Χρονικό περιθώριο: } #StopTimeWindowStart { - } #StopTimeWindowEnd"},{"id":"StopStayTime","rule":"{Χρόνος παραμονής: } #StopStayTime"},{"id":"StopFullTime","rule":"#StopFullTime"},{"id":"campusDirectionWalk","rule":"{Περπατήστε} ({ } #ItemLength) ({ ~ } #ItemTime)"},{"id":"DirectionLength","rule":"#ItemLength"},{"id":"DirectionETA","rule":"#ArriveTime"},{"id":"DirectionToward","rule":"#Destination"},{"id":"DirectionStreet","rule":"NAME"},{"id":"DirectionAltNames","rule":"ALT_NAME ({ / } ALT_NAME2)"},{"id":"DirectionAfterBreak","rule":"(#DepartTime { }) {Παραμείνετε} { στην } @@Names"},{"id":"campusEventLandmarkManeuverGuidance","rule":"{Το } #FirstUpper(#LandmarkName) { είναι κοντά στη διασταύρωση}"},{"id":"campusEventLandmarkPassageVerification","rule":"{Περάστε από το } #LandmarkName ({. Θα είναι στα } #LandmarkPosition)"}],"lookupMapping":[]}}}]}}