{"directions":{"settings":[{"style":{"id":"NA Campus","language":{"id":"fr","description":"français","strings":[{"id":"campusManeuverContinueHallway","rule":"#ContinueHallwayAction ({ par } @@campusNames)"},{"id":"campusTurnHallwayActionMakeSharpRight","rule":"{serrer à droite}"},{"id":"campusTurnToHallwayActionKeepLeft","rule":"{Rester à gauche}"},{"id":"campusTurnToHallwayActionContinue","rule":"{Continuer}"},{"id":"campusManeuverHeader","rule":"{Commencer} ({ à } #StopName)"},{"id":"campusEventRestrictionViolation","rule":"{Restriction : } #Restriction"},{"id":"campusManeuverFooter","rule":"{Terminer} ({ } #StopArrival({tôt},{tard})) ({ à } #StopName) (#StopSide)"},{"id":"campusNames","rule":"NAME ({ (} ALT_NAME {)})"},{"id":"campusManeuverDepart","rule":"{Départ} ({ } #StopName)"},{"id":"campusManeuverArrive","rule":"{Arriver} ({ } #StopArrival({tôt},{tard})) ({ à } #StopName) (#StopSide)"},{"id":"campusTurnToHallwayActionBearRight","rule":"{Tourner à droite}"},{"id":"campusManeuverDepartHallway","rule":"{Passer} ({ par } @@campusNames) ({ et se diriger vers } #CrossNames)"},{"id":"campusBeforeElevationActionBearLeft","rule":"{Tourner à gauche}"},{"id":"campusManeuverContinueWalkway","rule":"#ContinueWalkwayAction ({ à } @@campusNames)"},{"id":"campusManeuverTurnHallway","rule":"#TurnHallwayAction ({ par } @@campusNames)"},{"id":"campusManeuverDepartWalkway","rule":"{Passer} ({ à } @@campusNames) ({ et se diriger vers } #CrossNames)"},{"id":"campusManeuverArcTo","rule":"#Select((#ArcToAction ({ et se diriger vers } #Destination)), {Continuer tout droit})"},{"id":"campusEventLeaveBuilding","rule":"{Départ de} ({ } #From(CROSSADMINBORDER))"},{"id":"campusManeuverArcToHallway","rule":"#FirstUpper(#Select(@campusArcToHallway, @campusStraightToHallway))"},{"id":"campusArcToHallway","rule":"#ArcToHallwayAction (#Select(({ et passer par } @@campusToNames), ({ et se diriger vers } #Destination)))"},{"id":"UnitKilometerSingular","rule":"{km}"},{"id":"campusTurnToHallwayActionContinueForward","rule":"{Continuer tout droit}"},{"id":"campusTurnWalkwayActionTurnRight","rule":"{Prendre à droite}"},{"id":"campusStraightToHallway","rule":"{Continuer tout droit} ({ par } @@campusToNames) @campusDestination"},{"id":"campusDestination","rule":"{ vers } #Destination"},{"id":"campusTurnWalkwayActionMakeSharpRight","rule":"{serrer à droite}"},{"id":"campusManeuverTakeDoorToHallway","rule":"#TakeDoorToHallwayAction ({ } #Select(#Door(NAME), {la porte})) ({ sur la } #DoorSide) @@campusAndGoTrough"},{"id":"campusToNames","rule":" #To(NAME) ({ (} #To(ALT_NAME) {)})"},{"id":"campusManeuverArcToWalkway","rule":"#FirstUpper(#Select(@campusArcToWalkway, @campusStraightToWalkway))"},{"id":"campusArcToWalkway","rule":"#ArcToWalkwayAction (#Select(({ et aller sur } @@campusToNames), ({ et se diriger vers } #Destination)))"},{"id":"campusStraightToWalkway","rule":"{Continuer tout droit} ({ sur } @@campusToNames) @campusDestination"},{"id":"campusManeuverTurnToHallway","rule":"#TurnToHallwayAction ({ et passer par } @@campusNames) @campusDestination"},{"id":"campusManeuverTurnToWalkway","rule":"#TurnToWalkwayAction ({ et aller sur } @@campusNames) @campusDestination"},{"id":"campusManeuverExit","rule":"{Sortir et continuer tout droit} ({ à } @@campusNames)"},{"id":"campusToWalkwayActionGoBack","rule":"{revenir}"},{"id":"campusManeuverEnter","rule":"{Entrer et continuer tout droit} ({ par } @@campusNames)"},{"id":"campusManeuverTurnWalkway","rule":"#TurnWalkwayAction ({ à } @@campusNames)"},{"id":"campusTurnWalkwayActionGo","rule":"{Aller}"},{"id":"UnitMeterPlural","rule":"{m}"},{"id":"campusManeuverDoubleTurn","rule":"#FirstTurn(#FirstActionBearing) { et } #SecondTurn(#SecondActionBearing)"},{"id":"campusTurnHallwayActionContinueForward","rule":"{Continuer tout droit}"},{"id":"campusManeuverElevation","rule":"@campusBeforeElevation #ElevationName ({ } #ElevationCourse) ({ au niveau } #To(TO_FLOOR_NAME))"},{"id":"campusBeforeElevation","rule":"#Select((#TurnActionBeforeElevation { et prendre }), {Prendre })"},{"id":"campusManeuverDoorToWalkway","rule":"#DoorToWalkwayAction ({ } #Select(#Door(NAME), {la porte})) @@campusAndToWalkwayGoOn"},{"id":"campusEventEnterBuilding","rule":"{Arrivée à} ({ } CROSSADMINBORDER)"},{"id":"campusManeuverDoor","rule":"#DoorAction ({ } #Select(#Door(NAME), {la porte}))"},{"id":"campusTurnWalkwayActionKeepRight","rule":"{Rester à droite}"},{"id":"campusFirstActionTurnLeft","rule":"{Prendre à gauche} @campusAtIntersectionNames ({ dans } NAME)"},{"id":"campusManeuverDoorTo","rule":"#DoorToAction ({ } #Select(#Door(NAME), {la porte})) @campusAndToAction"},{"id":"campusAndToWalkwayGoOn","rule":"{ et } #ToWalkwayAction ({ à } @@campusNames) @campusDestination"},{"id":"campusAndToAction","rule":"{ et } #ToAction"},{"id":"campusManeuverDoorToHallway","rule":"#DoorToHallwayAction ({ } #Select(#Door(NAME), {la porte})) @@campusAndToHallwayGoThroug"},{"id":"campusTurnWalkwayActionContinue","rule":"{Continuer}"},{"id":"campusTurnHallwayActionTurnRight","rule":"{Prendre à droite}"},{"id":"campusElevationElevator","rule":"{l'ascenseur}"},{"id":"campusAndToHallwayGoThroug","rule":"{ et } #ToHallwayAction ({ par } @@campusNames) @campusDestination"},{"id":"campusManeuverTakeDoorToWalkway","rule":"#TakeDoorToWalkwayAction ({ } #Select(#Door(NAME), {la porte})) ({ sur la } #DoorSide) @@campusAndGoOn"},{"id":"campusTurnWalkwayActionContinueForward","rule":"{Continuer tout droit}"},{"id":"DirectionCumulativeLength","rule":"#CumulativeDistance"},{"id":"campusAndGoOn","rule":"{ et } #GoToWalkwayAction ({ à } @@campusNames) @campusDestination"},{"id":"campusAndGoTrough","rule":"{ et } #GoToHallwayAction ({ par } @@campusNames) @campusDestination"},{"id":"campusTurnWalkwayActionBearRight","rule":"{Tourner à droite}"},{"id":"campusManeuverTakeDoor","rule":"#TakeDoorAction ({ } #Select(#Door(NAME), {la porte})) ({ sur la } #DoorSide)"},{"id":"campusTurnHallwayActionKeepRight","rule":"{Rester à droite}"},{"id":"campusTurnHallwayActionBearRight","rule":"{Tourner à droite}"},{"id":"campusTurnToHallwayActionGo","rule":"{Aller}"},{"id":"campusTurnHallwayActionMakeSharpLeft","rule":"{serrer à gauche}"},{"id":"campusTurnHallwayActionTurnLeft","rule":"{Prendre à gauche}"},{"id":"campusTurnHallwayActionBearLeft","rule":"{Tourner à gauche}"},{"id":"campusTurnWalkwayActionBearLeft","rule":"{Tourner à gauche}"},{"id":"campusTurnHallwayActionKeepLeft","rule":"{Rester à gauche}"},{"id":"campusTurnHallwayActionContinue","rule":"{Continuer}"},{"id":"campusTurnHallwayActionGo","rule":"{Aller}"},{"id":"campusTurnWalkwayActionMakeSharpLeft","rule":"{serrer à gauche}"},{"id":"DistanceShort","rule":"{< } #MinDistance(1) ({ } #DistanceUnits)"},{"id":"campusTurnWalkwayActionTurnLeft","rule":"{Prendre à gauche}"},{"id":"campusTurnWalkwayActionKeepLeft","rule":"{Rester à gauche}"},{"id":"campusTurnToHallwayActionKeepRight","rule":"{Rester à droite}"},{"id":"campusTurnToHallwayActionTurnRight","rule":"{Prendre à droite}"},{"id":"campusDoorToHallwayActionGoOutside","rule":"{Sortir par}"},{"id":"campusTurnToHallwayActionMakeSharpRight","rule":"{serrer à droite}"},{"id":"campusTurnToHallwayActionMakeSharpLeft","rule":"{serrer à gauche}"},{"id":"campusArcToWalkwayActionMakeSharpLeft","rule":"{serrer à gauche}"},{"id":"campusDoorToWalkwayActionGoInside","rule":"{Entrer par}"},{"id":"campusTurnToHallwayActionTurnLeft","rule":"{Prendre à gauche}"},{"id":"campusTurnToHallwayActionBearLeft","rule":"{Tourner à gauche}"},{"id":"campusTurnToWalkwayActionContinueForward","rule":"{Continuer tout droit}"},{"id":"campusTurnToWalkwayActionKeepRight","rule":"{Rester à droite}"},{"id":"campusArcToWalkwayActionMakeSharpRight","rule":"{serrer à droite}"},{"id":"campusTurnToWalkwayActionBearRight","rule":"{Tourner à droite}"},{"id":"campusArcToHallwayActionMakeSharpLeft","rule":"{serrer à gauche}"},{"id":"campusTurnToWalkwayActionTurnRight","rule":"{Prendre à droite}"},{"id":"campusTurnToWalkwayActionMakeSharpRight","rule":"{serrer à droite}"},{"id":"campusTurnToWalkwayActionMakeSharpLeft","rule":"{serrer à gauche}"},{"id":"campusTurnToWalkwayActionTurnLeft","rule":"{Prendre à gauche}"},{"id":"campusDoorToHallwayActionGo","rule":"{Passer par}"},{"id":"DirectionExitName","rule":"#SignpostExit"},{"id":"DirectionRestBreak","rule":"#ArriveTime ({-} #DepartTime) { Halte}"},{"id":"campusTurnToWalkwayActionBearLeft","rule":"{Tourner à gauche}"},{"id":"campusArcToHallwayActionTurnLeft","rule":"{Prendre à gauche}"},{"id":"campusTurnToWalkwayActionKeepLeft","rule":"{Rester à gauche}"},{"id":"campusTurnToWalkwayActionContinue","rule":"{Continuer}"},{"id":"campusTurnToWalkwayActionGo","rule":"{Aller}"},{"id":"campusStopSideLeft","rule":"{, sur la gauche}"},{"id":"campusArcToHallwayActionKeepRight","rule":"{Rester à droite}"},{"id":"campusArcToHallwayActionBearRight","rule":"{Tourner à droite}"},{"id":"campusArcToHallwayActionTurnRight","rule":"{Prendre à droite}"},{"id":"campusArcToHallwayActionMakeSharpRight","rule":"{serrer à droite}"},{"id":"campusArcToHallwayActionBearLeft","rule":"{Tourner à gauche}"},{"id":"campusArcToHallwayActionKeepLeft","rule":"{Rester à gauche}"},{"id":"campusArcToHallwayActionContinueForward","rule":"{Continuer tout droit}"},{"id":"campusArcToWalkwayActionKeepRight","rule":"{Rester à droite}"},{"id":"campusArcToWalkwayActionBearRight","rule":"{Tourner à droite}"},{"id":"StopLength","rule":"#StopLength"},{"id":"campusArcToWalkwayActionTurnRight","rule":"{Prendre à droite}"},{"id":"campusArcToWalkwayActionTurnLeft","rule":"{Prendre à gauche}"},{"id":"campusArcToWalkwayActionBearLeft","rule":"{Tourner à gauche}"},{"id":"campusArcToWalkwayActionKeepLeft","rule":"{Rester à gauche}"},{"id":"campusArcToWalkwayActionContinueForward","rule":"{Continuer tout droit}"},{"id":"TimeShort","rule":"{< 1 min}"},{"id":"campusArcToActionKeepRight","rule":"{Rester à droite}"},{"id":"campusArcToActionBearRight","rule":"{Tourner à droite}"},{"id":"campusArcToActionTurnRight","rule":"{Prendre à droite}"},{"id":"campusArcToActionMakeSharpRight","rule":"{serrer à droite}"},{"id":"campusArcToActionMakeSharpLeft","rule":"{serrer à gauche}"},{"id":"campusArcToActionTurnLeft","rule":"{Prendre à gauche}"},{"id":"campusArcToActionBearLeft","rule":"{Tourner à gauche}"},{"id":"DirectionCrossStreet","rule":"#CrossNames"},{"id":"campusArcToActionKeepLeft","rule":"{Rester à gauche}"},{"id":"campusArcToActionContinueForward","rule":"{Continuer tout droit}"},{"id":"campusFirstActionBearRight","rule":"{Tourner à droite} @campusAtIntersectionNames ({ dans } NAME)"},{"id":"DistanceLong","rule":"#Distance(1) ({ } #DistanceUnits)"},{"id":"campusBeforeElevationActionBearRight","rule":"{Tourner à droite}"},{"id":"DirectionDayEnd","rule":"(#ArriveTime { }) {Fin de journée}"},{"id":"campusBeforeElevationActionTurnRight","rule":"{Prendre à droite}"},{"id":"campusBeforeElevationActionMakeSharpRight","rule":"{serrer à droite}"},{"id":"campusGoToHallwayActionGoBack","rule":"{revenir}"},{"id":"campusBeforeElevationActionMakeSharpLeft","rule":"{serrer à gauche}"},{"id":"campusBeforeElevationActionTurnLeft","rule":"{Prendre à gauche}"},{"id":"campusRightSide","rule":"{droite}"},{"id":"campusLeftSide","rule":"{gauche}"},{"id":"campusAtIntersectionNames","rule":"{ à } #Intersection(NAME) ({ (} #Intersection(ALT_NAME) {)})"},{"id":"UnitYardNeutral","rule":"{yd}"},{"id":"campusFirstActionTurnRight","rule":"{Prendre à droite} @campusAtIntersectionNames ({ dans } NAME)"},{"id":"campusFirstActionMakeSharpRight","rule":"{serrer à droite} @campusAtIntersectionNames ({ dans } NAME)"},{"id":"campusFirstActionMakeSharpLeft","rule":"{serrer à gauche} @campusAtIntersectionNames ({ dans } NAME)"},{"id":"campusFirstActionBearLeft","rule":"{Tourner à gauche} @campusAtIntersectionNames ({ dans } NAME)"},{"id":"campusFirstActionContinue","rule":"{Continuer} @campusAtIntersectionNames ({ dans } NAME)"},{"id":"campusSecondActionBearRight","rule":"{immédiatement tourner à droite} ({ dans } NAME)"},{"id":"campusToWalkwayActionContinueForward","rule":"{continuer tout droit}"},{"id":"campusSecondActionTurnRight","rule":"{immédiatement prendre à droite} ({ dans } NAME)"},{"id":"campusSecondActionMakeSharpRight","rule":"{immédiatement serrer à droite} ({ dans } NAME)"},{"id":"campusSecondActionMakeSharpLeft","rule":"{immédiatement serrer à gauche} ({ dans } NAME)"},{"id":"campusSecondActionTurnLeft","rule":"{immédiatement prendre à gauche} ({ dans } NAME)"},{"id":"campusSecondActionBearLeft","rule":"{immédiatement tourner à gauche} ({ dans } NAME)"},{"id":"campusSecondActionContinue","rule":"{immédiatement continue} ({ dans } NAME)"},{"id":"CumulativeDistanceLong","rule":"#Select(#Distance(1), {0}) ({ } #DistanceUnits)"},{"id":"campusContinueHallwayActionForward","rule":"{Continuer tout droit}"},{"id":"campusContinueHallwayActionGoForward","rule":"{Passer}"},{"id":"campusContinueHallwayActionGoBack","rule":"{Revenir}"},{"id":"campusContinueWalkwayActionForward","rule":"{Continuer tout droit}"},{"id":"campusContinueWalkwayActionGoForward","rule":"{Passer}"},{"id":"campusContinueWalkwayActionGoBack","rule":"{Revenir}"},{"id":"campusGoToHallwayActionContinueForward","rule":"{continuer tout droit}"},{"id":"campusGoToHallwayActionGoForward","rule":"{passer}"},{"id":"StopWaitTime","rule":"{Temps d’attente : } #StopWaitTime"},{"id":"campusGoToWalkwayActionContinueForward","rule":"{continuer tout droit}"},{"id":"campusGoToWalkwayActionGoForward","rule":"{passer}"},{"id":"campusGoToWalkwayActionGoBack","rule":"{revenir}"},{"id":"campusToActionContinueForward","rule":"{continuer tout droit}"},{"id":"campusToActionGoForward","rule":"{passer}"},{"id":"campusToHallwayActionGoBack","rule":"{revenir}"},{"id":"campusToActionGoBack","rule":"{revenir}"},{"id":"campusToHallwayActionContinueForward","rule":"{continuer tout droit}"},{"id":"campusToHallwayActionGoForward","rule":"{passer}"},{"id":"UnitMeterSingular","rule":"{m}"},{"id":"campusToWalkwayActionGoForward","rule":"{passer}"},{"id":"campusElevationEscalator","rule":"{l'escalier roulant}"},{"id":"campusElevationStairs","rule":"{les escaliers}"},{"id":"campusElevationRamp","rule":"{la bretelle}"},{"id":"campusElevationUp","rule":"{montante}"},{"id":"StopViolationTime","rule":"{Infraction horaire : } #StopViolationTime"},{"id":"campusElevationDown","rule":"{descendante}"},{"id":"UnitKilometerNeutral","rule":"{km}"},{"id":"campusTakeDoorActionGoInside","rule":"{Entrer par}"},{"id":"campusTakeDoorActionGoOutside","rule":"{Sortir par}"},{"id":"campusTakeDoorToWalkwayActionGoInside","rule":"{Entrer par}"},{"id":"campusTakeDoorActionGo","rule":"{Passer par}"},{"id":"campusTakeDoorToHallwayActionGoInside","rule":"{Entrer par}"},{"id":"campusTakeDoorToHallwayActionGoOutside","rule":"{Sortir par}"},{"id":"campusTakeDoorToHallwayActionGo","rule":"{Passer par}"},{"id":"campusTakeDoorToWalkwayActionGoOutside","rule":"{Sortir par}"},{"id":"campusTakeDoorToWalkwayActionGo","rule":"{Passer par}"},{"id":"campusDoorActionGoInside","rule":"{Entrer par}"},{"id":"campusDoorActionGoOutside","rule":"{Sortir par}"},{"id":"campusDoorActionGo","rule":"{Passer par}"},{"id":"UnitNauticalNeutral","rule":"{nmi}"},{"id":"campusDoorToActionGoInside","rule":"{Entrer par}"},{"id":"campusDoorToActionGoOutside","rule":"{Sortir par}"},{"id":"campusDoorToActionGo","rule":"{Passer par}"},{"id":"campusDoorToHallwayActionGoInside","rule":"{Entrer par}"},{"id":"campusDoorToWalkwayActionGoOutside","rule":"{Sortir par}"},{"id":"campusDoorToWalkwayActionGo","rule":"{Passer par}"},{"id":"TimeLong","rule":"(#TotalHours(0) { hr }) (#RoundedMinutesOfHour(0) { min})"},{"id":"TravelTimeShort","rule":"{< 1 min}"},{"id":"UnitMilePlural","rule":"{mi}"},{"id":"TravelTimeLong","rule":"(#Days(0) { d }) (#HoursOfDay(0) { hr }) (#RoundedMinutesOfHour(0) { min})"},{"id":"StopTimeShort","rule":"{< 1 min}"},{"id":"StopTimeLong","rule":"(#TotalHours(0) { hr }) (#RoundedMinutesOfHour(0) { min})"},{"id":"TimeZoneChange","rule":"#Sign (#TotalHours(0) { h }) (#RoundedMinutesOfHour(0) { min})"},{"id":"SignpostDestination","rule":"#String(0) ({ / } #String(1)) ({ / } #String(2)) ({ / } #String(3)) ({ / } #String(4))"},{"id":"campusStopSideRight","rule":"{, sur la droite}"},{"id":"CrossNames","rule":"#String(0) ({ / } #String(1))"},{"id":"campusLandmarkOnTheLeft","rule":"{gauche}"},{"id":"DirectionBranch","rule":"#Branch"},{"id":"campusLandmarkOnTheRight","rule":"{droite}"},{"id":"campusLandmarkOnTheFarLeft","rule":"{complètement à gauche}"},{"id":"campusLandmarkOnTheFarRight","rule":"{complètement à droite}"},{"id":"campusLandmarkOnTheNearLeft","rule":"{proximité gauche}"},{"id":"UnitYardPlural","rule":"{yd}"},{"id":"campusLandmarkOnTheNearRight","rule":"{proximité droite}"},{"id":"UnitMileSingular","rule":"{mi}"},{"id":"UnitMileNeutral","rule":"{mi}"},{"id":"UnitKilometerPlural","rule":"{km}"},{"id":"UnitMeterNeutral","rule":"{m}"},{"id":"UnitFootSingular","rule":"{pd}"},{"id":"UnitFootPlural","rule":"{pd}"},{"id":"UnitFootNeutral","rule":"{pd}"},{"id":"UnitYardSingular","rule":"{yd}"},{"id":"DirectionTime","rule":"#ItemTime"},{"id":"UnitNauticalSingular","rule":"{nmi}"},{"id":"UnitNauticalPlural","rule":"{nmi}"},{"id":"UnitSecondSingular","rule":"{sec}"},{"id":"UnitSecondPlural","rule":"{sec}"},{"id":"UnitSecondNeutral","rule":"{sec}"},{"id":"StopSummary","rule":"{Distance : } #StopLength"},{"id":"StopTimeWindow","rule":"{Fenêtre horaire : } #StopTimeWindowStart { - } #StopTimeWindowEnd"},{"id":"StopStayTime","rule":"{Temps de service : } #StopStayTime"},{"id":"StopFullTime","rule":"#StopFullTime"},{"id":"campusDirectionWalk","rule":"{Marcher} ({ } #ItemLength) ({ ~ } #ItemTime)"},{"id":"DirectionLength","rule":"#ItemLength"},{"id":"DirectionETA","rule":"#ArriveTime"},{"id":"DirectionToward","rule":"#Destination"},{"id":"DirectionStreet","rule":"NAME"},{"id":"DirectionAltNames","rule":"ALT_NAME ({ / } ALT_NAME2)"},{"id":"DirectionAfterBreak","rule":"(#DepartTime { }) {Rester} { sur } NAME ({ (} ALT_NAME {)})"},{"id":"campusEventLandmarkManeuverGuidance","rule":"#FirstUpper(#LandmarkName) { est proche de l'intersection}"},{"id":"campusEventLandmarkPassageVerification","rule":"{Passer par } #LandmarkName ({, situé à } #LandmarkPosition)"}],"lookupMapping":[]}}}]}}