{"directions":{"settings":[{"style":{"id":"NA Campus","language":{"id":"th","description":"ไทย","strings":[{"id":"campusManeuverContinueHallway","rule":"#ContinueHallwayAction ({ ผ่าน } @@campusNames)"},{"id":"campusTurnHallwayActionMakeSharpRight","rule":"{เลี้ยวขวาทันที}"},{"id":"campusTurnToHallwayActionKeepLeft","rule":"{ชิดซ้าย}"},{"id":"campusTurnToHallwayActionContinue","rule":"{ไปต่อ}"},{"id":"campusManeuverHeader","rule":"{เริ่มต้น} ({ ที่ } #StopName)"},{"id":"campusEventRestrictionViolation","rule":"{ข้อจำกัด: } #Restriction"},{"id":"campusManeuverFooter","rule":"{สิ้นสุด} ({ } #StopArrival({ก่อนเวลา},{ล่าช้า})) ({ ที่ } #StopName) (#StopSide)"},{"id":"campusNames","rule":"NAME ({ (} ALT_NAME {)})"},{"id":"campusManeuverDepart","rule":"{ออกจาก} ({ } #StopName)"},{"id":"campusManeuverArrive","rule":"{ถึง} ({ } #StopArrival({ก่อนเวลา},{ล่าช้า})) ({ ที่ } #StopName) (#StopSide)"},{"id":"campusTurnToHallwayActionBearRight","rule":"{ชิดขวา}"},{"id":"campusManeuverDepartHallway","rule":"{ไปข้างหน้า} ({ ผ่าน } @@campusNames) ({ ไปทาง } #CrossNames)"},{"id":"campusBeforeElevationActionBearLeft","rule":"{ชิดซ้าย}"},{"id":"campusManeuverContinueWalkway","rule":"#ContinueWalkwayAction ({ บน } @@campusNames)"},{"id":"campusManeuverTurnHallway","rule":"#TurnHallwayAction ({ ผ่าน } @@campusNames)"},{"id":"campusManeuverDepartWalkway","rule":"{ไปข้างหน้า} ({ บน } @@campusNames) ({ ไปทาง } #CrossNames)"},{"id":"campusManeuverArcTo","rule":"#Select((#ArcToAction ({ และไปยัง } #Destination)), {ไปข้างหน้าต่อ})"},{"id":"campusEventLeaveBuilding","rule":"{กำลังออก} ({ } #From(CROSSADMINBORDER))"},{"id":"campusManeuverArcToHallway","rule":"#FirstUpper(#Select(@campusArcToHallway, @campusStraightToHallway))"},{"id":"campusArcToHallway","rule":"#ArcToHallwayAction (#Select(({ และผ่าน } @@campusToNames), ({ และไปยัง } #Destination)))"},{"id":"UnitKilometerSingular","rule":"{กม.}"},{"id":"campusTurnToHallwayActionContinueForward","rule":"{ไปข้างหน้าต่อ}"},{"id":"campusTurnWalkwayActionTurnRight","rule":"{เลี้ยวขวา}"},{"id":"campusStraightToHallway","rule":"{ไปข้างหน้าต่อ} ({ zjko } @@campusToNames) @campusDestination"},{"id":"campusDestination","rule":"{ ไปทาง } #Destination"},{"id":"campusTurnWalkwayActionMakeSharpRight","rule":"{เลี้ยวขวาทันที}"},{"id":"campusManeuverTakeDoorToHallway","rule":"#TakeDoorToHallwayAction ({ } #Select(#Door(NAME), {ประตู})) ({ ด้าน } #DoorSide) @@campusAndGoTrough"},{"id":"campusToNames","rule":" #To(NAME) ({ (} #To(ALT_NAME) {)})"},{"id":"campusManeuverArcToWalkway","rule":"#FirstUpper(#Select(@campusArcToWalkway, @campusStraightToWalkway))"},{"id":"campusArcToWalkway","rule":"#ArcToWalkwayAction (#Select(({ และไปที่ } @@campusToNames), ({ และไปยัง} #Destination)))"},{"id":"campusStraightToWalkway","rule":"{ไปข้างหน้าต่อ} ({ บน } @@campusToNames) @campusDestination"},{"id":"campusManeuverTurnToHallway","rule":"#TurnToHallwayAction ({ และผ่าน } @@campusNames) @campusDestination"},{"id":"campusManeuverTurnToWalkway","rule":"#TurnToWalkwayAction ({ และไปที่ } @@campusNames) @campusDestination"},{"id":"campusManeuverExit","rule":"{ออกไปข้างนอกและไปยัง} ({ บน } @@campusNames)"},{"id":"campusToWalkwayActionGoBack","rule":"{กลับไป}"},{"id":"campusManeuverEnter","rule":"{เข้าไปข้างในและไปข้างหน้า} ({ ผ่าน } @@campusNames)"},{"id":"campusManeuverTurnWalkway","rule":"#TurnWalkwayAction ({ บน } @@campusNames)"},{"id":"campusTurnWalkwayActionGo","rule":"{ไป}"},{"id":"UnitMeterPlural","rule":"{ม.}"},{"id":"campusManeuverDoubleTurn","rule":"#FirstTurn(#FirstActionBearing) { และ  } #SecondTurn(#SecondActionBearing)"},{"id":"campusTurnHallwayActionContinueForward","rule":"{ไปข้างหน้าต่อ}"},{"id":"campusManeuverElevation","rule":"@campusBeforeElevation #ElevationName ({ } #ElevationCourse) ({ ไปยังชั้น } #To(TO_FLOOR_NAME))"},{"id":"campusBeforeElevation","rule":"#Select((#TurnActionBeforeElevation { และใช้}), {ใช้ })"},{"id":"campusManeuverDoorToWalkway","rule":"#DoorToWalkwayAction ({ } #Select(#Door(NAME), {ประตู})) @@campusAndToWalkwayGoOn"},{"id":"campusEventEnterBuilding","rule":"{กำลังเข้า} ({ } CROSSADMINBORDER)"},{"id":"campusManeuverDoor","rule":"#DoorAction ({ } #Select(#Door(NAME), {ประตู}))"},{"id":"campusTurnWalkwayActionKeepRight","rule":"{ชิดขวา}"},{"id":"campusFirstActionTurnLeft","rule":"{เลี้ยวซ้าย} @campusAtIntersectionNames ({ ไปใน } NAME)"},{"id":"campusManeuverDoorTo","rule":"#DoorToAction ({ } #Select(#Door(NAME), {ประตู})) @campusAndToAction"},{"id":"campusAndToWalkwayGoOn","rule":"{ และ } #ToWalkwayAction ({ บน } @@campusNames) @campusDestination"},{"id":"campusAndToAction","rule":"{ และ } #ToAction"},{"id":"campusManeuverDoorToHallway","rule":"#DoorToHallwayAction ({ } #Select(#Door(NAME), {ประตู})) @@campusAndToHallwayGoThroug"},{"id":"campusTurnWalkwayActionContinue","rule":"{ไปต่อ}"},{"id":"campusTurnHallwayActionTurnRight","rule":"{เลี้ยวขวา}"},{"id":"campusElevationElevator","rule":"{ลิฟต์}"},{"id":"campusAndToHallwayGoThroug","rule":"{ และ } #ToHallwayAction ({ ผ่าน } @@campusNames) @campusDestination"},{"id":"campusManeuverTakeDoorToWalkway","rule":"#TakeDoorToWalkwayAction ({ } #Select(#Door(NAME), {ประตู})) ({ ด้าน } #DoorSide) @@campusAndGoOn"},{"id":"campusTurnWalkwayActionContinueForward","rule":"{ไปข้างหน้าต่อ}"},{"id":"DirectionCumulativeLength","rule":"#CumulativeDistance"},{"id":"campusAndGoOn","rule":"{ และ } #GoToWalkwayAction ({ บน } @@campusNames) @campusDestination"},{"id":"campusAndGoTrough","rule":"{ และ } #GoToHallwayAction ({ ผ่าน } @@campusNames) @campusDestination"},{"id":"campusTurnWalkwayActionBearRight","rule":"{ชิดขวา}"},{"id":"campusManeuverTakeDoor","rule":"#TakeDoorAction ({ } #Select(#Door(NAME), {ประตู})) ({ ด้าน } #DoorSide)"},{"id":"campusTurnHallwayActionKeepRight","rule":"{ชิดขวา}"},{"id":"campusTurnHallwayActionBearRight","rule":"{ชิดขวา}"},{"id":"campusTurnToHallwayActionGo","rule":"{ไป}"},{"id":"campusTurnHallwayActionMakeSharpLeft","rule":"{เลี้ยวซ้ายทันที}"},{"id":"campusTurnHallwayActionTurnLeft","rule":"{เลี้ยวซ้าย}"},{"id":"campusTurnHallwayActionBearLeft","rule":"{ชิดซ้าย}"},{"id":"campusTurnWalkwayActionBearLeft","rule":"{ชิดซ้าย}"},{"id":"campusTurnHallwayActionKeepLeft","rule":"{ชิดซ้าย}"},{"id":"campusTurnHallwayActionContinue","rule":"{ไปต่อ}"},{"id":"campusTurnHallwayActionGo","rule":"{ไป}"},{"id":"campusTurnWalkwayActionMakeSharpLeft","rule":"{เลี้ยวซ้ายทันที}"},{"id":"DistanceShort","rule":"{< นาที} #MinDistance(1) ({ } #DistanceUnits)"},{"id":"campusTurnWalkwayActionTurnLeft","rule":"{เลี้ยวซ้าย}"},{"id":"campusTurnWalkwayActionKeepLeft","rule":"{ชิดซ้าย}"},{"id":"campusTurnToHallwayActionKeepRight","rule":"{ชิดขวา}"},{"id":"campusTurnToHallwayActionTurnRight","rule":"{เลี้ยวขวา}"},{"id":"campusDoorToHallwayActionGoOutside","rule":"{ออกไปจาก}"},{"id":"campusTurnToHallwayActionMakeSharpRight","rule":"{เลี้ยวขวาทันที}"},{"id":"campusTurnToHallwayActionMakeSharpLeft","rule":"{เลี้ยวซ้ายทันที}"},{"id":"campusArcToWalkwayActionMakeSharpLeft","rule":"{เลี้ยวซ้ายทันที}"},{"id":"campusDoorToWalkwayActionGoInside","rule":"{เข้าไปใน}"},{"id":"campusTurnToHallwayActionTurnLeft","rule":"{เลี้ยวซ้าย}"},{"id":"campusTurnToHallwayActionBearLeft","rule":"{ชิดซ้าย}"},{"id":"campusTurnToWalkwayActionContinueForward","rule":"{ไปข้างหน้าต่อ}"},{"id":"campusTurnToWalkwayActionKeepRight","rule":"{ชิดขวา}"},{"id":"campusArcToWalkwayActionMakeSharpRight","rule":"{เลี้ยวขวาทันที}"},{"id":"campusTurnToWalkwayActionBearRight","rule":"{ชิดขวา}"},{"id":"campusArcToHallwayActionMakeSharpLeft","rule":"{เลี้ยวซ้ายทันที}"},{"id":"campusTurnToWalkwayActionTurnRight","rule":"{เลี้ยวขวา}"},{"id":"campusTurnToWalkwayActionMakeSharpRight","rule":"{เลี้ยวขวาทันที}"},{"id":"campusTurnToWalkwayActionMakeSharpLeft","rule":"{เลี้ยวซ้ายทันที}"},{"id":"campusTurnToWalkwayActionTurnLeft","rule":"{เลี้ยวซ้าย}"},{"id":"campusDoorToHallwayActionGo","rule":"{ทุะลุผ่าน}"},{"id":"DirectionExitName","rule":"#SignpostExit"},{"id":"DirectionRestBreak","rule":"#ArriveTime ({-} #DepartTime) { พัก}"},{"id":"campusTurnToWalkwayActionBearLeft","rule":"{ชิดซ้าย}"},{"id":"campusArcToHallwayActionTurnLeft","rule":"{เลี้ยวซ้าย}"},{"id":"campusTurnToWalkwayActionKeepLeft","rule":"{ชิดซ้าย}"},{"id":"campusTurnToWalkwayActionContinue","rule":"{ต่อไป}"},{"id":"Names","rule":"NAME ({ (} ALT_NAME {)})"},{"id":"campusTurnToWalkwayActionGo","rule":"{ไป}"},{"id":"campusStopSideLeft","rule":"{, ทางด้านซ้าย}"},{"id":"campusArcToHallwayActionKeepRight","rule":"{ชิดขวา}"},{"id":"campusArcToHallwayActionBearRight","rule":"{ชิดขวา}"},{"id":"campusArcToHallwayActionTurnRight","rule":"{เลี้ยวขวา}"},{"id":"campusArcToHallwayActionMakeSharpRight","rule":"{เลี้ยวขวาทันที}"},{"id":"campusArcToHallwayActionBearLeft","rule":"{ชิดซ้าย}"},{"id":"campusArcToHallwayActionKeepLeft","rule":"{ชิดซ้าย}"},{"id":"campusArcToHallwayActionContinueForward","rule":"{ไปข้างหน้าต่อ}"},{"id":"campusArcToWalkwayActionKeepRight","rule":"{ชิดขวา}"},{"id":"campusArcToWalkwayActionBearRight","rule":"{ชิดขวา}"},{"id":"StopLength","rule":"#StopLength"},{"id":"campusArcToWalkwayActionTurnRight","rule":"{เลี้ยวขวา}"},{"id":"campusArcToWalkwayActionTurnLeft","rule":"{เลี้ยวซ้าย}"},{"id":"campusArcToWalkwayActionBearLeft","rule":"{ชิดซ้าย}"},{"id":"campusArcToWalkwayActionKeepLeft","rule":"{ชิดซ้าย}"},{"id":"campusArcToWalkwayActionContinueForward","rule":"{ต่อไป forward}"},{"id":"TimeShort","rule":"{< 1 นาที}"},{"id":"campusArcToActionKeepRight","rule":"{ชิดขวา}"},{"id":"campusArcToActionBearRight","rule":"{ชิดขวา}"},{"id":"campusArcToActionTurnRight","rule":"{เลี้ยวขวา}"},{"id":"campusArcToActionMakeSharpRight","rule":"{เลี้ยวขวาทันที}"},{"id":"campusArcToActionMakeSharpLeft","rule":"{เลี้ยวซ้ายทันที}"},{"id":"campusArcToActionTurnLeft","rule":"{เลี้ยวซ้าย}"},{"id":"campusArcToActionBearLeft","rule":"{ชิดซ้าย}"},{"id":"DirectionCrossStreet","rule":"#CrossNames"},{"id":"campusArcToActionKeepLeft","rule":"{ชิดซ้าย}"},{"id":"campusArcToActionContinueForward","rule":"{ไปข้างหน้าต่อ}"},{"id":"campusFirstActionBearRight","rule":"{ชิดขวา} @campusAtIntersectionNames ({ ไปใน } NAME)"},{"id":"DistanceLong","rule":"#Distance(1) ({ } #DistanceUnits)"},{"id":"campusBeforeElevationActionBearRight","rule":"{ชิดขวา}"},{"id":"DirectionDayEnd","rule":"(#ArriveTime { }) {หมดวัน}"},{"id":"campusBeforeElevationActionTurnRight","rule":"{เลี้ยวขวา}"},{"id":"campusBeforeElevationActionMakeSharpRight","rule":"{เลี้ยวขวาทันที}"},{"id":"campusGoToHallwayActionGoBack","rule":"{กลับไป}"},{"id":"campusBeforeElevationActionMakeSharpLeft","rule":"{เลี้ยวซ้ายทันที}"},{"id":"campusBeforeElevationActionTurnLeft","rule":"{เลี้ยวซ้าย}"},{"id":"campusRightSide","rule":"{ขวา}"},{"id":"campusLeftSide","rule":"{ซ้าย}"},{"id":"campusAtIntersectionNames","rule":"{ ที่ } #Intersection(NAME) ({ (} #Intersection(ALT_NAME) {)})"},{"id":"UnitYardNeutral","rule":"{ยาร์ด}"},{"id":"campusFirstActionTurnRight","rule":"{เลี้ยวขวา} @campusAtIntersectionNames ({ ไปใน } NAME)"},{"id":"campusFirstActionMakeSharpRight","rule":"{เลี้ยวขวาทันที} @campusAtIntersectionNames ({ ไปใน } NAME)"},{"id":"campusFirstActionMakeSharpLeft","rule":"{เลี้ยวซ้ายทันที} @campusAtIntersectionNames ({ ไปใน } NAME)"},{"id":"campusFirstActionBearLeft","rule":"{ชิดซ้าย} @campusAtIntersectionNames ({ ไปใน } NAME)"},{"id":"campusFirstActionContinue","rule":"{ไปต่อ} @campusAtIntersectionNames ({ ไปในฟ } NAME)"},{"id":"campusSecondActionBearRight","rule":"{ชิดขวาทันที} ({ ไปใน } NAME)"},{"id":"campusToWalkwayActionContinueForward","rule":"{ไปข้างหน้าต่อ}"},{"id":"campusSecondActionTurnRight","rule":"{เลี้ยวขวาทันที} ({ ไปใน } NAME)"},{"id":"campusSecondActionMakeSharpRight","rule":"{เลี้ยวขวาทันที} ({ ไปใน } NAME)"},{"id":"campusSecondActionMakeSharpLeft","rule":"{เลี้ยวซ้ายทันที} ({ ไปใน } NAME)"},{"id":"campusSecondActionTurnLeft","rule":"{เลี้ยวซ้ายทันที} ({ ไปใน } NAME)"},{"id":"campusSecondActionBearLeft","rule":"{ชิดซ้ายทันที} ({ไปใน } NAME)"},{"id":"campusSecondActionContinue","rule":"{ไปข้างหน้าทันที} ({ ไปใน } NAME)"},{"id":"CumulativeDistanceLong","rule":"#Select(#Distance(1), {0}) ({ } #DistanceUnits)"},{"id":"campusContinueHallwayActionForward","rule":"{ไปข้างหน้าต่อ}"},{"id":"campusContinueHallwayActionGoForward","rule":"{ไปข้างหน้า}"},{"id":"campusContinueHallwayActionGoBack","rule":"{กลับไป}"},{"id":"campusContinueWalkwayActionForward","rule":"{ไปข้างหน้าต่อ}"},{"id":"campusContinueWalkwayActionGoForward","rule":"{ไปข้างหน้า}"},{"id":"campusContinueWalkwayActionGoBack","rule":"{กลับไป}"},{"id":"campusGoToHallwayActionContinueForward","rule":"{ไปข้างหน้าต่อ}"},{"id":"campusGoToHallwayActionGoForward","rule":"{ไปยัง}"},{"id":"StopWaitTime","rule":"{เวลารอ: } #StopWaitTime"},{"id":"campusGoToWalkwayActionContinueForward","rule":"{ไปข้างหน้าต่อ}"},{"id":"campusGoToWalkwayActionGoForward","rule":"{ไปยัง}"},{"id":"campusGoToWalkwayActionGoBack","rule":"{กลับไป}"},{"id":"campusToActionContinueForward","rule":"{ไปข้างหน้าต่อ}"},{"id":"campusToActionGoForward","rule":"{ไปยัง}"},{"id":"campusToHallwayActionGoBack","rule":"{กลับไป}"},{"id":"campusToActionGoBack","rule":"{กลับไป}"},{"id":"campusToHallwayActionContinueForward","rule":"{ไปข้างหน้าต่อ}"},{"id":"campusToHallwayActionGoForward","rule":"{ไปยัง}"},{"id":"UnitMeterSingular","rule":"{ม.}"},{"id":"campusToWalkwayActionGoForward","rule":"{ไปยัง}"},{"id":"campusElevationEscalator","rule":"{บันไดเลื่อน}"},{"id":"campusElevationStairs","rule":"{บันได}"},{"id":"campusElevationRamp","rule":"{ทางลาด}"},{"id":"campusElevationUp","rule":"{ขึ้น}"},{"id":"StopViolationTime","rule":"{เวลาที่อยู่นอกเส้นทาง: } #StopViolationTime"},{"id":"campusElevationDown","rule":"{ลง}"},{"id":"UnitKilometerNeutral","rule":"{กม.}"},{"id":"campusTakeDoorActionGoInside","rule":"{เข้าไปใน}"},{"id":"campusTakeDoorActionGoOutside","rule":"{ออกไปจาก}"},{"id":"campusTakeDoorToWalkwayActionGoInside","rule":"{เข้าไปใน}"},{"id":"campusTakeDoorActionGo","rule":"{ทะลุผ่าน}"},{"id":"campusTakeDoorToHallwayActionGoInside","rule":"{เข้าไปใน}"},{"id":"campusTakeDoorToHallwayActionGoOutside","rule":"{ออกไปจาก}"},{"id":"campusTakeDoorToHallwayActionGo","rule":"{ทะลุผ่าน}"},{"id":"campusTakeDoorToWalkwayActionGoOutside","rule":"{ออกไปจาก}"},{"id":"campusTakeDoorToWalkwayActionGo","rule":"{ทะลุผ่าน}"},{"id":"campusDoorActionGoInside","rule":"{เข้าไปใน}"},{"id":"campusDoorActionGoOutside","rule":"{ออกไปจาก}"},{"id":"campusDoorActionGo","rule":"{ทะลุผ่าน}"},{"id":"UnitNauticalNeutral","rule":"{ไมล์ทะเล}"},{"id":"campusDoorToActionGoInside","rule":"{เข้าไปใน}"},{"id":"campusDoorToActionGoOutside","rule":"{ออกไปจาก}"},{"id":"campusDoorToActionGo","rule":"{ทะลุผ่าน}"},{"id":"campusDoorToHallwayActionGoInside","rule":"{เข้าไปใน}"},{"id":"campusDoorToWalkwayActionGoOutside","rule":"{ออกไปจาก}"},{"id":"campusDoorToWalkwayActionGo","rule":"{ทะลุผ่าน}"},{"id":"TimeLong","rule":"(#TotalHours(0) { ชม. }) (#RoundedMinutesOfHour(0) { นาที})"},{"id":"TravelTimeShort","rule":"{< 1 นาที}"},{"id":"UnitMilePlural","rule":"{ไมล์}"},{"id":"TravelTimeLong","rule":"(#Days(0) { วัน }) (#HoursOfDay(0) { ชม. }) (#RoundedMinutesOfHour(0) { นาที})"},{"id":"StopTimeShort","rule":"{< 1 นาที}"},{"id":"StopTimeLong","rule":"(#TotalHours(0) { ชม. }) (#RoundedMinutesOfHour(0) { นาที})"},{"id":"TimeZoneChange","rule":"#Sign (#TotalHours(0) { ชม. }) (#RoundedMinutesOfHour(0) { นาที})"},{"id":"SignpostDestination","rule":"#String(0) ({ / } #String(1)) ({ / } #String(2)) ({ / } #String(3)) ({ / } #String(4))"},{"id":"campusStopSideRight","rule":"{, ทางด้านขวา}"},{"id":"CrossNames","rule":"#String(0) ({ / } #String(1))"},{"id":"campusLandmarkOnTheLeft","rule":"{ซ้าย}"},{"id":"DirectionBranch","rule":"#Branch"},{"id":"campusLandmarkOnTheRight","rule":"{ขวา}"},{"id":"campusLandmarkOnTheFarLeft","rule":"{ซ้ายสุด}"},{"id":"campusLandmarkOnTheFarRight","rule":"{ขวาสุด}"},{"id":"campusLandmarkOnTheNearLeft","rule":"{ซ้ายแรกที่จะถึง}"},{"id":"UnitYardPlural","rule":"{ยาร์ด}"},{"id":"campusLandmarkOnTheNearRight","rule":"{ขวาแรกที่จะถึง}"},{"id":"UnitMileSingular","rule":"{ไมล์}"},{"id":"UnitMileNeutral","rule":"{ไมล์}"},{"id":"UnitKilometerPlural","rule":"{กม.}"},{"id":"UnitMeterNeutral","rule":"{ม.}"},{"id":"UnitFootSingular","rule":"{ฟุต}"},{"id":"UnitFootPlural","rule":"{ฟุต}"},{"id":"UnitFootNeutral","rule":"{ฟุต}"},{"id":"UnitYardSingular","rule":"{ยาร์ด}"},{"id":"DirectionTime","rule":"#ItemTime"},{"id":"UnitNauticalSingular","rule":"{ไมล์ทะเล}"},{"id":"UnitNauticalPlural","rule":"{ไมล์ทะเล}"},{"id":"UnitSecondSingular","rule":"{วินาที}"},{"id":"UnitSecondPlural","rule":"{วินาที}"},{"id":"UnitSecondNeutral","rule":"{วินาที}"},{"id":"StopSummary","rule":"{ระยะทาง: } #StopLength"},{"id":"StopTimeWindow","rule":"{หน้าต่างเวลา: } #StopTimeWindowStart { - } #StopTimeWindowEnd"},{"id":"StopStayTime","rule":"{เวลาให้บริการ: } #StopStayTime"},{"id":"StopFullTime","rule":"#StopFullTime"},{"id":"campusDirectionWalk","rule":"{เดิน} ({ } #ItemLength) ({ ~ } #ItemTime)"},{"id":"DirectionLength","rule":"#ItemLength"},{"id":"DirectionETA","rule":"#ArriveTime"},{"id":"DirectionToward","rule":"#Destination"},{"id":"DirectionStreet","rule":"NAME"},{"id":"DirectionAltNames","rule":"ALT_NAME ({ / } ALT_NAME2)"},{"id":"DirectionAfterBreak","rule":"(#DepartTime { }) {คงเส้นทาง} { บน } @@Names"},{"id":"campusEventLandmarkManeuverGuidance","rule":"#FirstUpper(#LandmarkName) { ใกล้แยก}"},{"id":"campusEventLandmarkPassageVerification","rule":"{ผ่าน } #LandmarkName ({. จะอยู่ทาง } #LandmarkPosition)"}],"lookupMapping":[]}}}]}}