{"directions":{"settings":[{"style":{"id":"NA Campus","language":{"id":"zh-CN","description":"简体中文","strings":[{"id":"campusManeuverContinueHallway","rule":"#ContinueHallwayAction ({通过} @@campusNames)"},{"id":"campusTurnHallwayActionMakeSharpRight","rule":"{右后转弯}"},{"id":"campusTurnToHallwayActionKeepLeft","rule":"{继续左转}"},{"id":"campusTurnToHallwayActionContinue","rule":"{前行}"},{"id":"campusManeuverHeader","rule":"({从起点} #StopName) {出发}"},{"id":"campusEventRestrictionViolation","rule":"{限制：} #Restriction"},{"id":"campusManeuverFooter","rule":"({从} #StopSide) ({} #StopArrival({提前},{推迟})) {到达} ({终点} #StopName)"},{"id":"campusNames","rule":"NAME ({ (} ALT_NAME {)})"},{"id":"campusManeuverDepart","rule":"{离开} ({} #StopName)"},{"id":"campusManeuverArrive","rule":"({从} #StopSide) ({} #StopArrival({提前},{推迟})) {到达} (#StopName)"},{"id":"campusTurnToHallwayActionBearRight","rule":"{向右前行}"},{"id":"campusManeuverDepartHallway","rule":"{前行} ({通过} @@campusNames) ({至} #CrossNames)"},{"id":"campusBeforeElevationActionBearLeft","rule":"{左转}"},{"id":"campusManeuverContinueWalkway","rule":"#ContinueWalkwayAction ({进入} @@campusNames)"},{"id":"campusManeuverTurnHallway","rule":"#TurnHallwayAction ({通过} @@campusNames)"},{"id":"campusManeuverDepartWalkway","rule":"{前行} ({进入} @@campusNames) ({至} #CrossNames)"},{"id":"campusManeuverArcTo","rule":"#Select((#ArcToAction ({至} #Destination)), {继续前行})"},{"id":"campusEventLeaveBuilding","rule":"{离开} ({} #From(CROSSADMINBORDER))"},{"id":"campusManeuverArcToHallway","rule":"#FirstUpper(#Select(@campusArcToHallway, @campusStraightToHallway))"},{"id":"campusArcToHallway","rule":"#ArcToHallwayAction (#Select(({，然后通过} @@campusToNames), ({至} #Destination)))"},{"id":"UnitKilometerSingular","rule":"{公里}"},{"id":"campusTurnToHallwayActionContinueForward","rule":"{继续前行}"},{"id":"campusTurnWalkwayActionTurnRight","rule":"{右转}"},{"id":"campusStraightToHallway","rule":"{继续前行} ({通过} @@campusToNames) @campusDestination"},{"id":"campusDestination","rule":"{至} #Destination"},{"id":"campusTurnWalkwayActionMakeSharpRight","rule":"{右后转弯}"},{"id":"campusManeuverTakeDoorToHallway","rule":"({在} #DoorSide) #TakeDoorToHallwayAction ({} #Select(#Door(NAME),{门}))  @@campusAndGoTrough"},{"id":"campusToNames","rule":" #To(NAME) ({ (} #To(ALT_NAME) {)})"},{"id":"campusManeuverArcToWalkway","rule":"#FirstUpper(#Select(@campusArcToWalkway, @campusStraightToWalkway))"},{"id":"campusArcToWalkway","rule":"#ArcToWalkwayAction (#Select(({，然后继续} @@campusToNames), ({至} #Destination)))"},{"id":"campusStraightToWalkway","rule":"{继续前行} ({上} @@campusToNames) @campusDestination"},{"id":"campusManeuverTurnToHallway","rule":"#TurnToHallwayAction ({，然后通过} @@campusNames) @campusDestination"},{"id":"campusManeuverTurnToWalkway","rule":"#TurnToWalkwayAction ({，然后转至} @@campusNames) @campusDestination"},{"id":"campusManeuverExit","rule":"{离开并继续前行} ({进入} @@campusNames)"},{"id":"campusToWalkwayActionGoBack","rule":"{调头}"},{"id":"campusManeuverEnter","rule":"{进入并继续前行} ({通过} @@campusNames)"},{"id":"campusManeuverTurnWalkway","rule":"#TurnWalkwayAction ({进入} @@campusNames)"},{"id":"campusTurnWalkwayActionGo","rule":"{前行}"},{"id":"UnitMeterPlural","rule":"{米}"},{"id":"campusManeuverDoubleTurn","rule":"#FirstTurn(#FirstActionBearing) {，然后立即} #SecondTurn(#SecondActionBearing)"},{"id":"campusTurnHallwayActionContinueForward","rule":"{继续前行}"},{"id":"campusManeuverElevation","rule":"@campusBeforeElevation #ElevationName ({} #ElevationCourse) ({到楼层} #To(TO_FLOOR_NAME))"},{"id":"campusBeforeElevation","rule":"#Select((#TurnActionBeforeElevation {,然后进入}), {进入})"},{"id":"campusManeuverDoorToWalkway","rule":"#DoorToWalkwayAction ({} #Select(#Door(NAME),{门})) @@campusAndToWalkwayGoOn"},{"id":"campusEventEnterBuilding","rule":"{进入} ({} CROSSADMINBORDER)"},{"id":"campusManeuverDoor","rule":"#DoorAction ({} #Select(#Door(NAME),{门}))"},{"id":"campusTurnWalkwayActionKeepRight","rule":"{继续右转}"},{"id":"campusFirstActionTurnLeft","rule":"{左转} @campusAtIntersectionNames ({进入} NAME)"},{"id":"campusManeuverDoorTo","rule":"#DoorToAction ({} #Select(#Door(NAME),{门})) @campusAndToAction"},{"id":"campusAndToWalkwayGoOn","rule":"{，然后} #ToWalkwayAction ({进入} @@campusNames) @campusDestination"},{"id":"campusAndToAction","rule":"{，然后} #ToAction"},{"id":"campusManeuverDoorToHallway","rule":"#DoorToHallwayAction ({} #Select(#Door(NAME),{门})) @@campusAndToHallwayGoThroug"},{"id":"campusTurnWalkwayActionContinue","rule":"{前行}"},{"id":"campusTurnHallwayActionTurnRight","rule":"{右转}"},{"id":"campusElevationElevator","rule":"{电梯}"},{"id":"campusAndToHallwayGoThroug","rule":"{，然后} #ToHallwayAction ({通过} @@campusNames) @campusDestination"},{"id":"campusManeuverTakeDoorToWalkway","rule":"({在}  #DoorSide) #TakeDoorToWalkwayAction ({} #Select(#Door(NAME),{门}))  @@campusAndGoOn"},{"id":"campusTurnWalkwayActionContinueForward","rule":"{继续前行}"},{"id":"DirectionCumulativeLength","rule":"#CumulativeDistance"},{"id":"campusAndGoOn","rule":"{，然后} #GoToWalkwayAction ({进入} @@campusNames) @campusDestination"},{"id":"campusAndGoTrough","rule":"{，然后} #GoToHallwayAction ({通过} @@campusNames) @campusDestination"},{"id":"campusTurnWalkwayActionBearRight","rule":"{向右前行}"},{"id":"campusManeuverTakeDoor","rule":"({在} #DoorSide) #TakeDoorAction ({} #Select(#Door(NAME),{门}))"},{"id":"campusTurnHallwayActionKeepRight","rule":"{继续右转}"},{"id":"campusTurnHallwayActionBearRight","rule":"{向右前行}"},{"id":"campusTurnToHallwayActionGo","rule":"{前行}"},{"id":"campusTurnHallwayActionMakeSharpLeft","rule":"{左后转弯}"},{"id":"campusTurnHallwayActionTurnLeft","rule":"{左转}"},{"id":"campusTurnHallwayActionBearLeft","rule":"{向左前行}"},{"id":"campusTurnWalkwayActionBearLeft","rule":"{向左前行}"},{"id":"campusTurnHallwayActionKeepLeft","rule":"{继续左转}"},{"id":"campusTurnHallwayActionContinue","rule":"{前行}"},{"id":"campusTurnHallwayActionGo","rule":"{前行}"},{"id":"campusTurnWalkwayActionMakeSharpLeft","rule":"{左后转弯}"},{"id":"DistanceShort","rule":"{< } #MinDistance(1) ({ } #DistanceUnits)"},{"id":"campusTurnWalkwayActionTurnLeft","rule":"{左转}"},{"id":"campusTurnWalkwayActionKeepLeft","rule":"{继续左转}"},{"id":"campusTurnToHallwayActionKeepRight","rule":"{继续右转}"},{"id":"campusTurnToHallwayActionTurnRight","rule":"{右转}"},{"id":"campusDoorToHallwayActionGoOutside","rule":"{离开}"},{"id":"campusTurnToHallwayActionMakeSharpRight","rule":"{右后转弯}"},{"id":"campusTurnToHallwayActionMakeSharpLeft","rule":"{左后转弯}"},{"id":"campusArcToWalkwayActionMakeSharpLeft","rule":"{左后转弯}"},{"id":"campusDoorToWalkwayActionGoInside","rule":"{进入}"},{"id":"campusTurnToHallwayActionTurnLeft","rule":"{左转}"},{"id":"campusTurnToHallwayActionBearLeft","rule":"{向左前行}"},{"id":"campusTurnToWalkwayActionContinueForward","rule":"{继续前行}"},{"id":"campusTurnToWalkwayActionKeepRight","rule":"{继续右转}"},{"id":"campusArcToWalkwayActionMakeSharpRight","rule":"{右后转弯}"},{"id":"campusTurnToWalkwayActionBearRight","rule":"{向右前行}"},{"id":"campusArcToHallwayActionMakeSharpLeft","rule":"{左后转弯}"},{"id":"campusTurnToWalkwayActionTurnRight","rule":"{右转}"},{"id":"campusTurnToWalkwayActionMakeSharpRight","rule":"{右后转弯}"},{"id":"campusTurnToWalkwayActionMakeSharpLeft","rule":"{左后转弯}"},{"id":"campusTurnToWalkwayActionTurnLeft","rule":"{左转}"},{"id":"campusDoorToHallwayActionGo","rule":"{穿过}"},{"id":"DirectionExitName","rule":"#SignpostExit"},{"id":"DirectionRestBreak","rule":"#ArriveTime ({-} #DepartTime) { 休息}"},{"id":"campusTurnToWalkwayActionBearLeft","rule":"{向左前行}"},{"id":"campusArcToHallwayActionTurnLeft","rule":"{左转}"},{"id":"campusTurnToWalkwayActionKeepLeft","rule":"{继续左转}"},{"id":"campusTurnToWalkwayActionContinue","rule":"{前行}"},{"id":"campusTurnToWalkwayActionGo","rule":"{前行}"},{"id":"campusStopSideLeft","rule":"{右侧}"},{"id":"campusArcToHallwayActionKeepRight","rule":"{继续右转}"},{"id":"campusArcToHallwayActionBearRight","rule":"{向右前行}"},{"id":"campusArcToHallwayActionTurnRight","rule":"{右转}"},{"id":"campusArcToHallwayActionMakeSharpRight","rule":"{右后转弯}"},{"id":"campusArcToHallwayActionBearLeft","rule":"{向左前行}"},{"id":"campusArcToHallwayActionKeepLeft","rule":"{继续左转}"},{"id":"campusArcToHallwayActionContinueForward","rule":"{继续前行}"},{"id":"campusArcToWalkwayActionKeepRight","rule":"{继续右转}"},{"id":"campusArcToWalkwayActionBearRight","rule":"{向右前行}"},{"id":"StopLength","rule":"#StopLength"},{"id":"campusArcToWalkwayActionTurnRight","rule":"{右转}"},{"id":"campusArcToWalkwayActionTurnLeft","rule":"{左转}"},{"id":"campusArcToWalkwayActionBearLeft","rule":"{向左前行}"},{"id":"campusArcToWalkwayActionKeepLeft","rule":"{继续左转}"},{"id":"campusArcToWalkwayActionContinueForward","rule":"{继续前行}"},{"id":"TimeShort","rule":"{< 1 分钟}"},{"id":"campusArcToActionKeepRight","rule":"{继续右转}"},{"id":"campusArcToActionBearRight","rule":"{向右前行}"},{"id":"campusArcToActionTurnRight","rule":"{右转}"},{"id":"campusArcToActionMakeSharpRight","rule":"{右后转弯}"},{"id":"campusArcToActionMakeSharpLeft","rule":"{右后转弯}"},{"id":"campusArcToActionTurnLeft","rule":"{左转}"},{"id":"campusArcToActionBearLeft","rule":"{向左前行}"},{"id":"DirectionCrossStreet","rule":"#CrossNames"},{"id":"campusArcToActionKeepLeft","rule":"{继续左转}"},{"id":"campusArcToActionContinueForward","rule":"{继续前行}"},{"id":"campusFirstActionBearRight","rule":"{右转} @campusAtIntersectionNames ({进入} NAME)"},{"id":"DistanceLong","rule":"#Distance(1) ({ } #DistanceUnits)"},{"id":"campusBeforeElevationActionBearRight","rule":"{右转}"},{"id":"DirectionDayEnd","rule":"(#ArriveTime { }) {一天结束}"},{"id":"campusBeforeElevationActionTurnRight","rule":"{右转}"},{"id":"campusBeforeElevationActionMakeSharpRight","rule":"{右后转弯}"},{"id":"campusGoToHallwayActionGoBack","rule":"{调头}"},{"id":"campusBeforeElevationActionMakeSharpLeft","rule":"{左后转弯}"},{"id":"campusBeforeElevationActionTurnLeft","rule":"{左转}"},{"id":"campusRightSide","rule":"{右侧}"},{"id":"campusLeftSide","rule":"{左侧}"},{"id":"campusAtIntersectionNames","rule":"{上} #Intersection(NAME) ({ (} #Intersection(ALT_NAME) {)})"},{"id":"UnitYardNeutral","rule":"{码}"},{"id":"campusFirstActionTurnRight","rule":"{右转} @campusAtIntersectionNames ({进入} NAME)"},{"id":"campusFirstActionMakeSharpRight","rule":"{向右急转} @campusAtIntersectionNames ({进入} NAME)"},{"id":"campusFirstActionMakeSharpLeft","rule":"{向左急转} @campusAtIntersectionNames ({进入} NAME)"},{"id":"campusFirstActionBearLeft","rule":"{左转} @campusAtIntersectionNames ({进入} NAME)"},{"id":"campusFirstActionContinue","rule":"{前行} @campusAtIntersectionNames ({进入} NAME)"},{"id":"campusSecondActionBearRight","rule":"{立即右转} ({进入} NAME)"},{"id":"campusToWalkwayActionContinueForward","rule":"{继续前行}"},{"id":"campusSecondActionTurnRight","rule":"{立即右转} ({进入} NAME)"},{"id":"campusSecondActionMakeSharpRight","rule":"{立即向右急转} ({进入} NAME)"},{"id":"campusSecondActionMakeSharpLeft","rule":"{立即向左急转} ({进入} NAME)"},{"id":"campusSecondActionTurnLeft","rule":"{立即左转} ({进入} NAME)"},{"id":"campusSecondActionBearLeft","rule":"{立即左转} ({进入} NAME)"},{"id":"campusSecondActionContinue","rule":"{立即前行} ({进入} NAME)"},{"id":"CumulativeDistanceLong","rule":"#Select(#Distance(1), {0}) ({ } #DistanceUnits)"},{"id":"campusContinueHallwayActionForward","rule":"{继续前行}"},{"id":"campusContinueHallwayActionGoForward","rule":"{前行}"},{"id":"campusContinueHallwayActionGoBack","rule":"{调头}"},{"id":"campusContinueWalkwayActionForward","rule":"{继续前行}"},{"id":"campusContinueWalkwayActionGoForward","rule":"{前行}"},{"id":"campusContinueWalkwayActionGoBack","rule":"{调头}"},{"id":"campusGoToHallwayActionContinueForward","rule":"{继续前行}"},{"id":"campusGoToHallwayActionGoForward","rule":"{前行}"},{"id":"StopWaitTime","rule":"{等待时间：} #StopWaitTime"},{"id":"campusGoToWalkwayActionContinueForward","rule":"{继续前行}"},{"id":"campusGoToWalkwayActionGoForward","rule":"{前行}"},{"id":"campusGoToWalkwayActionGoBack","rule":"{调头}"},{"id":"campusToActionContinueForward","rule":"{继续前行}"},{"id":"campusToActionGoForward","rule":"{前行}"},{"id":"campusToHallwayActionGoBack","rule":"{调头}"},{"id":"campusToActionGoBack","rule":"{调头}"},{"id":"campusToHallwayActionContinueForward","rule":"{继续前行}"},{"id":"campusToHallwayActionGoForward","rule":"{前行}"},{"id":"UnitMeterSingular","rule":"{米}"},{"id":"campusToWalkwayActionGoForward","rule":"{前行}"},{"id":"campusElevationEscalator","rule":"{自动扶梯}"},{"id":"campusElevationStairs","rule":"{楼梯}"},{"id":"campusElevationRamp","rule":"{匝道}"},{"id":"campusElevationUp","rule":"{向上}"},{"id":"StopViolationTime","rule":"{延误时间：} #StopViolationTime"},{"id":"campusElevationDown","rule":"{向下}"},{"id":"UnitKilometerNeutral","rule":"{公里}"},{"id":"campusTakeDoorActionGoInside","rule":"{进入}"},{"id":"campusTakeDoorActionGoOutside","rule":"{离开}"},{"id":"campusTakeDoorToWalkwayActionGoInside","rule":"{进入}"},{"id":"campusTakeDoorActionGo","rule":"{穿过}"},{"id":"campusTakeDoorToHallwayActionGoInside","rule":"{进入}"},{"id":"campusTakeDoorToHallwayActionGoOutside","rule":"{离开}"},{"id":"campusTakeDoorToHallwayActionGo","rule":"{通过}"},{"id":"campusTakeDoorToWalkwayActionGoOutside","rule":"{离开}"},{"id":"campusTakeDoorToWalkwayActionGo","rule":"{穿过}"},{"id":"campusDoorActionGoInside","rule":"{进入}"},{"id":"campusDoorActionGoOutside","rule":"{离开}"},{"id":"campusDoorActionGo","rule":"{穿过}"},{"id":"UnitNauticalNeutral","rule":"{海里}"},{"id":"campusDoorToActionGoInside","rule":"{进入}"},{"id":"campusDoorToActionGoOutside","rule":"{离开}"},{"id":"campusDoorToActionGo","rule":"{穿过}"},{"id":"campusDoorToHallwayActionGoInside","rule":"{进入}"},{"id":"campusDoorToWalkwayActionGoOutside","rule":"{离开}"},{"id":"campusDoorToWalkwayActionGo","rule":"{穿过}"},{"id":"TimeLong","rule":"(#TotalHours(0) { hr }) (#RoundedMinutesOfHour(0) { 分钟})"},{"id":"TravelTimeShort","rule":"{<  1 分钟}"},{"id":"UnitMilePlural","rule":"{英里}"},{"id":"TravelTimeLong","rule":"(#Days(0) { 天 }) (#HoursOfDay(0) { 小时 }) (#RoundedMinutesOfHour(0) { 分钟})"},{"id":"StopTimeShort","rule":"{<  1 分钟}"},{"id":"StopTimeLong","rule":"(#TotalHours(0) { 小时 }) (#RoundedMinutesOfHour(0) { 分钟})"},{"id":"TimeZoneChange","rule":"#Sign (#TotalHours(0) { 小时 }) (#RoundedMinutesOfHour(0) { 分钟})"},{"id":"SignpostDestination","rule":"#String(0) ({ / } #String(1)) ({ / } #String(2)) ({ / } #String(3)) ({ / } #String(4))"},{"id":"campusStopSideRight","rule":"{左侧}"},{"id":"CrossNames","rule":"#String(0) ({ / } #String(1))"},{"id":"campusLandmarkOnTheLeft","rule":"{左侧}"},{"id":"DirectionBranch","rule":"#Branch"},{"id":"campusLandmarkOnTheRight","rule":"{右侧}"},{"id":"campusLandmarkOnTheFarLeft","rule":"{最左侧}"},{"id":"campusLandmarkOnTheFarRight","rule":"{最右侧}"},{"id":"campusLandmarkOnTheNearLeft","rule":"{靠近左侧}"},{"id":"UnitYardPlural","rule":"{码}"},{"id":"campusLandmarkOnTheNearRight","rule":"{靠近右侧}"},{"id":"UnitMileSingular","rule":"{英里}"},{"id":"UnitMileNeutral","rule":"{英里}"},{"id":"UnitKilometerPlural","rule":"{公里}"},{"id":"UnitMeterNeutral","rule":"{米}"},{"id":"UnitFootSingular","rule":"{英尺}"},{"id":"UnitFootPlural","rule":"{英尺}"},{"id":"UnitFootNeutral","rule":"{英尺}"},{"id":"UnitYardSingular","rule":"{码}"},{"id":"DirectionTime","rule":"#ItemTime"},{"id":"UnitNauticalSingular","rule":"{海里}"},{"id":"UnitNauticalPlural","rule":"{海里}"},{"id":"UnitSecondSingular","rule":"{秒}"},{"id":"UnitSecondPlural","rule":"{秒}"},{"id":"UnitSecondNeutral","rule":"{秒}"},{"id":"StopSummary","rule":"{里程：} #StopLength"},{"id":"StopTimeWindow","rule":"{时间窗口：} #StopTimeWindowStart { - } #StopTimeWindowEnd"},{"id":"StopStayTime","rule":"{服务时间：} #StopStayTime"},{"id":"StopFullTime","rule":"#StopFullTime"},{"id":"campusDirectionWalk","rule":"{步行} ({ } #ItemLength) ({ ~ } #ItemTime)"},{"id":"DirectionLength","rule":"#ItemLength"},{"id":"DirectionETA","rule":"#ArriveTime"},{"id":"DirectionToward","rule":"#Destination"},{"id":"DirectionStreet","rule":"NAME"},{"id":"DirectionAltNames","rule":"ALT_NAME ({ / } ALT_NAME2)"},{"id":"DirectionAfterBreak","rule":"(#DepartTime { }) {停留} {在} NAME ({ (} ALT_NAME {)})"},{"id":"campusEventLandmarkManeuverGuidance","rule":"#FirstUpper(#LandmarkName) {在交叉口附近}"},{"id":"campusEventLandmarkPassageVerification","rule":"{驶过} #LandmarkName ({。它位于} #LandmarkPosition {的位置})"}],"lookupMapping":[]}}}]}}