{"directions":{"settings":[{"style":{"id":"NA Navigation","language":{"id":"cs","description":"čeština","strings":[{"id":"mobManeuverHeader","rule":"{Odjezd z} ({ } #StopName)"},{"id":"mobAtExit","rule":"{na výjezdu } #SignpostExit { }"},{"id":"mobLandmarkOnTheNearRight","rule":"{mírně vpravo}"},{"id":"mobManeuverFooter","rule":"{Příjezd do cíle} ({, } #StopSide)"},{"id":"mobManeuverDepart","rule":"{Odjezd z} ({ } #StopName)"},{"id":"mobPathCurveActionMakeSharpRight","rule":"{odbočte ostře vpravo}"},{"id":"mobManeuverStopArrive","rule":"#FirstUpper((#StopArriveAction ({ } #Azimuth) ({ po silnici } NAME) ))"},{"id":"mobCrossingBorderTurnActionMakeSharpLeft","rule":"{odbočte ostře vlevo}"},{"id":"mobManeuverArrive","rule":"{Příjezd do cíle} ({, } #StopSide)"},{"id":"mobAzimuthSW","rule":"{Jihozápad}"},{"id":"mobManeuverUTurnViaRamp","rule":"#FirstUpper((#UTurnRampAction { otočte se a jeďte zpět} ({ po silnici } NAME) ))"},{"id":"Names","rule":"NAME ({ (} ALT_NAME {)})"},{"id":"ManeuverFerry","rule":"{Nastupte na} ({ } @@Names) { trajekt}"},{"id":"mobSkipHighwayRampActionBearLeft","rule":"{zahněte vlevo na nájezd}"},{"id":"mobManeuverAnyRoad","rule":"#FirstUpper(({jeďte na} ({ } #Azimuth) ({ po silnici } NAME) ({ směrem na } #CrossNames) ))"},{"id":"mobManeuverCrossingBorderFerry","rule":"#FirstUpper(( ({Vjíždíte do } CROSSADMINBORDER {, }) @mobAtExit #CrossingBorderFerryAction ({ na trajekt } ({ } NAME ({ (} ALT_NAME {)})) { }) ))"},{"id":"mobManeuverFerryBypass","rule":"{Cesta trajektem} ({ } #ItemTime) ({ ~ } #ItemLength)"},{"id":"mobEndOfFerryActionGo","rule":"{jeďte na}"},{"id":"mobManeuverOntoHighway","rule":"#FirstUpper(( @mobAtExit #HighwayAction #Select(({ po silnici } #Branch), ({ po silnici } NAME)) ))"},{"id":"mobHighwayChanges","rule":"#FirstUpper(( @mobAtExit {změna silnice na} #Select(({ na silnici } #Branch), ({ na silnici } NAME)) ))"},{"id":"mobStopArriveActionBack","rule":"{vraťte se}"},{"id":"mobSkipHighwayRampActionMakeSharpLeft","rule":"{odbočte ostře vlevo na nájezd}"},{"id":"mobCrossingBorderFerryActionBearRight","rule":"{zahněte vpravo}"},{"id":"mobPathCurveActionBearLeft","rule":"{zahněte vlevo}"},{"id":"mobLocalRoadActionMakeSharpRight","rule":"{odbočte ostře vpravo}"},{"id":"mobManeuverPathCurves","rule":"#FirstUpper(( @mobAtExit #PathCurveAction @mobAtIntersectionOrCrossNames ({ a zůstaňte na silnici } NAME) ))"},{"id":"mobLocalRoadActionTurnRight","rule":"{odbočte vpravo}"},{"id":"mobAzimuthS","rule":"{Jih}"},{"id":"mobAtIntersectionOrCrossNames","rule":"#Select(@mobAtIntersectionNames, ({ na } #CrossNames))"},{"id":"mobSkipHighwayRampActionTurnRight","rule":"{odbočte vpravo na nájezd}"},{"id":"mobCrossingBorderTurnActionGo","rule":"{jeďte na}"},{"id":"mobSkipHighwayRampActionBearRight","rule":"{zahněte vpravo na nájezd}"},{"id":"mobManeuverSkipHighwayRamps","rule":"#FirstUpper(( @mobAtExit #SkipHighwayRampAction #Select(({ a pokračujte po silnici } #Branch), ({ a pokračujte } NAME)) ))"},{"id":"mobManeuverFork","rule":"#FirstUpper((#Select(@mobAtExit, {na rozdvojení }) #ForkAction ({ } #ForkSide) #Select(({ po silnici } #Branch), ({ po silnici } NAME)) ))"},{"id":"mobStopTimeShort","rule":"{< 1 minuta}"},{"id":"mobAtIntersectionNames","rule":"{ na } #Intersection(NAME) ({ (} #Intersection(ALT_NAME) {)})"},{"id":"mobManeuverTurnOntoLocalRoad","rule":"#FirstUpper(( @mobAtExit #LocalRoadAction @mobAtIntersectionNames ({ po silnici } NAME) ))"},{"id":"mobPathCurveActionContinue","rule":"{pokračujte}"},{"id":"mobManeuverCrossingBorderTurn","rule":"#FirstUpper(( ({Vjíždíte do } CROSSADMINBORDER {, }) @mobAtExit #CrossingBorderTurnAction ({ po silnici } NAME) ))"},{"id":"mobManeuverCrossingBorder","rule":"{Vjíždíte do} ({ } CROSSADMINBORDER)"},{"id":"mobPathCurveActionTurnLeft","rule":"{odbočte vlevo}"},{"id":"mobManeuverUTurnViaRoundabout","rule":"@mobRoundaboutHeaderGoBack ({ po silnici } NAME)"},{"id":"mobManeuverRoadSplitToProceed","rule":"#FirstUpper( (@mobAtExit #RoadSplitActionToProceed ({ } #RoadSplitSideToProceed) { pro pokračování} #Select(({ na silnici } #Branch), ({ na } NAME))) ) "},{"id":"mobRoundaboutHeaderGoBack","rule":"#Select(({Z kruhového objezdu vyjeďte } @@ExitNumberString(#ExitNumber) { výjezdem a jeďte zpět}), {Projeďte kruhový objezd a jeďte zpět})"},{"id":"mobUnitSecondNeutral","rule":"{sekund}"},{"id":"mobManeuverUTurn","rule":"{Otočte se} @mobAtIntersectionNames { a jeďte zpět} ({ po silnici } NAME)"},{"id":"mobManeuverFerry","rule":"{Nastupte na trajekt} ({ } NAME ({ (} ALT_NAME {)})) { }"},{"id":"mobLocalRoadActionContinue","rule":"{pokračujte}"},{"id":"mobManeuverEndOfFerry","rule":"#FirstUpper(( @mobAtExit {opusťte trajekt a } #EndOfFerryAction #Select(({ po silnici } #Branch), ({ po silnici } NAME)) ))"},{"id":"mobManeuverRoadSplitToStay","rule":"#FirstUpper( (@mobAtExit #RoadSplitActionToStay ({ } #RoadSplitSideToStay) { pro setrvání} #Select(({ na silnici } #Branch), ({ na } NAME))) ) "},{"id":"mobUnitNauticalPlural","rule":"{nmi}"},{"id":"mobManeuverStopOnRoundabout","rule":"{Projeďte kruhový objezd}"},{"id":"mobManeuverSkipRoundabout","rule":"@mobRoundaboutHeader @mobToProceed"},{"id":"mobRoundaboutHeader","rule":"#Select(({Z kruhového objezdu vyjeďte } @@ExitNumberString(#ExitNumber) { výjezdem}), {Projeďte kruhový objezd})"},{"id":"mobPathCurveActionMakeSharpLeft","rule":"{odbočte ostře vlevo}"},{"id":"mobEndOfFerryActionTurnRight","rule":"{odbočte vpravo}"},{"id":"mobCrossingBorderFerryActionContinue","rule":"{pokračujte}"},{"id":"DirectionToward","rule":"#Destination"},{"id":"mobToProceed","rule":"{ a pokračujte} #Select(({ po silnici } #Branch), ({ on } NAME))"},{"id":"mobSkipHighwayRampActionTurnLeft","rule":"{odbočte vlevo na nájezd}"},{"id":"mobSkipHighwayRampActionAtFork","rule":"#Select(#SkipHighwayRampActionAtFork, {jeďte nájezdem})"},{"id":"mobManeuverSkipRoundaboutRamp","rule":"@mobRoundaboutHeader (#Select(({ na silnici } #Branch), ({ na silnici } NAME)) )"},{"id":"mobManeuverSkipSignpostRamps","rule":"#FirstUpper(( @mobAtExit #SkipSignpostRampAction #Select(({ na silnici } #Branch), ({ na silnici } NAME)) ))"},{"id":"mobAzimuthNE","rule":"{Severovýchod}"},{"id":"mobAzimuthN","rule":"{Sever}"},{"id":"mobUnitNauticalSingular","rule":"{nmi}"},{"id":"mobPathCurveActionBearRight","rule":"{zahněte vpravo}"},{"id":"mobAzimuthE","rule":"{Východ}"},{"id":"mobAzimuthSE","rule":"{Jihovýchod}"},{"id":"mobCrossingBorderTurnActionBearRight","rule":"{zahněte vpravo}"},{"id":"mobAzimuthW","rule":"{Západ}"},{"id":"mobAzimuthNW","rule":"{Severozápad}"},{"id":"mobPathCurveActionTurnRight","rule":"{odbočte vpravo}"},{"id":"mobLocalRoadActionBearRight","rule":"{zahněte vpravo}"},{"id":"mobRoadSplitActionToProceedLeft","rule":"{držte se}"},{"id":"mobLocalRoadActionMakeSharpLeft","rule":"{odbočte ostře vlevo}"},{"id":"mobUTurnRampActionAtForkLeft","rule":"{jeďte nájezdem vlevo}"},{"id":"mobLocalRoadActionTurnLeft","rule":"{odbočte vlevo}"},{"id":"mobLocalRoadActionBearLeft","rule":"{zahněte vlevo}"},{"id":"mobLocalRoadActionGo","rule":"{jeďte na}"},{"id":"mobHighwayActionBearRight","rule":"{zahněte vpravo}"},{"id":"mobSkipHighwayRampActionMakeSharpRight","rule":"{odbočte ostře vpravo na nájezd}"},{"id":"mobSkipHighwayRampActionTakeRamp","rule":"{jeďte nájezdem}"},{"id":"mobSkipHighwayRampActionAtForkLeft","rule":"{jeďte nájezdem vlevo}"},{"id":"mobSkipHighwayRampActionAtForkRight","rule":"{jeďte nájezdem vpravo}"},{"id":"mobSkipSignpostRampActionAtFork","rule":"#Select(#SkipSignpostRampActionAtFork, {jeďte nájezdem})"},{"id":"mobSkipSignpostRampActionBearRight","rule":"{zahněte vpravo na nájezd}"},{"id":"mobForkActionLeft","rule":"{držte se}"},{"id":"StopTimeWindow","rule":"{Časové okno: } #StopTimeWindowStart { - } #StopTimeWindowEnd"},{"id":"mobSkipSignpostRampActionTurnRight","rule":"{odbočte vpravo na nájezd}"},{"id":"mobSkipSignpostRampActionMakeSharpRight","rule":"{odbočte ostře vpravo na nájezd}"},{"id":"mobSkipSignpostRampActionMakeSharpLeft","rule":"{odbočte ostře vlevo na nájezd}"},{"id":"mobSkipSignpostRampActionTurnLeft","rule":"{odbočte vlevo na nájezd}"},{"id":"mobSkipSignpostRampActionBearLeft","rule":"{zahněte vlevo na nájezd}"},{"id":"mobSkipSignpostRampActionTakeRamp","rule":"{jeďte nájezdem}"},{"id":"mobSkipSignpostRampActionAtForkLeft","rule":"{jeďte nájezdem vlevo}"},{"id":"mobSkipSignpostRampActionAtForkRight","rule":"{jeďte nájezdem vpravo}"},{"id":"mobUTurnRampActionFork","rule":"#Select(#UTurnRampActionAtFork, {jeďte nájezdem})"},{"id":"mobUTurnRampActionBearRight","rule":"{zahněte vpravo na nájezd}"},{"id":"mobUTurnRampActionTurnRight","rule":"{odbočte vpravo na nájezd}"},{"id":"mobUTurnRampActionMakeSharpRight","rule":"{odbočte ostře vpravo na nájezd}"},{"id":"mobUTurnRampActionMakeSharpLeft","rule":"{odbočte ostře vlevo na nájezd}"},{"id":"mobUTurnRampActionTurnLeft","rule":"{odbočte vlevo na nájezd}"},{"id":"mobUTurnRampActionBearLeft","rule":"{zahněte vlevo na nájezd}"},{"id":"mobUTurnRampActionTakeRamp","rule":"{jeďte nájezdem}"},{"id":"mobUTurnRampActionAtForkRight","rule":"{jeďte nájezdem vpravo}"},{"id":"mobHighwayActionGo","rule":"{jeďte na}"},{"id":"DirectionStreet","rule":"NAME"},{"id":"mobHighwayActionTurnRight","rule":"{odbočte vpravo}"},{"id":"mobEndOfFerryActionBearRight","rule":"{zahněte vpravo}"},{"id":"mobHighwayActionMakeSharpRight","rule":"{odbočte ostře vpravo}"},{"id":"mobHighwayActionMakeSharpLeft","rule":"{odbočte ostře vlevo}"},{"id":"mobHighwayActionTurnLeft","rule":"{odbočte vlevo}"},{"id":"mobHighwayActionBearLeft","rule":"{zahněte vlevo}"},{"id":"mobEndOfFerryActionMakeSharpRight","rule":"{odbočte ostře vpravo}"},{"id":"mobEndOfFerryActionMakeSharpLeft","rule":"{odbočte ostře vlevo}"},{"id":"mobEndOfFerryActionTurnLeft","rule":"{odbočte vlevo}"},{"id":"mobEndOfFerryActionBearLeft","rule":"{zahněte vlevo}"},{"id":"mobStopArriveActionContinue","rule":"{pokračujte}"},{"id":"DirectionETA","rule":"#ArriveTime"},{"id":"mobStopArriveActionGo","rule":"{jeďte na}"},{"id":"mobForkActionRight","rule":"{držte se}"},{"id":"mobForkActionStraight","rule":"{jeďte na}"},{"id":"mobForkSideLeft","rule":"{vlevo}"},{"id":"mobForkSideRight","rule":"{vpravo}"},{"id":"mobForkSideStraight","rule":"{rovně}"},{"id":"mobRoadSplitActionToProceedRight","rule":"{držte se}"},{"id":"mobRoadSplitActionToProceedStraight","rule":"{jeďte}"},{"id":"mobRoadSplitSideToProceedLeft","rule":"{vlevo}"},{"id":"mobRoadSplitSideToProceedRight","rule":"{vpravo}"},{"id":"mobRoadSplitSideToProceedStraight","rule":"{rovně}"},{"id":"mobRoadSplitActionToStayLeft","rule":"{držte se}"},{"id":"mobRoadSplitActionToStayRight","rule":"{držte se}"},{"id":"mobRoadSplitActionToStayStraight","rule":"{jeďte}"},{"id":"mobRoadSplitSideToStayLeft","rule":"{vlevo}"},{"id":"mobRoadSplitSideToStayRight","rule":"{vpravo}"},{"id":"mobRoadSplitSideToStayStraight","rule":"{rovně}"},{"id":"mobCrossingBorderTurnActionContinue","rule":"{pokračujte}"},{"id":"mobCrossingBorderTurnActionTurnRight","rule":"{odbočte vpravo}"},{"id":"mobCrossingBorderTurnActionMakeSharpRight","rule":"{odbočte ostře vpravo}"},{"id":"mobCrossingBorderTurnActionTurnLeft","rule":"{odbočte vlevo}"},{"id":"mobCrossingBorderTurnActionBearLeft","rule":"{zahněte vlevo}"},{"id":"mobCrossingBorderFerryActionTurnRight","rule":"{odbočte vpravo}"},{"id":"mobCrossingBorderFerryActionMakeSharpRight","rule":"{odbočte ostře vpravo}"},{"id":"mobCrossingBorderFerryActionMakeSharpLeft","rule":"{odbočte ostře vlevo}"},{"id":"mobCrossingBorderFerryActionTurnLeft","rule":"{odbočte vlevo}"},{"id":"mobCrossingBorderFerryActionBearLeft","rule":"{zahněte vlevo}"},{"id":"mobCrossingBorderFerryActionGo","rule":"{jeďte na}"},{"id":"mobDistanceShort","rule":"{< } #MinDistance(1) ({ } #DistanceUnits)"},{"id":"mobDistanceLong","rule":"#Distance(1) ({ } #DistanceUnits)"},{"id":"mobCumulativeDistanceLong","rule":"#Select(#Distance(1), {0}) ({ } #DistanceUnits)"},{"id":"mobTimeShort","rule":"{< 1 minuta}"},{"id":"mobTimeLong","rule":"(#TotalHours(0) { hodin }) (#RoundedMinutesOfHour(0) { minut})"},{"id":"mobStopTimeLong","rule":"(#TotalHours(0) { hodin }) (#RoundedMinutesOfHour(0) { minut})"},{"id":"mobTravelTimeShort","rule":"{< 1 minuta}"},{"id":"mobTravelTimeLong","rule":"(#Days(0) { dní }) (#HoursOfDay(0) { hodin }) (#RoundedMinutesOfHour(0) { minut})"},{"id":"mobSignpostDestination","rule":"#String(0) ({/} #String(1)) ({/} #String(2)) ({/} #String(3)) ({/} #String(4))"},{"id":"mobStopSideLeft","rule":"{vlevo}"},{"id":"mobStopSideRight","rule":"{vpravo}"},{"id":"mobCrossNames","rule":"#String(0)"},{"id":"mobLandmarkOnTheLeft","rule":"{po levé straně}"},{"id":"mobLandmarkOnTheRight","rule":"{po pravé straně}"},{"id":"mobLandmarkOnTheFarLeft","rule":"{úplně vlevo}"},{"id":"mobLandmarkOnTheFarRight","rule":"{úplně vpravo}"},{"id":"mobLandmarkOnTheNearLeft","rule":"{mírně vlevo}"},{"id":"mobUnitMileSingular","rule":"{míle}"},{"id":"mobUnitMilePlural","rule":"{mil}"},{"id":"mobUnitMileNeutral","rule":"{mil}"},{"id":"mobUnitKilometerSingular","rule":"{kilometr}"},{"id":"mobUnitKilometerPlural","rule":"{kilometrů}"},{"id":"mobUnitKilometerNeutral","rule":"{kilometr(ů)}"},{"id":"mobUnitMeterSingular","rule":"{metr}"},{"id":"mobUnitMeterPlural","rule":"{metrů}"},{"id":"mobUnitMeterNeutral","rule":"{metr(ů)}"},{"id":"mobUnitFootSingular","rule":"{stopa}"},{"id":"mobUnitFootPlural","rule":"{stop}"},{"id":"mobUnitFootNeutral","rule":"{stop}"},{"id":"mobUnitYardSingular","rule":"{yard}"},{"id":"mobUnitYardPlural","rule":"{yardů}"},{"id":"mobUnitYardNeutral","rule":"{yard(ů)}"},{"id":"mobUnitNauticalNeutral","rule":"{nmi}"},{"id":"mobUnitSecondSingular","rule":"{sekunda}"},{"id":"mobUnitSecondPlural","rule":"{sekund}"},{"id":"StopSummary","rule":"{Vzdálenost: } #StopLength"},{"id":"StopStayTime","rule":"{Doba obsloužení: } #StopStayTime"},{"id":"StopFullTime","rule":"#StopFullTime"},{"id":"StopWaitTime","rule":"{Čekací doba: } #StopWaitTime"},{"id":"StopViolationTime","rule":"{Zpoždění: } #StopViolationTime"},{"id":"StopLength","rule":"#StopLength"},{"id":"mobDirectionDrive","rule":"{Jeďte} ({ } #ItemLength)"},{"id":"DirectionLength","rule":"#ItemLength"},{"id":"DirectionTime","rule":"#ItemTime"},{"id":"DirectionCumulativeLength","rule":"#CumulativeDistance"},{"id":"DirectionBranch","rule":"#Branch"},{"id":"DirectionCrossStreet","rule":"#CrossNames"},{"id":"DirectionExitName","rule":"#SignpostExit"},{"id":"mobDirectionAltNames","rule":"ALT_NAME"},{"id":"mobDirectionDayEnd","rule":"{Konec dne}"},{"id":"mobDirectionRestBreak","rule":"{ Přestávka}"},{"id":"mobDirectionAfterBreak","rule":"{Zůstaňte} ({ na silnici } NAME)"},{"id":"mobEventLandmarkManeuverGuidance","rule":"{Proveďte změnu směru } @@LandmarkPrepositionString(#LandmarkPreposition) { } #FirstUpper(#LandmarkName)"},{"id":"mobEventLandmarkPassageVerification","rule":"{Projedete } @@LandmarkPrepositionString(#LandmarkPreposition) { } #LandmarkName ({. Bude } #LandmarkPosition)"}],"lookupMapping":[{"id":"ExitNumberString","value":[{"key":"1","value":"{1.}"},{"key":"2","value":"{2.}"},{"key":"3","value":"{3.}"},{"key":"4","value":"{4.}"},{"key":"5","value":"{5.}"},{"key":"6","value":"{6.}"},{"key":"7","value":"{7.}"},{"key":"8","value":"{8.}"},{"key":"9","value":"{9.}"},{"key":"10","value":"{10.}"}]},{"id":"LandmarkPrepositionString","value":[{"key":"AFTER","value":"{po}"},{"key":"AT","value":"{u}"},{"key":"BEFORE","value":"{před}"},{"key":"ONTO","value":"{na}"},{"key":"OVER","value":"{nad}"},{"key":"PAST","value":"{kolem}"},{"key":"THROUGH","value":"{skrz}"},{"key":"UNDER","value":"{pod}"},{"key":"BY","value":"{do}"},{"key":"NEAR","value":"{blízko}"}]}]}}}]}}