{"directions":{"settings":[{"style":{"id":"NA Navigation","language":{"id":"he","description":"עברית","strings":[{"id":"mobManeuverHeader","rule":"{נקודת מוצא: } ({ } #StopName)"},{"id":"mobAtExit","rule":"{ביציאה } #SignpostExit { }"},{"id":"mobLandmarkOnTheNearRight","rule":"{קרוב מימין}"},{"id":"mobManeuverFooter","rule":"{נקודת סיום: } ({, ב} #StopSide)"},{"id":"mobManeuverDepart","rule":"{יציאה} ({ מ} #StopName)"},{"id":"mobPathCurveActionMakeSharpRight","rule":"{פנה פניה חדה ימינה}"},{"id":"mobManeuverStopArrive","rule":"#FirstUpper((#StopArriveAction ({ } #Azimuth) ({ ב} NAME) ))"},{"id":"mobCrossingBorderTurnActionMakeSharpLeft","rule":"{פנה פניה חדה שמאלה}"},{"id":"mobManeuverArrive","rule":"{נקודת סיום: } ({, ב} #StopSide)"},{"id":"mobAzimuthSW","rule":"{דרום מערב}"},{"id":"mobManeuverUTurnViaRamp","rule":"#FirstUpper((#UTurnRampAction { פנה פניית פרסה חוקית וחזור} ({ ב} NAME) ))"},{"id":"Names","rule":"NAME ({ (} ALT_NAME {)})"},{"id":"ManeuverFerry","rule":"{קח} ({ } @@Names) { מעבורת}"},{"id":"mobSkipHighwayRampActionBearLeft","rule":"{פנה במחלף פניה קלה שמאלה}"},{"id":"mobManeuverAnyRoad","rule":"#FirstUpper(({סע} ({ } #Azimuth) ({ ב} NAME) ({ לכיוון } #CrossNames) ))"},{"id":"mobManeuverCrossingBorderFerry","rule":"#FirstUpper(( ({כניסה ל } CROSSADMINBORDER {. }) #FirstUpper(@mobAtExit #CrossingBorderFerryAction ({ ב} ({ } NAME ({ (} ALT_NAME {)})) { מעבורת}) )))"},{"id":"mobManeuverFerryBypass","rule":"{ השאר במעבורת ל} ({ } #ItemTime) ({ ~ } #ItemLength)"},{"id":"mobEndOfFerryActionGo","rule":"{סע}"},{"id":"mobManeuverOntoHighway","rule":"#FirstUpper(( @mobAtExit #HighwayAction #Select(({ ב} #Branch), ({ ב} NAME)) ))"},{"id":"mobHighwayChanges","rule":"#FirstUpper(( @mobAtExit {שינוים בדרך} #Select(({ אל } #Branch), ({ אל } NAME)) ))"},{"id":"mobStopArriveActionBack","rule":"{חזור}"},{"id":"mobSkipHighwayRampActionMakeSharpLeft","rule":"{פנה במחלף פניה חדה שמאלה}"},{"id":"mobCrossingBorderFerryActionBearRight","rule":"{פנה פניה קלה ימינה}"},{"id":"mobPathCurveActionBearLeft","rule":"{פנה פניה קלה שמאלה}"},{"id":"mobLocalRoadActionMakeSharpRight","rule":"{פנה פניה חדה ימינה}"},{"id":"mobManeuverPathCurves","rule":"#FirstUpper(( @mobAtExit #PathCurveAction @mobAtIntersectionOrCrossNames ({ והשאר ב} NAME) ))"},{"id":"mobLocalRoadActionTurnRight","rule":"{פנה ימינה}"},{"id":"mobAzimuthS","rule":"{דרום}"},{"id":"mobAtIntersectionOrCrossNames","rule":"#Select(@mobAtIntersectionNames, ({ ב} #CrossNames))"},{"id":"mobSkipHighwayRampActionTurnRight","rule":"{פנה במחלף ימינה}"},{"id":"mobCrossingBorderTurnActionGo","rule":"{צא}"},{"id":"mobSkipHighwayRampActionBearRight","rule":"{פנה במחלף פניה קלה ימינה}"},{"id":"mobManeuverSkipHighwayRamps","rule":"#FirstUpper(( @mobAtExit #SkipHighwayRampAction #Select(({ והמשך } #Branch), ({ והמשך } NAME)) ))"},{"id":"mobManeuverFork","rule":"#FirstUpper((#Select(@mobAtExit, {במזלג }) #ForkAction ({ } #ForkSide) #Select(({ ב} #Branch), ({ ב} NAME)) ))"},{"id":"mobStopTimeShort","rule":"{< 1 דקה}"},{"id":"mobAtIntersectionNames","rule":"{ ב} #Intersection(NAME) ({ (} #Intersection(ALT_NAME) {)})"},{"id":"mobManeuverTurnOntoLocalRoad","rule":"#FirstUpper(( @mobAtExit #LocalRoadAction @mobAtIntersectionNames ({ ב} NAME) ))"},{"id":"mobPathCurveActionContinue","rule":"{המשך}"},{"id":"mobManeuverCrossingBorderTurn","rule":"#FirstUpper(( ({כניסה } CROSSADMINBORDER {. }) #FirstUpper(@mobAtExit #CrossingBorderTurnAction ({ ב} NAME) )))"},{"id":"mobManeuverCrossingBorder","rule":"{כניסה ל} ({ } CROSSADMINBORDER)"},{"id":"mobPathCurveActionTurnLeft","rule":"{פנה שמאלה}"},{"id":"mobManeuverUTurnViaRoundabout","rule":"@mobRoundaboutHeaderGoBack ({ ב} NAME)"},{"id":"mobManeuverRoadSplitToProceed","rule":"#FirstUpper( (@mobAtExit #RoadSplitActionToProceed ({ } #RoadSplitSideToProceed) { כדי להמשיך} #Select(({ על } #Branch), ({ ב} NAME))) ) "},{"id":"mobRoundaboutHeaderGoBack","rule":"#Select(({בכיכר, צא ביציאה ה } @@ExitNumberString(#ExitNumber) {}), {וחזור חזרה})"},{"id":"mobUnitSecondNeutral","rule":"{שניות}"},{"id":"mobManeuverUTurn","rule":"{פנה פניית פרסה חוקית} @mobAtIntersectionNames { וחזור} ({ ב} NAME)"},{"id":"mobManeuverFerry","rule":"{קח} ({ } NAME ({ (} ALT_NAME {)})) { מעבורת}"},{"id":"mobLocalRoadActionContinue","rule":"{המשך}"},{"id":"mobManeuverEndOfFerry","rule":"#FirstUpper(( @mobAtExit {רד מהמעבורת ו } #EndOfFerryAction #Select(({ ב} #Branch), ({ ב} NAME)) ))"},{"id":"mobManeuverRoadSplitToStay","rule":"#FirstUpper( (@mobAtExit #RoadSplitActionToStay ({ } #RoadSplitSideToStay) { כדי להמשיך} #Select(({ על } #Branch), ({ ב} NAME))) ) "},{"id":"mobUnitNauticalPlural","rule":"{מייל ימי}"},{"id":"mobManeuverStopOnRoundabout","rule":"{פנה פניית פרסה}"},{"id":"mobManeuverSkipRoundabout","rule":"@mobRoundaboutHeader @mobToProceed"},{"id":"mobRoundaboutHeader","rule":"#Select(({בכיכר, צא ביציאה ה} @@ExitNumberString(#ExitNumber) { }), {המשך בכיכר})"},{"id":"mobPathCurveActionMakeSharpLeft","rule":"{פנה פניה חדה שמאלה}"},{"id":"mobEndOfFerryActionTurnRight","rule":"{פנה ימינה}"},{"id":"mobCrossingBorderFerryActionContinue","rule":"{המשך}"},{"id":"DirectionToward","rule":"#Destination"},{"id":"mobToProceed","rule":"{ והמשך } #Select(({ב} #Branch), ({ב} NAME))"},{"id":"mobSkipHighwayRampActionTurnLeft","rule":"{פנה במחלף שמאלה}"},{"id":"mobSkipHighwayRampActionAtFork","rule":"#Select(#SkipHighwayRampActionAtFork, {mt})"},{"id":"mobManeuverSkipRoundaboutRamp","rule":"@mobRoundaboutHeader (#Select(({ אל } #Branch), ({ אל } NAME)) )"},{"id":"mobManeuverSkipSignpostRamps","rule":"#FirstUpper(( @mobAtExit #SkipSignpostRampAction #Select(({ אל } #Branch), ({ אל } NAME)) ))"},{"id":"mobAzimuthNE","rule":"{צפון מזרח}"},{"id":"mobAzimuthN","rule":"{צפון}"},{"id":"mobUnitNauticalSingular","rule":"{מייל ימי}"},{"id":"mobPathCurveActionBearRight","rule":"{פנה פניה קלה ימינה}"},{"id":"mobAzimuthE","rule":"{מזרח}"},{"id":"mobAzimuthSE","rule":"{דרום מזרח}"},{"id":"mobCrossingBorderTurnActionBearRight","rule":"{פנה פניה קלה ימינה}"},{"id":"mobAzimuthW","rule":"{מערב}"},{"id":"mobAzimuthNW","rule":"{צפון מערב}"},{"id":"mobPathCurveActionTurnRight","rule":"{פנה ימינה}"},{"id":"mobLocalRoadActionBearRight","rule":"{פנה פניה קלה ימינה}"},{"id":"mobRoadSplitActionToProceedLeft","rule":"{המשך}"},{"id":"mobLocalRoadActionMakeSharpLeft","rule":"{פנה פניה חדה שמאלה}"},{"id":"mobUTurnRampActionAtForkLeft","rule":"{צא במחלף שמאלה}"},{"id":"mobLocalRoadActionTurnLeft","rule":"{פנה שמאלה}"},{"id":"mobLocalRoadActionBearLeft","rule":"{פנה פניה קלה שמאלה}"},{"id":"mobLocalRoadActionGo","rule":"{סע}"},{"id":"mobHighwayActionBearRight","rule":"{פנה פניה קלה ימינה}"},{"id":"mobSkipHighwayRampActionMakeSharpRight","rule":"{פנה במחלף פניה חדה ימינה}"},{"id":"mobSkipHighwayRampActionTakeRamp","rule":"{צא במחלף}"},{"id":"mobSkipHighwayRampActionAtForkLeft","rule":"{צא במחלף שמאלה}"},{"id":"mobSkipHighwayRampActionAtForkRight","rule":"{צא במחלף ימינה}"},{"id":"mobSkipSignpostRampActionAtFork","rule":"#Select(#SkipSignpostRampActionAtFork, {צא במחלף})"},{"id":"mobSkipSignpostRampActionBearRight","rule":"{פנה במחלף פניה קלה ימינה}"},{"id":"mobForkActionLeft","rule":"{הצמד}"},{"id":"StopTimeWindow","rule":"{חלון זמן: } #StopTimeWindowStart { - } #StopTimeWindowEnd"},{"id":"mobSkipSignpostRampActionTurnRight","rule":"{פנה במחלף ימינה}"},{"id":"mobSkipSignpostRampActionMakeSharpRight","rule":"{פנה במחלף פניה חדה ימינה}"},{"id":"mobSkipSignpostRampActionMakeSharpLeft","rule":"{פנה במחלף פניה חדה שמאלה}"},{"id":"mobSkipSignpostRampActionTurnLeft","rule":"{פנה במחלף שמאלה}"},{"id":"mobSkipSignpostRampActionBearLeft","rule":"{פנה במחלף פניה קלה שמאלה}"},{"id":"mobSkipSignpostRampActionTakeRamp","rule":"{צא במחלף}"},{"id":"mobSkipSignpostRampActionAtForkLeft","rule":"{צא במחלף שמאלה}"},{"id":"mobSkipSignpostRampActionAtForkRight","rule":"{צא במחלף ימינה}"},{"id":"mobUTurnRampActionFork","rule":"#Select(#UTurnRampActionAtFork, {צא במחלף})"},{"id":"mobUTurnRampActionBearRight","rule":"{פנה במחלף פניה קלה ימינה}"},{"id":"mobUTurnRampActionTurnRight","rule":"{פנה במחלף ימינה}"},{"id":"mobUTurnRampActionMakeSharpRight","rule":"{פנה במחלף פניה חדה ימינה}"},{"id":"mobUTurnRampActionMakeSharpLeft","rule":"{פנה במחלף פניה חדה שמאלה}"},{"id":"mobUTurnRampActionTurnLeft","rule":"{פנה במחלף שמאלה}"},{"id":"mobUTurnRampActionBearLeft","rule":"{פנה במחלף פניה קלה שמאלה}"},{"id":"mobUTurnRampActionTakeRamp","rule":"{צא במחלף}"},{"id":"mobUTurnRampActionAtForkRight","rule":"{צא במחלף ימינה}"},{"id":"mobHighwayActionGo","rule":"{סע}"},{"id":"DirectionStreet","rule":"NAME"},{"id":"mobHighwayActionTurnRight","rule":"{פנה ימינה}"},{"id":"mobEndOfFerryActionBearRight","rule":"{פנה פניה קלה ימינה}"},{"id":"mobHighwayActionMakeSharpRight","rule":"{פנה פניה חדה ימינה}"},{"id":"mobHighwayActionMakeSharpLeft","rule":"{פנה פניה חדה שמאלה}"},{"id":"mobHighwayActionTurnLeft","rule":"{פנה שמאלה}"},{"id":"mobHighwayActionBearLeft","rule":"{פנה פניה קלה שמאלה}"},{"id":"mobEndOfFerryActionMakeSharpRight","rule":"{פנה פניה חדה ימינה}"},{"id":"mobEndOfFerryActionMakeSharpLeft","rule":"{פנה פניה חדה שמאלה}"},{"id":"mobEndOfFerryActionTurnLeft","rule":"{פנה שמאלה}"},{"id":"mobEndOfFerryActionBearLeft","rule":"{פנה פניה קלה שמאלה}"},{"id":"mobStopArriveActionContinue","rule":"{המשך}"},{"id":"DirectionETA","rule":"#ArriveTime"},{"id":"mobStopArriveActionGo","rule":"{סע}"},{"id":"mobForkActionRight","rule":"{הצמד}"},{"id":"mobForkActionStraight","rule":"{סע}"},{"id":"mobForkSideLeft","rule":"{שמאלה}"},{"id":"mobForkSideRight","rule":"{ימינה}"},{"id":"mobForkSideStraight","rule":"{ישירות}"},{"id":"mobRoadSplitActionToProceedRight","rule":"{המשך}"},{"id":"mobRoadSplitActionToProceedStraight","rule":"{המשך}"},{"id":"mobRoadSplitSideToProceedLeft","rule":"{שמאלה}"},{"id":"mobRoadSplitSideToProceedRight","rule":"{ימינה}"},{"id":"mobRoadSplitSideToProceedStraight","rule":"{ישר}"},{"id":"mobRoadSplitActionToStayLeft","rule":"{המשך}"},{"id":"mobRoadSplitActionToStayRight","rule":"{המשך}"},{"id":"mobRoadSplitActionToStayStraight","rule":"{המשך}"},{"id":"mobRoadSplitSideToStayLeft","rule":"{שמאלה}"},{"id":"mobRoadSplitSideToStayRight","rule":"{ימינה}"},{"id":"mobRoadSplitSideToStayStraight","rule":"{ישר}"},{"id":"mobCrossingBorderTurnActionContinue","rule":"{המשך}"},{"id":"mobCrossingBorderTurnActionTurnRight","rule":"{פנה ימינה}"},{"id":"mobCrossingBorderTurnActionMakeSharpRight","rule":"{פנה פניה חדה ימינה}"},{"id":"mobCrossingBorderTurnActionTurnLeft","rule":"{פנה שמאלה}"},{"id":"mobCrossingBorderTurnActionBearLeft","rule":"{פנה פניה קלה שמאלה}"},{"id":"mobCrossingBorderFerryActionTurnRight","rule":"{פנה ימינה}"},{"id":"mobCrossingBorderFerryActionMakeSharpRight","rule":"{פנה פניה חדה ימינה}"},{"id":"mobCrossingBorderFerryActionMakeSharpLeft","rule":"{פנה פניה חדה שמאלה}"},{"id":"mobCrossingBorderFerryActionTurnLeft","rule":"{פנה שמאלה}"},{"id":"mobCrossingBorderFerryActionBearLeft","rule":"{פנה פניה קלה שמאלה}"},{"id":"mobCrossingBorderFerryActionGo","rule":"{צא}"},{"id":"mobDistanceShort","rule":"{< } #MinDistance(1) ({ } #DistanceUnits)"},{"id":"mobDistanceLong","rule":"#Distance(1) ({ } #DistanceUnits)"},{"id":"mobCumulativeDistanceLong","rule":"#Select(#Distance(1), {0}) ({ } #DistanceUnits)"},{"id":"mobTimeShort","rule":"{< 1 דקה}"},{"id":"mobTimeLong","rule":"(#TotalHours(0) { שעות) }) (#RoundedMinutesOfHour(0) { דקות})"},{"id":"mobStopTimeLong","rule":"(#TotalHours(0) { שעות) }) (#RoundedMinutesOfHour(0) { דקות})"},{"id":"mobTravelTimeShort","rule":"{< 1 דקה}"},{"id":"mobTravelTimeLong","rule":"(#Days(0) { ימים }) (#HoursOfDay(0) { שעות }) (#RoundedMinutesOfHour(0) { דקות})"},{"id":"mobSignpostDestination","rule":"#String(0) ({ / } #String(1)) ({ / } #String(2)) ({ / } #String(3)) ({ / } #String(4))"},{"id":"mobStopSideLeft","rule":"{שמאל}"},{"id":"mobStopSideRight","rule":"{ימין}"},{"id":"mobCrossNames","rule":"#String(0)"},{"id":"mobLandmarkOnTheLeft","rule":"{שמאלה}"},{"id":"mobLandmarkOnTheRight","rule":"{ימינה}"},{"id":"mobLandmarkOnTheFarLeft","rule":"{בשמאל רחוק}"},{"id":"mobLandmarkOnTheFarRight","rule":"{בימין רחוק}"},{"id":"mobLandmarkOnTheNearLeft","rule":"{קרוב משמאל}"},{"id":"mobUnitMileSingular","rule":"{מייל}"},{"id":"mobUnitMilePlural","rule":"{מיילים}"},{"id":"mobUnitMileNeutral","rule":"{מייל(ים)}"},{"id":"mobUnitKilometerSingular","rule":"{קילומטר}"},{"id":"mobUnitKilometerPlural","rule":"{קילומטרים}"},{"id":"mobUnitKilometerNeutral","rule":"{קילומטר(ים)}"},{"id":"mobUnitMeterSingular","rule":"{מטר}"},{"id":"mobUnitMeterPlural","rule":"{מטרים}"},{"id":"mobUnitMeterNeutral","rule":"{מטר(ים)}"},{"id":"mobUnitFootSingular","rule":"{רגל}"},{"id":"mobUnitFootPlural","rule":"{רגל}"},{"id":"mobUnitFootNeutral","rule":"{רגל}"},{"id":"mobUnitYardSingular","rule":"{יארד}"},{"id":"mobUnitYardPlural","rule":"{יארדים}"},{"id":"mobUnitYardNeutral","rule":"{יארד(ים)}"},{"id":"mobUnitNauticalNeutral","rule":"{מייל ימי}"},{"id":"mobUnitSecondSingular","rule":"{שניה}"},{"id":"mobUnitSecondPlural","rule":"{שניות}"},{"id":"StopSummary","rule":"{מרחק: } #StopLength"},{"id":"StopStayTime","rule":"{זמן שירות: } #StopStayTime"},{"id":"StopFullTime","rule":"#StopFullTime"},{"id":"StopWaitTime","rule":"{זמן המתנה: } #StopWaitTime"},{"id":"StopViolationTime","rule":"{הפרת זמן: } #StopViolationTime"},{"id":"StopLength","rule":"#StopLength"},{"id":"mobDirectionDrive","rule":"{סע} ({ } #ItemLength)"},{"id":"DirectionLength","rule":"#ItemLength"},{"id":"DirectionTime","rule":"#ItemTime"},{"id":"DirectionCumulativeLength","rule":"#CumulativeDistance"},{"id":"DirectionBranch","rule":"#Branch"},{"id":"DirectionCrossStreet","rule":"#CrossNames"},{"id":"DirectionExitName","rule":"#SignpostExit"},{"id":"mobDirectionAltNames","rule":"ALT_NAME"},{"id":"mobDirectionDayEnd","rule":"{סוף היום}"},{"id":"mobDirectionRestBreak","rule":"{ הפסקת מנוחה}"},{"id":"mobDirectionAfterBreak","rule":"{השאר} ({ ב} NAME)"},{"id":"mobEventLandmarkManeuverGuidance","rule":"{המשך } @@LandmarkPrepositionString(#LandmarkPreposition) { } #FirstUpper(#LandmarkName)"},{"id":"mobEventLandmarkPassageVerification","rule":"{עבור } @@LandmarkPrepositionString(#LandmarkPreposition) { } #LandmarkName ({. זה יהיה ב} #LandmarkPosition)"}],"lookupMapping":[{"id":"ExitNumberString","value":[{"key":"1","value":"{ראשונה}"},{"key":"2","value":"{שניה}"},{"key":"3","value":"{שלישית}"},{"key":"4","value":"{רביעית}"},{"key":"5","value":"{חמישית}"},{"key":"6","value":"{שישית}"},{"key":"7","value":"{שביעית}"},{"key":"8","value":"{שמינית}"},{"key":"9","value":"{תשיעית}"},{"key":"10","value":"{עשירית}"}]},{"id":"LandmarkPrepositionString","value":[{"key":"AFTER","value":"{אחרי}"},{"key":"AT","value":"{ליד}"},{"key":"BEFORE","value":"{לפני}"},{"key":"ONTO","value":"{על}"},{"key":"OVER","value":"{לעבר}"},{"key":"PAST","value":"{עבר}"},{"key":"THROUGH","value":"{דרך}"},{"key":"UNDER","value":"{מתחת}"},{"key":"BY","value":"{דרך}"},{"key":"NEAR","value":"{סמוך}"}]}]}}}]}}