{"directions":{"settings":[{"style":{"id":"NA Navigation","language":{"id":"it","description":"italiano","strings":[{"id":"mobManeuverHeader","rule":"{Partenza} ({ } #StopName)"},{"id":"mobAtExit","rule":"{all'uscita } #SignpostExit { }"},{"id":"mobLandmarkOnTheNearRight","rule":"{vicino a destra}"},{"id":"mobManeuverFooter","rule":"{Arrivo a destinazione} ({, sulla } #StopSide)"},{"id":"mobManeuverDepart","rule":"{Partenza} ({ } #StopName)"},{"id":"mobPathCurveActionMakeSharpRight","rule":"{fare una curva accentuata a destra}"},{"id":"mobManeuverStopArrive","rule":"#FirstUpper((#StopArriveAction ({ } #Azimuth) ({ per } NAME) ))"},{"id":"mobCrossingBorderTurnActionMakeSharpLeft","rule":"{fare una curva accentuata a sinistra}"},{"id":"mobManeuverArrive","rule":"{Arrivo a destinazione} ({, sulla } #StopSide)"},{"id":"mobAzimuthSW","rule":"{Sud ovest}"},{"id":"mobManeuverUTurnViaRamp","rule":"#FirstUpper((#UTurnRampAction { per fare un'inversione a U consentita e tornare indietro} ({ per } NAME) ))"},{"id":"Names","rule":"NAME ({ (} ALT_NAME {)})"},{"id":"ManeuverFerry","rule":"{Imbarcarsi sul} { traghetto} ({ } @@Names)"},{"id":"mobSkipHighwayRampActionBearLeft","rule":"{svoltare a sinistra sulla rampa}"},{"id":"mobManeuverAnyRoad","rule":"#FirstUpper(({andare} ({ } #Azimuth) ({ per } NAME) ({ in direzione di } #CrossNames) ))"},{"id":"mobManeuverCrossingBorderFerry","rule":"#FirstUpper(( ({Entrare in } CROSSADMINBORDER {, }) #FirstUpper(@mobAtExit #CrossingBorderFerryAction ({ sul} {traghetto} ({ } NAME ({ (} ALT_NAME {)})) ) )))"},{"id":"mobManeuverFerryBypass","rule":"{Rimanere sul traghetto per} ({ } #ItemTime) ({ ~ } #ItemLength)"},{"id":"mobEndOfFerryActionGo","rule":"{andare}"},{"id":"mobManeuverOntoHighway","rule":"#FirstUpper(( @mobAtExit #HighwayAction #Select(({ verso } #Branch), ({ per } NAME)) ))"},{"id":"mobHighwayChanges","rule":"#FirstUpper(( @mobAtExit {la strada cambia} #Select(({ per } #Branch), ({ per } NAME)) ))"},{"id":"mobStopArriveActionBack","rule":"{tornare indietro}"},{"id":"mobSkipHighwayRampActionMakeSharpLeft","rule":"{fare una curva accentuata a sinistra sulla rampa}"},{"id":"mobCrossingBorderFerryActionBearRight","rule":"{svoltare a destra}"},{"id":"mobPathCurveActionBearLeft","rule":"{svoltare a sinistra}"},{"id":"mobLocalRoadActionMakeSharpRight","rule":"{fare una curva accentuata a destra}"},{"id":"mobManeuverPathCurves","rule":"#FirstUpper(( @mobAtExit #PathCurveAction @mobAtIntersectionOrCrossNames ({ per rimanere per } NAME) ))"},{"id":"mobLocalRoadActionTurnRight","rule":"{girare a destra}"},{"id":"mobAzimuthS","rule":"{Sud}"},{"id":"mobAtIntersectionOrCrossNames","rule":"#Select(@mobAtIntersectionNames, ({ a } #CrossNames))"},{"id":"mobSkipHighwayRampActionTurnRight","rule":"{girare a destra sulla rampa}"},{"id":"mobCrossingBorderTurnActionGo","rule":"{andare}"},{"id":"mobSkipHighwayRampActionBearRight","rule":"{svoltare a destra sulla rampa}"},{"id":"mobManeuverSkipHighwayRamps","rule":"#FirstUpper(( @mobAtExit #SkipHighwayRampAction #Select(({ e procedere verso } #Branch), ({ e prendere } NAME)) ))"},{"id":"mobManeuverFork","rule":"#FirstUpper((#Select(@mobAtExit, {al bivio }) #ForkAction ({ } #ForkSide) #Select(({ verso } #Branch), ({ per } NAME)) ))"},{"id":"mobStopTimeShort","rule":"{< 1 minuto}"},{"id":"mobAtIntersectionNames","rule":"{ a } #Intersection(NAME) ({ (} #Intersection(ALT_NAME) {)})"},{"id":"mobManeuverTurnOntoLocalRoad","rule":"#FirstUpper(( @mobAtExit #LocalRoadAction @mobAtIntersectionNames ({ per } NAME) ))"},{"id":"mobPathCurveActionContinue","rule":"{continuare}"},{"id":"mobManeuverCrossingBorderTurn","rule":"#FirstUpper(( ({Entrare in } CROSSADMINBORDER {, }) #FirstUpper(@mobAtExit #CrossingBorderTurnAction ({ per } NAME) )))"},{"id":"mobManeuverCrossingBorder","rule":"{Entrare in} ({ } CROSSADMINBORDER)"},{"id":"mobPathCurveActionTurnLeft","rule":"{girare a sinistra}"},{"id":"mobManeuverUTurnViaRoundabout","rule":"@mobRoundaboutHeaderGoBack ({ per } NAME)"},{"id":"mobManeuverRoadSplitToProceed","rule":"#FirstUpper( (@mobAtExit #RoadSplitActionToProceed ({ } #RoadSplitSideToProceed) { to proceed} #Select(({ on } #Branch), ({ on } NAME))) ) "},{"id":"mobRoundaboutHeaderGoBack","rule":"#Select(({Alla rotatoria prendere la } @@ExitNumberString(#ExitNumber) { uscita per tornare indietro}), {Prendere la rotatoria e tornare indietro})"},{"id":"mobUnitSecondNeutral","rule":"{secondo/i}"},{"id":"mobManeuverUTurn","rule":"{Fare inversione a U consentita} @mobAtIntersectionNames { e tornare indietro} ({ per } NAME)"},{"id":"mobManeuverFerry","rule":"{Imbarcarsi sul} { traghetto} ({ } NAME ({ (} ALT_NAME {)}))"},{"id":"mobLocalRoadActionContinue","rule":"{continuare}"},{"id":"mobManeuverEndOfFerry","rule":"#FirstUpper(( @mobAtExit {sbarcare dal traghetto e } #EndOfFerryAction #Select(({ verso } #Branch), ({ per } NAME)) ))"},{"id":"mobManeuverRoadSplitToStay","rule":"#FirstUpper( (@mobAtExit #RoadSplitActionToStay ({ } #RoadSplitSideToStay) { to stay} #Select(({ on } #Branch), ({ on } NAME))) ) "},{"id":"mobUnitNauticalPlural","rule":"{nmi}"},{"id":"mobManeuverStopOnRoundabout","rule":"{Prendere la rotatoria}"},{"id":"mobManeuverSkipRoundabout","rule":"@mobRoundaboutHeader @mobToProceed"},{"id":"mobRoundaboutHeader","rule":"#Select(({Alla rotatoria prendere la } @@ExitNumberString(#ExitNumber) { uscita}), {Prendere la rotatoria})"},{"id":"mobPathCurveActionMakeSharpLeft","rule":"{fare una curva accentuata a sinistra}"},{"id":"mobEndOfFerryActionTurnRight","rule":"{girare a destra}"},{"id":"mobCrossingBorderFerryActionContinue","rule":"{continuare}"},{"id":"DirectionToward","rule":"#Destination"},{"id":"mobToProceed","rule":"{ per procedere} #Select(({ verso } #Branch), ({ per } NAME))"},{"id":"mobSkipHighwayRampActionTurnLeft","rule":"{girare a sinistra sulla rampa}"},{"id":"mobSkipHighwayRampActionAtFork","rule":"#Select(#SkipHighwayRampActionAtFork, {prendere lo svincolo})"},{"id":"mobManeuverSkipRoundaboutRamp","rule":"@mobRoundaboutHeader (#Select(({ per } #Branch), ({ per } NAME)) )"},{"id":"mobManeuverSkipSignpostRamps","rule":"#FirstUpper(( @mobAtExit #SkipSignpostRampAction #Select(({ per } #Branch), ({ per } NAME)) ))"},{"id":"mobAzimuthNE","rule":"{Nord est}"},{"id":"mobAzimuthN","rule":"{Nord}"},{"id":"mobUnitNauticalSingular","rule":"{nmi}"},{"id":"mobPathCurveActionBearRight","rule":"{svoltare a destra}"},{"id":"mobAzimuthE","rule":"{Est}"},{"id":"mobAzimuthSE","rule":"{Sud est}"},{"id":"mobCrossingBorderTurnActionBearRight","rule":"{svoltare a destra}"},{"id":"mobAzimuthW","rule":"{Ovest}"},{"id":"mobAzimuthNW","rule":"{Nord ovest}"},{"id":"mobPathCurveActionTurnRight","rule":"{girare a destra}"},{"id":"mobLocalRoadActionBearRight","rule":"{svoltare a destra}"},{"id":"mobRoadSplitActionToProceedLeft","rule":"{mantenere}"},{"id":"mobLocalRoadActionMakeSharpLeft","rule":"{fare una curva accentuata a sinistra}"},{"id":"mobUTurnRampActionAtForkLeft","rule":"{prendere lo svincolo sulla sinistra}"},{"id":"mobLocalRoadActionTurnLeft","rule":"{girare a sinistra}"},{"id":"mobLocalRoadActionBearLeft","rule":"{svoltare a sinistra}"},{"id":"mobLocalRoadActionGo","rule":"{andare}"},{"id":"mobHighwayActionBearRight","rule":"{svoltare a destra}"},{"id":"mobSkipHighwayRampActionMakeSharpRight","rule":"{fare una curva accentuata a destra sulla rampa}"},{"id":"mobSkipHighwayRampActionTakeRamp","rule":"{prendere lo svincolo}"},{"id":"mobSkipHighwayRampActionAtForkLeft","rule":"{prendere lo svincolo sulla sinistra}"},{"id":"mobSkipHighwayRampActionAtForkRight","rule":"{prendere lo svincolo sulla destra}"},{"id":"mobSkipSignpostRampActionAtFork","rule":"#Select(#SkipSignpostRampActionAtFork, {prendere lo svincolo})"},{"id":"mobSkipSignpostRampActionBearRight","rule":"{svoltare a destra sulla rampa}"},{"id":"mobForkActionLeft","rule":"{mantenere}"},{"id":"StopTimeWindow","rule":"{Finestra temporale: } #StopTimeWindowStart { - } #StopTimeWindowEnd"},{"id":"mobSkipSignpostRampActionTurnRight","rule":"{girare a destra sulla rampa}"},{"id":"mobSkipSignpostRampActionMakeSharpRight","rule":"{fare una curva accentuata a destra sulla rampa}"},{"id":"mobSkipSignpostRampActionMakeSharpLeft","rule":"{fare una curva accentuata a sinistra sulla rampa}"},{"id":"mobSkipSignpostRampActionTurnLeft","rule":"{girare a sinistra sulla rampa}"},{"id":"mobSkipSignpostRampActionBearLeft","rule":"{svoltare a sinistra sulla rampa}"},{"id":"mobSkipSignpostRampActionTakeRamp","rule":"{prendere lo svincolo}"},{"id":"mobSkipSignpostRampActionAtForkLeft","rule":"{prendere lo svincolo sulla sinistra}"},{"id":"mobSkipSignpostRampActionAtForkRight","rule":"{prendere lo svincolo sulla destra}"},{"id":"mobUTurnRampActionFork","rule":"#Select(#UTurnRampActionAtFork, {prendere lo svincolo})"},{"id":"mobUTurnRampActionBearRight","rule":"{svoltare a destra sulla rampa}"},{"id":"mobUTurnRampActionTurnRight","rule":"{girare a destra sulla rampa}"},{"id":"mobUTurnRampActionMakeSharpRight","rule":"{fare una curva accentuata a destra sulla rampa}"},{"id":"mobUTurnRampActionMakeSharpLeft","rule":"{fare una curva accentuata a sinistra sulla rampa}"},{"id":"mobUTurnRampActionTurnLeft","rule":"{girare a sinistra sulla rampa}"},{"id":"mobUTurnRampActionBearLeft","rule":"{svoltare a sinistra sulla rampa}"},{"id":"mobUTurnRampActionTakeRamp","rule":"{prendere lo svincolo}"},{"id":"mobUTurnRampActionAtForkRight","rule":"{prendere lo svincolo sulla destra}"},{"id":"mobHighwayActionGo","rule":"{andare}"},{"id":"DirectionStreet","rule":"NAME"},{"id":"mobHighwayActionTurnRight","rule":"{girare a destra}"},{"id":"mobEndOfFerryActionBearRight","rule":"{svoltare a destra}"},{"id":"mobHighwayActionMakeSharpRight","rule":"{fare una curva accentuata a destra}"},{"id":"mobHighwayActionMakeSharpLeft","rule":"{fare una curva accentuata a sinistra}"},{"id":"mobHighwayActionTurnLeft","rule":"{girare a sinistra}"},{"id":"mobHighwayActionBearLeft","rule":"{svoltare a sinistra}"},{"id":"mobEndOfFerryActionMakeSharpRight","rule":"{fare una curva accentuata a destra}"},{"id":"mobEndOfFerryActionMakeSharpLeft","rule":"{fare una curva accentuata a sinistra}"},{"id":"mobEndOfFerryActionTurnLeft","rule":"{girare a sinistra}"},{"id":"mobEndOfFerryActionBearLeft","rule":"{svoltare a sinistra}"},{"id":"mobStopArriveActionContinue","rule":"{continuare}"},{"id":"DirectionETA","rule":"#ArriveTime"},{"id":"mobStopArriveActionGo","rule":"{andare}"},{"id":"mobForkActionRight","rule":"{mantenere}"},{"id":"mobForkActionStraight","rule":"{andare}"},{"id":"mobForkSideLeft","rule":"{la sinistra}"},{"id":"mobForkSideRight","rule":"{la destra}"},{"id":"mobForkSideStraight","rule":"{diritto}"},{"id":"mobRoadSplitActionToProceedRight","rule":"{mantenere}"},{"id":"mobRoadSplitActionToProceedStraight","rule":"{andare}"},{"id":"mobRoadSplitSideToProceedLeft","rule":"{la sinistra}"},{"id":"mobRoadSplitSideToProceedRight","rule":"{la destra}"},{"id":"mobRoadSplitSideToProceedStraight","rule":"{dritto}"},{"id":"mobRoadSplitActionToStayLeft","rule":"{mantenere}"},{"id":"mobRoadSplitActionToStayRight","rule":"{mantenere}"},{"id":"mobRoadSplitActionToStayStraight","rule":"{andare}"},{"id":"mobRoadSplitSideToStayLeft","rule":"{la sinistra}"},{"id":"mobRoadSplitSideToStayRight","rule":"{la destra}"},{"id":"mobRoadSplitSideToStayStraight","rule":"{dritto}"},{"id":"mobCrossingBorderTurnActionContinue","rule":"{continuare}"},{"id":"mobCrossingBorderTurnActionTurnRight","rule":"{girare a destra}"},{"id":"mobCrossingBorderTurnActionMakeSharpRight","rule":"{fare una curva accentuata a destra}"},{"id":"mobCrossingBorderTurnActionTurnLeft","rule":"{girare a sinistra}"},{"id":"mobCrossingBorderTurnActionBearLeft","rule":"{svoltare a sinistra}"},{"id":"mobCrossingBorderFerryActionTurnRight","rule":"{girare a destra}"},{"id":"mobCrossingBorderFerryActionMakeSharpRight","rule":"{fare una curva accentuata a destra}"},{"id":"mobCrossingBorderFerryActionMakeSharpLeft","rule":"{fare una curva accentuata a sinistra}"},{"id":"mobCrossingBorderFerryActionTurnLeft","rule":"{girare a sinistra}"},{"id":"mobCrossingBorderFerryActionBearLeft","rule":"{svoltare a sinistra}"},{"id":"mobCrossingBorderFerryActionGo","rule":"{andare}"},{"id":"mobDistanceShort","rule":"{< } #MinDistance(1) ({ } #DistanceUnits)"},{"id":"mobDistanceLong","rule":"#Distance(1) ({ } #DistanceUnits)"},{"id":"mobCumulativeDistanceLong","rule":"#Select(#Distance(1), {0}) ({ } #DistanceUnits)"},{"id":"mobTimeShort","rule":"{< 1 minuto}"},{"id":"mobTimeLong","rule":"(#TotalHours(0) { ora/e }) (#RoundedMinutesOfHour(0) { minuto/i})"},{"id":"mobStopTimeLong","rule":"(#TotalHours(0) { ora/e }) (#RoundedMinutesOfHour(0) { minuto/i})"},{"id":"mobTravelTimeShort","rule":"{< 1 minuto}"},{"id":"mobTravelTimeLong","rule":"(#Days(0) { giorno/i }) (#HoursOfDay(0) { ora/e }) (#RoundedMinutesOfHour(0) { minuto/i})"},{"id":"mobSignpostDestination","rule":"#String(0) ({ / } #String(1)) ({ / } #String(2)) ({ / } #String(3)) ({ / } #String(4))"},{"id":"mobStopSideLeft","rule":"{sinistra}"},{"id":"mobStopSideRight","rule":"{destra}"},{"id":"mobCrossNames","rule":"#String(0)"},{"id":"mobLandmarkOnTheLeft","rule":"{sulla sinistra}"},{"id":"mobLandmarkOnTheRight","rule":"{sulla destra}"},{"id":"mobLandmarkOnTheFarLeft","rule":"{lontano a sinistra}"},{"id":"mobLandmarkOnTheFarRight","rule":"{lontano a destra}"},{"id":"mobLandmarkOnTheNearLeft","rule":"{vicino a sinistra}"},{"id":"mobUnitMileSingular","rule":"{miglio}"},{"id":"mobUnitMilePlural","rule":"{miglia}"},{"id":"mobUnitMileNeutral","rule":"{miglio/a}"},{"id":"mobUnitKilometerSingular","rule":"{chilometro}"},{"id":"mobUnitKilometerPlural","rule":"{chilometri}"},{"id":"mobUnitKilometerNeutral","rule":"{chilometro/i}"},{"id":"mobUnitMeterSingular","rule":"{metro}"},{"id":"mobUnitMeterPlural","rule":"{metri}"},{"id":"mobUnitMeterNeutral","rule":"{metro/i}"},{"id":"mobUnitFootSingular","rule":"{piede}"},{"id":"mobUnitFootPlural","rule":"{piedi}"},{"id":"mobUnitFootNeutral","rule":"{piedi}"},{"id":"mobUnitYardSingular","rule":"{iarda}"},{"id":"mobUnitYardPlural","rule":"{iarde}"},{"id":"mobUnitYardNeutral","rule":"{iarda/e}"},{"id":"mobUnitNauticalNeutral","rule":"{nmi}"},{"id":"mobUnitSecondSingular","rule":"{secondo}"},{"id":"mobUnitSecondPlural","rule":"{secondi}"},{"id":"StopSummary","rule":"{Distanza: } #StopLength"},{"id":"StopStayTime","rule":"{Tempo di servizio: } #StopStayTime"},{"id":"StopFullTime","rule":"#StopFullTime"},{"id":"StopWaitTime","rule":"{Tempo di attesa: } #StopWaitTime"},{"id":"StopViolationTime","rule":"{Violazione temporale: } #StopViolationTime"},{"id":"StopLength","rule":"#StopLength"},{"id":"mobDirectionDrive","rule":"{Guida} ({ } #ItemLength)"},{"id":"DirectionLength","rule":"#ItemLength"},{"id":"DirectionTime","rule":"#ItemTime"},{"id":"DirectionCumulativeLength","rule":"#CumulativeDistance"},{"id":"DirectionBranch","rule":"#Branch"},{"id":"DirectionCrossStreet","rule":"#CrossNames"},{"id":"DirectionExitName","rule":"#SignpostExit"},{"id":"mobDirectionAltNames","rule":"ALT_NAME"},{"id":"mobDirectionDayEnd","rule":"{Fine giornata}"},{"id":"mobDirectionRestBreak","rule":"{ Sosta}"},{"id":"mobDirectionAfterBreak","rule":"{Rimanere} ({ per } NAME)"},{"id":"mobEventLandmarkManeuverGuidance","rule":"{Effettuare la manovra } @@LandmarkPrepositionString(#LandmarkPreposition) { } #FirstUpper(#LandmarkName)"},{"id":"mobEventLandmarkPassageVerification","rule":"{Superare } @@LandmarkPrepositionString(#LandmarkPreposition) { } #LandmarkName ({. Si troverà } #LandmarkPosition)"}],"lookupMapping":[{"id":"ExitNumberString","value":[{"key":"1","value":"{prima}"},{"key":"2","value":"{seconda}"},{"key":"3","value":"{terza}"},{"key":"4","value":"{quarta}"},{"key":"5","value":"{quinta}"},{"key":"6","value":"{sesta}"},{"key":"7","value":"{settima}"},{"key":"8","value":"{ottava}"},{"key":"9","value":"{nona}"},{"key":"10","value":"{decima}"}]},{"id":"LandmarkPrepositionString","value":[{"key":"AFTER","value":"{dopo}"},{"key":"AT","value":"{a}"},{"key":"BEFORE","value":"{prima}"},{"key":"ONTO","value":"{su}"},{"key":"OVER","value":"{su}"},{"key":"PAST","value":"{dopo}"},{"key":"THROUGH","value":"{attraverso}"},{"key":"UNDER","value":"{sotto}"},{"key":"BY","value":"{vicino}"},{"key":"NEAR","value":"{vicino}"}]}]}}}]}}