{"directions":{"settings":[{"style":{"id":"NA Navigation","language":{"id":"lv","description":"Latviešu valoda","strings":[{"id":"mobManeuverHeader","rule":"{Atiet} ({ } #StopName)"},{"id":"mobAtExit","rule":"{izejā } #SignpostExit { }"},{"id":"mobLandmarkOnTheNearRight","rule":"{tuvu pa labi}"},{"id":"mobManeuverFooter","rule":"{Nonāk galamērķī} ({, uz } #StopSide)"},{"id":"mobManeuverDepart","rule":"{Atiet} ({ } #StopName)"},{"id":"mobPathCurveActionMakeSharpRight","rule":"{straujš pagrieziens pa labi}"},{"id":"mobManeuverStopArrive","rule":"#FirstUpper((#StopArriveAction ({ } #Azimuth) ({ uz } NAME) ))"},{"id":"mobCrossingBorderTurnActionMakeSharpLeft","rule":"{straujš pagrieziens pa kreisi}"},{"id":"mobManeuverArrive","rule":"{Nonāk galamērķī} ({, uz } #StopSide)"},{"id":"mobAzimuthSW","rule":"{Dienvidrietumi}"},{"id":"mobManeuverUTurnViaRamp","rule":"#FirstUpper((#UTurnRampAction { atļautā vietā veiciet apgriešanos braukšanai pretējā virzienā un dodieties atpakaļ} ({ uz } NAME) ))"},{"id":"Names","rule":"NAME ({ (} ALT_NAME {)})"},{"id":"ManeuverFerry","rule":"{Izmantojiet} ({ } @@Names) { prāmi}"},{"id":"mobSkipHighwayRampActionBearLeft","rule":"{lēnām pagriezieties pa labi uz rampas}"},{"id":"mobManeuverAnyRoad","rule":"#FirstUpper(({dodieties} ({ } #Azimuth) ({ uz } NAME) ({ pretī } #CrossNames) ))"},{"id":"mobManeuverCrossingBorderFerry","rule":"#FirstUpper(( ({Iebraukšana } CROSSADMINBORDER {. }) #FirstUpper(@mobAtExit #CrossingBorderFerryAction ({ uz} ({ } NAME ({ (} ALT_NAME {)})) { prāmis}) )))"},{"id":"mobManeuverFerryBypass","rule":"{Palieciet uz prāmja} ({ } #ItemTime) ({ ~ } #ItemLength)"},{"id":"mobEndOfFerryActionGo","rule":"{doties}"},{"id":"mobManeuverOntoHighway","rule":"#FirstUpper(( @mobAtExit #HighwayAction #Select(({ uz } #Branch), ({ uz } NAME)) ))"},{"id":"mobHighwayChanges","rule":"#FirstUpper(( @mobAtExit {ceļa izmaiņas} #Select(({ uz } #Branch), ({ uz } NAME)) ))"},{"id":"mobStopArriveActionBack","rule":"{doties atpakaļ}"},{"id":"mobSkipHighwayRampActionMakeSharpLeft","rule":"{straujš pagrieziens pa kreisi uz rampas}"},{"id":"mobCrossingBorderFerryActionBearRight","rule":"{lēnām pagriezties pa labi}"},{"id":"mobPathCurveActionBearLeft","rule":"{lēnām pagriezieties pa kreisi}"},{"id":"mobLocalRoadActionMakeSharpRight","rule":"{straujš pagrieziens pa labi}"},{"id":"mobManeuverPathCurves","rule":"#FirstUpper(( @mobAtExit #PathCurveAction @mobAtIntersectionOrCrossNames ({ palieciet uz } NAME) ))"},{"id":"mobLocalRoadActionTurnRight","rule":"{pagriezties pa labi}"},{"id":"mobAzimuthS","rule":"{Dienvidi}"},{"id":"mobAtIntersectionOrCrossNames","rule":"#Select(@mobAtIntersectionNames, ({ uz } #CrossNames))"},{"id":"mobSkipHighwayRampActionTurnRight","rule":"{pagriezieties pa labi uz rampas}"},{"id":"mobCrossingBorderTurnActionGo","rule":"{doties}"},{"id":"mobSkipHighwayRampActionBearRight","rule":"{lēnam pagriezieties pa labi uz rampas}"},{"id":"mobManeuverSkipHighwayRamps","rule":"#FirstUpper(( @mobAtExit #SkipHighwayRampAction #Select(({ un dodaties uz } #Branch), ({ un dodaties uz } NAME)) ))"},{"id":"mobManeuverFork","rule":"#FirstUpper((#Select(@mobAtExit, {atzarojumā }) #ForkAction ({ } #ForkSide) #Select(({ uz } #Branch), ({ uz } NAME)) ))"},{"id":"mobStopTimeShort","rule":"{< 1 minūte}"},{"id":"mobAtIntersectionNames","rule":"{ pie } #Intersection(NAME) ({ (} #Intersection(ALT_NAME) {)})"},{"id":"mobManeuverTurnOntoLocalRoad","rule":"#FirstUpper(( @mobAtExit #LocalRoadAction @mobAtIntersectionNames ({ uz } NAME) ))"},{"id":"mobPathCurveActionContinue","rule":"{turpināt}"},{"id":"mobManeuverCrossingBorderTurn","rule":"#FirstUpper(( ({Iebraukšana } CROSSADMINBORDER {. }) #FirstUpper(@mobAtExit #CrossingBorderTurnAction ({ uz } NAME) )))"},{"id":"mobManeuverCrossingBorder","rule":"{Iebraukšana} ({ } CROSSADMINBORDER)"},{"id":"mobPathCurveActionTurnLeft","rule":"{pagrieziens pa kreisi}"},{"id":"mobManeuverUTurnViaRoundabout","rule":"@mobRoundaboutHeaderGoBack ({ uz } NAME)"},{"id":"mobManeuverRoadSplitToProceed","rule":"#FirstUpper( (@mobAtExit #RoadSplitActionToProceed ({ } #RoadSplitSideToProceed) { lai turpinātu} #Select(({ uz } #Branch), ({ uz } NAME))) ) "},{"id":"mobRoundaboutHeaderGoBack","rule":"#Select(({Apļveida krustojumā } @@ExitNumberString(#ExitNumber) { izeja, lai dotos atpakaļ}), {Izmantojiet apļveida krustojumu un dodieties atpakaļ})"},{"id":"mobUnitSecondNeutral","rule":"{sekundes}"},{"id":"mobManeuverUTurn","rule":"{Atļautā vietā veiciet apgriešanos braukšanai pretējā virzienā} @mobAtIntersectionNames { un dodieties atpakaļ} ({ uz } NAME)"},{"id":"mobManeuverFerry","rule":"{Izmantojiet} ({ } NAME ({ (} ALT_NAME {)})) { prāmi}"},{"id":"mobLocalRoadActionContinue","rule":"{turpināt}"},{"id":"mobManeuverEndOfFerry","rule":"#FirstUpper(( @mobAtExit {nobrauciet no prāmja } #EndOfFerryAction #Select(({ uz } #Branch), ({ uz } NAME)) ))"},{"id":"mobManeuverRoadSplitToStay","rule":"#FirstUpper( (@mobAtExit #RoadSplitActionToStay ({ } #RoadSplitSideToStay) { lai paliktu} #Select(({ uz } #Branch), ({ uz } NAME))) ) "},{"id":"mobUnitNauticalPlural","rule":"{jūras jūdzes}"},{"id":"mobManeuverStopOnRoundabout","rule":"{Apļveida krustojumā}"},{"id":"mobManeuverSkipRoundabout","rule":"@mobRoundaboutHeader @mobToProceed"},{"id":"mobRoundaboutHeader","rule":"#Select(({Apļveida krustojumā } @@ExitNumberString(#ExitNumber) { izeja}), {Apļveida krustojumā})"},{"id":"mobPathCurveActionMakeSharpLeft","rule":"{straujš pagrieziens pa kreisi}"},{"id":"mobEndOfFerryActionTurnRight","rule":"{pagrieziens pa labi}"},{"id":"mobCrossingBorderFerryActionContinue","rule":"{turpināt}"},{"id":"DirectionToward","rule":"#Destination"},{"id":"mobToProceed","rule":"{ turpināt} #Select(({ uz } #Branch), ({ uz } NAME))"},{"id":"mobSkipHighwayRampActionTurnLeft","rule":"{pagrieziens pa kreisi uz rampas}"},{"id":"mobSkipHighwayRampActionAtFork","rule":"#Select(#SkipHighwayRampActionAtFork, {izmantojiet rampu})"},{"id":"mobManeuverSkipRoundaboutRamp","rule":"@mobRoundaboutHeader (#Select(({ to } #Branch), ({ to } NAME)) )"},{"id":"mobManeuverSkipSignpostRamps","rule":"#FirstUpper(( @mobAtExit #SkipSignpostRampAction #Select(({ uz } #Branch), ({ uz } NAME)) ))"},{"id":"mobAzimuthNE","rule":"{Ziemeļaustrumi}"},{"id":"mobAzimuthN","rule":"{Ziemeļi}"},{"id":"mobUnitNauticalSingular","rule":"{jūras jūdze}"},{"id":"mobPathCurveActionBearRight","rule":"{lēnām pagriezties pa labi}"},{"id":"mobAzimuthE","rule":"{Austrumi}"},{"id":"mobAzimuthSE","rule":"{Dienvidaustrumi}"},{"id":"mobCrossingBorderTurnActionBearRight","rule":"{lēnām pagriezties pa labi}"},{"id":"mobAzimuthW","rule":"{Rietumi}"},{"id":"mobAzimuthNW","rule":"{Ziemeļrietumi}"},{"id":"mobPathCurveActionTurnRight","rule":"{pagrieziens pa labi}"},{"id":"mobLocalRoadActionBearRight","rule":"{lēnām pagriezties pa labi}"},{"id":"mobRoadSplitActionToProceedLeft","rule":"{turpiniet}"},{"id":"mobLocalRoadActionMakeSharpLeft","rule":"{straujš pagrieziens pa kreisi}"},{"id":"mobUTurnRampActionAtForkLeft","rule":"{izmantojiet rampu pa kreisi}"},{"id":"mobLocalRoadActionTurnLeft","rule":"{pagrieziens pa kreisi}"},{"id":"mobLocalRoadActionBearLeft","rule":"{lenām pagriezties pa kreisi}"},{"id":"mobLocalRoadActionGo","rule":"{doties}"},{"id":"mobHighwayActionBearRight","rule":"{lēnām pagriezieties pa labi}"},{"id":"mobSkipHighwayRampActionMakeSharpRight","rule":"{straujš pagrieziens pa labi uz rampas}"},{"id":"mobSkipHighwayRampActionTakeRamp","rule":"{izmantojiet rampu}"},{"id":"mobSkipHighwayRampActionAtForkLeft","rule":"{izmantojiet rampu pa kreisi}"},{"id":"mobSkipHighwayRampActionAtForkRight","rule":"{izmantojiet rampu pa labi}"},{"id":"mobSkipSignpostRampActionAtFork","rule":"#Select(#SkipSignpostRampActionAtFork, {izmantojiet rampu})"},{"id":"mobSkipSignpostRampActionBearRight","rule":"{lēnām pagriezieties pa labi uz rampas}"},{"id":"mobForkActionLeft","rule":"{turpiniet}"},{"id":"StopTimeWindow","rule":"{Laika logs: } #StopTimeWindowStart { - } #StopTimeWindowEnd"},{"id":"mobSkipSignpostRampActionTurnRight","rule":"{pagriezieties pa labi uz rampas}"},{"id":"mobSkipSignpostRampActionMakeSharpRight","rule":"{straujš pagrieziens pa labi uz rampas}"},{"id":"mobSkipSignpostRampActionMakeSharpLeft","rule":"{straujš pagrieziens pa kreisi uz rampas}"},{"id":"mobSkipSignpostRampActionTurnLeft","rule":"{pagrieziens pa kreisi uz rampas}"},{"id":"mobSkipSignpostRampActionBearLeft","rule":"{lēnām pagriezieties pa kreisi uz rampas}"},{"id":"mobSkipSignpostRampActionTakeRamp","rule":"{izmantojiet rampu}"},{"id":"mobSkipSignpostRampActionAtForkLeft","rule":"{izmantojiet rampu pa kreisi}"},{"id":"mobSkipSignpostRampActionAtForkRight","rule":"{izmantojiet rampu pa labi}"},{"id":"mobUTurnRampActionFork","rule":"#Select(#UTurnRampActionAtFork, {izmantojiet rapmu})"},{"id":"mobUTurnRampActionBearRight","rule":"{lēnam pagriezieties pa labi uz rampas}"},{"id":"mobUTurnRampActionTurnRight","rule":"{pagriezieties pa labi uz rampas}"},{"id":"mobUTurnRampActionMakeSharpRight","rule":"{straujš pagrieziens pa labi uz rampas}"},{"id":"mobUTurnRampActionMakeSharpLeft","rule":"{straujš pagrieziens pa kreisi uz rampas}"},{"id":"mobUTurnRampActionTurnLeft","rule":"{pagriezieties pa labi uz rampas}"},{"id":"mobUTurnRampActionBearLeft","rule":"{straujš pagrieziens pa labi uz rampas}"},{"id":"mobUTurnRampActionTakeRamp","rule":"{izmantojiet rampu}"},{"id":"mobUTurnRampActionAtForkRight","rule":"{izmantojiet rampu pa labi}"},{"id":"mobHighwayActionGo","rule":"{doties}"},{"id":"DirectionStreet","rule":"NAME"},{"id":"mobHighwayActionTurnRight","rule":"{pagrieziens pa labi}"},{"id":"mobEndOfFerryActionBearRight","rule":"{lēnām pagriezieties pa labi}"},{"id":"mobHighwayActionMakeSharpRight","rule":"{straujš pagrieziens pa labi}"},{"id":"mobHighwayActionMakeSharpLeft","rule":"{straujš pagrieziens pa kreisi}"},{"id":"mobHighwayActionTurnLeft","rule":"{pagrieziens pa kreisi}"},{"id":"mobHighwayActionBearLeft","rule":"{lēnām pagriezieties pa kreisi}"},{"id":"mobEndOfFerryActionMakeSharpRight","rule":"{straujš pagrieziens pa labi}"},{"id":"mobEndOfFerryActionMakeSharpLeft","rule":"{straujš pagrieziens pa kreisi}"},{"id":"mobEndOfFerryActionTurnLeft","rule":"{pagrieziens pa kreisi}"},{"id":"mobEndOfFerryActionBearLeft","rule":"{lēnām pagriezieties pa kreisi}"},{"id":"mobStopArriveActionContinue","rule":"{turpināt}"},{"id":"DirectionETA","rule":"#ArriveTime"},{"id":"mobStopArriveActionGo","rule":"{doties}"},{"id":"mobForkActionRight","rule":"{turpiniet}"},{"id":"mobForkActionStraight","rule":"{doties}"},{"id":"mobForkSideLeft","rule":"{pa kreisi}"},{"id":"mobForkSideRight","rule":"{pa labi}"},{"id":"mobForkSideStraight","rule":"{taisni}"},{"id":"mobRoadSplitActionToProceedRight","rule":"{turpiniet}"},{"id":"mobRoadSplitActionToProceedStraight","rule":"{doties}"},{"id":"mobRoadSplitSideToProceedLeft","rule":"{pa kreisi}"},{"id":"mobRoadSplitSideToProceedRight","rule":"{pa labi}"},{"id":"mobRoadSplitSideToProceedStraight","rule":"{taisni}"},{"id":"mobRoadSplitActionToStayLeft","rule":"{turpiniet}"},{"id":"mobRoadSplitActionToStayRight","rule":"{turpiniet}"},{"id":"mobRoadSplitActionToStayStraight","rule":"{doties}"},{"id":"mobRoadSplitSideToStayLeft","rule":"{pa kreisi}"},{"id":"mobRoadSplitSideToStayRight","rule":"{pa labi}"},{"id":"mobRoadSplitSideToStayStraight","rule":"{taisni}"},{"id":"mobCrossingBorderTurnActionContinue","rule":"{turpināt}"},{"id":"mobCrossingBorderTurnActionTurnRight","rule":"{pagrieziens pa labi}"},{"id":"mobCrossingBorderTurnActionMakeSharpRight","rule":"{straujš pagrieziens pa labi}"},{"id":"mobCrossingBorderTurnActionTurnLeft","rule":"{pagrieziens pa kreisi}"},{"id":"mobCrossingBorderTurnActionBearLeft","rule":"{lēnām pagriezties pa kreisi}"},{"id":"mobCrossingBorderFerryActionTurnRight","rule":"{pagrieziens pa labi}"},{"id":"mobCrossingBorderFerryActionMakeSharpRight","rule":"{straujš pagrieziens pa labi}"},{"id":"mobCrossingBorderFerryActionMakeSharpLeft","rule":"{straujš pagrieziens pa kreisi}"},{"id":"mobCrossingBorderFerryActionTurnLeft","rule":"{pagrieziens pa kreisi}"},{"id":"mobCrossingBorderFerryActionBearLeft","rule":"{lēnām pagriezties pa kreisi}"},{"id":"mobCrossingBorderFerryActionGo","rule":"{doties}"},{"id":"mobDistanceShort","rule":"{< } #MinDistance(1) ({ } #DistanceUnits)"},{"id":"mobDistanceLong","rule":"#Distance(1) ({ } #DistanceUnits)"},{"id":"mobCumulativeDistanceLong","rule":"#Select(#Distance(1), {0}) ({ } #DistanceUnits)"},{"id":"mobTimeShort","rule":"{< 1 minūte}"},{"id":"mobTimeLong","rule":"(#TotalHours(0) { stunda(s) }) (#RoundedMinutesOfHour(0) { minūte(s)})"},{"id":"mobStopTimeLong","rule":"(#TotalHours(0) { stunda(s) }) (#RoundedMinutesOfHour(0) { minūte(s)})"},{"id":"mobTravelTimeShort","rule":"{< 1 minūte}"},{"id":"mobTravelTimeLong","rule":"(#Days(0) { diena(s) }) (#HoursOfDay(0) { stunda(s) }) (#RoundedMinutesOfHour(0) { minūte(s)})"},{"id":"mobSignpostDestination","rule":"#String(0) ({ / } #String(1)) ({ / } #String(2)) ({ / } #String(3)) ({ / } #String(4))"},{"id":"mobStopSideLeft","rule":"{pa kreisi}"},{"id":"mobStopSideRight","rule":"{pa labi}"},{"id":"mobCrossNames","rule":"#String(0)"},{"id":"mobLandmarkOnTheLeft","rule":"{pa kreisi}"},{"id":"mobLandmarkOnTheRight","rule":"{pa labi}"},{"id":"mobLandmarkOnTheFarLeft","rule":"{tālu pa kreisi}"},{"id":"mobLandmarkOnTheFarRight","rule":"{tālu pa labi}"},{"id":"mobLandmarkOnTheNearLeft","rule":"{tuvu pa kreisi}"},{"id":"mobUnitMileSingular","rule":"{jūdze}"},{"id":"mobUnitMilePlural","rule":"{jūdzes}"},{"id":"mobUnitMileNeutral","rule":"{jūdzes}"},{"id":"mobUnitKilometerSingular","rule":"{kilometrs}"},{"id":"mobUnitKilometerPlural","rule":"{kilometri}"},{"id":"mobUnitKilometerNeutral","rule":"{kilometri}"},{"id":"mobUnitMeterSingular","rule":"{metrs}"},{"id":"mobUnitMeterPlural","rule":"{metri}"},{"id":"mobUnitMeterNeutral","rule":"{metri}"},{"id":"mobUnitFootSingular","rule":"{pēda}"},{"id":"mobUnitFootPlural","rule":"{pēdas}"},{"id":"mobUnitFootNeutral","rule":"{pēdas}"},{"id":"mobUnitYardSingular","rule":"{jards}"},{"id":"mobUnitYardPlural","rule":"{jardi}"},{"id":"mobUnitYardNeutral","rule":"{jardi}"},{"id":"mobUnitNauticalNeutral","rule":"{jūras jūdzes}"},{"id":"mobUnitSecondSingular","rule":"{sekunde}"},{"id":"mobUnitSecondPlural","rule":"{sekundes}"},{"id":"StopSummary","rule":"{Distance: } #StopLength"},{"id":"StopStayTime","rule":"{Apkalpošanas laiks: } #StopStayTime"},{"id":"StopFullTime","rule":"#StopFullTime"},{"id":"StopWaitTime","rule":"{Gaidīšanas laiks: } #StopWaitTime"},{"id":"StopViolationTime","rule":"{Laika pārsniegšana: } #StopViolationTime"},{"id":"StopLength","rule":"#StopLength"},{"id":"mobDirectionDrive","rule":"{Braukt} ({ } #ItemLength)"},{"id":"DirectionLength","rule":"#ItemLength"},{"id":"DirectionTime","rule":"#ItemTime"},{"id":"DirectionCumulativeLength","rule":"#CumulativeDistance"},{"id":"DirectionBranch","rule":"#Branch"},{"id":"DirectionCrossStreet","rule":"#CrossNames"},{"id":"DirectionExitName","rule":"#SignpostExit"},{"id":"mobDirectionAltNames","rule":"ALT_NAME"},{"id":"mobDirectionDayEnd","rule":"{Dienas beigas}"},{"id":"mobDirectionRestBreak","rule":"{ Atpūtas pauze}"},{"id":"mobDirectionAfterBreak","rule":"{Palikt} ({ uz } NAME)"},{"id":"mobEventLandmarkManeuverGuidance","rule":"{Veiciet manevru } @@LandmarkPrepositionString(#LandmarkPreposition) { } #FirstUpper(#LandmarkName)"},{"id":"mobEventLandmarkPassageVerification","rule":"{Dodieties garām } @@LandmarkPrepositionString(#LandmarkPreposition) { } #LandmarkName ({. Tas atradīsies} #LandmarkPosition)"}],"lookupMapping":[{"id":"ExitNumberString","value":[{"key":"1","value":"{pirmā}"},{"key":"2","value":"{otrā}"},{"key":"3","value":"{trešā}"},{"key":"4","value":"{ceturtā}"},{"key":"5","value":"{piektā}"},{"key":"6","value":"{sestā}"},{"key":"7","value":"{septītā}"},{"key":"8","value":"{astotā}"},{"key":"9","value":"{devītā}"},{"key":"10","value":"{desmitā}"}]},{"id":"LandmarkPrepositionString","value":[{"key":"AFTER","value":"{pēc tam}"},{"key":"AT","value":"{pie}"},{"key":"BEFORE","value":"{pirms}"},{"key":"ONTO","value":"{uz}"},{"key":"OVER","value":"{virs}"},{"key":"PAST","value":"{pēc}"},{"key":"THROUGH","value":"{cauri}"},{"key":"UNDER","value":"{zem}"},{"key":"BY","value":"{līdz}"},{"key":"NEAR","value":"{netālu}"}]}]}}}]}}