{"directions":{"settings":[{"style":{"id":"NA Navigation","language":{"id":"pt-PT","description":"Português","strings":[{"id":"mobManeuverHeader","rule":"{Partida de} ({ } #StopName)"},{"id":"mobAtExit","rule":"{na saída } #SignpostExit { }"},{"id":"mobLandmarkOnTheNearRight","rule":"{próximo da sua direita}"},{"id":"mobManeuverFooter","rule":"{Chegada ao destino} ({, no } #StopSide)"},{"id":"mobManeuverDepart","rule":"{Partida de} ({ } #StopName)"},{"id":"mobPathCurveActionMakeSharpRight","rule":"{faça a curva apertada à direita}"},{"id":"mobManeuverStopArrive","rule":"#FirstUpper((#StopArriveAction ({ } #Azimuth) ({ na } NAME) ))"},{"id":"mobCrossingBorderTurnActionMakeSharpLeft","rule":"{faça a curva apertada à esquerda}"},{"id":"mobManeuverArrive","rule":"{Chegada ao destino} ({, no } #StopSide)"},{"id":"mobAzimuthSW","rule":"{Sudoeste}"},{"id":"mobManeuverUTurnViaRamp","rule":"#FirstUpper((#UTurnRampAction { para fazer uma inversão de marcha permitida e voltar para trás} ({ na } NAME) ))"},{"id":"Names","rule":"NAME ({ (} ALT_NAME {)})"},{"id":"ManeuverFerry","rule":"{Apanhe o} ({ } @@Names) { ferry}"},{"id":"mobSkipHighwayRampActionBearLeft","rule":"{desloque-se pela esquerda para a rampa}"},{"id":"mobManeuverAnyRoad","rule":"#FirstUpper(({siga para} ({ } #Azimuth) ({ na } NAME) ({ em direcção a } #CrossNames) ))"},{"id":"mobManeuverCrossingBorderFerry","rule":"#FirstUpper(( ({Entre } CROSSADMINBORDER {, }) @mobAtExit #CrossingBorderFerryAction ({ no} ({ } NAME ({ (} ALT_NAME {)})) { ferry}) ))"},{"id":"mobManeuverFerryBypass","rule":"{Fique no ferry} ({ } #ItemTime) ({ ~ } #ItemLength)"},{"id":"mobEndOfFerryActionGo","rule":"{siga para}"},{"id":"mobManeuverOntoHighway","rule":"#FirstUpper(( @mobAtExit #HighwayAction #Select(({ na } #Branch), ({ na } NAME)) ))"},{"id":"mobHighwayChanges","rule":"#FirstUpper(( @mobAtExit {road changes} #Select(({ para } #Branch), ({ para } NAME)) ))"},{"id":"mobStopArriveActionBack","rule":"{volte para trás}"},{"id":"mobSkipHighwayRampActionMakeSharpLeft","rule":"{faça a curva apertada à esquerda para a rampa}"},{"id":"mobCrossingBorderFerryActionBearRight","rule":"{desloque-se pela direita}"},{"id":"mobPathCurveActionBearLeft","rule":"{desloque-se pela esquerda}"},{"id":"mobLocalRoadActionMakeSharpRight","rule":"{faça a curva apertada à direita}"},{"id":"mobManeuverPathCurves","rule":"#FirstUpper(( @mobAtExit #PathCurveAction @mobAtIntersectionOrCrossNames ({ para ficar na } NAME) ))"},{"id":"mobLocalRoadActionTurnRight","rule":"{vire à direita}"},{"id":"mobAzimuthS","rule":"{Sul}"},{"id":"mobAtIntersectionOrCrossNames","rule":"#Select(@mobAtIntersectionNames, ({ na } #CrossNames))"},{"id":"mobSkipHighwayRampActionTurnRight","rule":"{vire à direita para a rampa}"},{"id":"mobCrossingBorderTurnActionGo","rule":"{siga para}"},{"id":"mobSkipHighwayRampActionBearRight","rule":"{desloque-se pela direita para a rampa}"},{"id":"mobManeuverSkipHighwayRamps","rule":"#FirstUpper(( @mobAtExit #SkipHighwayRampAction #Select(({ e continue } #Branch), ({ e continue } NAME)) ))"},{"id":"mobManeuverFork","rule":"#FirstUpper((#Select(@mobAtExit, {na bifurcação }) #ForkAction ({ } #ForkSide) #Select(({ na } #Branch), ({ na } NAME)) ))"},{"id":"mobStopTimeShort","rule":"{< 1 minuto}"},{"id":"mobAtIntersectionNames","rule":"{ na } #Intersection(NAME) ({ (} #Intersection(ALT_NAME) {)})"},{"id":"mobManeuverTurnOntoLocalRoad","rule":"#FirstUpper(( @mobAtExit #LocalRoadAction @mobAtIntersectionNames ({ na } NAME) ))"},{"id":"mobPathCurveActionContinue","rule":"{continue}"},{"id":"mobManeuverCrossingBorderTurn","rule":"#FirstUpper(( ({Entre } CROSSADMINBORDER {, }) @mobAtExit #CrossingBorderTurnAction ({ na } NAME) ))"},{"id":"mobManeuverCrossingBorder","rule":"{Entre} ({ } CROSSADMINBORDER)"},{"id":"mobPathCurveActionTurnLeft","rule":"{vire à esquerda}"},{"id":"mobManeuverUTurnViaRoundabout","rule":"@mobRoundaboutHeaderGoBack ({ na } NAME)"},{"id":"mobManeuverRoadSplitToProceed","rule":"#FirstUpper( (@mobAtExit #RoadSplitActionToProceed ({ } #RoadSplitSideToProceed) { to proceed} #Select(({ on } #Branch), ({ on } NAME))) ) "},{"id":"mobRoundaboutHeaderGoBack","rule":"#Select(({Na rotunda, apanhe a } @@ExitNumberString(#ExitNumber) { saída para voltar para trás}), {Apanhe a rotunda e volte para trás})"},{"id":"mobUnitSecondNeutral","rule":"{segundo(s)}"},{"id":"mobManeuverUTurn","rule":"{Faça uma inversão de marcha permitida} @mobAtIntersectionNames { e volte para trás} ({ na } NAME)"},{"id":"mobManeuverFerry","rule":"{Apanhe o} ({ } NAME ({ (} ALT_NAME {)})) { ferry}"},{"id":"mobLocalRoadActionContinue","rule":"{continue}"},{"id":"mobManeuverEndOfFerry","rule":"#FirstUpper(( @mobAtExit {saía do ferry e } #EndOfFerryAction #Select(({ na } #Branch), ({ na } NAME)) ))"},{"id":"mobManeuverRoadSplitToStay","rule":"#FirstUpper( (@mobAtExit #RoadSplitActionToStay ({ } #RoadSplitSideToStay) { to stay} #Select(({ on } #Branch), ({ on } NAME))) ) "},{"id":"mobUnitNauticalPlural","rule":"{milhas náuticas}"},{"id":"mobManeuverStopOnRoundabout","rule":"{Apanhe a rotunda}"},{"id":"mobManeuverSkipRoundabout","rule":"@mobRoundaboutHeader @mobToProceed"},{"id":"mobRoundaboutHeader","rule":"#Select(({Na rotunda, apanhe a } @@ExitNumberString(#ExitNumber) { saída}), {Apanhe a rotunda})"},{"id":"mobPathCurveActionMakeSharpLeft","rule":"{faça a curva apertada à esquerda}"},{"id":"mobEndOfFerryActionTurnRight","rule":"{vire à direita}"},{"id":"mobCrossingBorderFerryActionContinue","rule":"{continue}"},{"id":"DirectionToward","rule":"#Destination"},{"id":"mobToProceed","rule":"{ para prosseguir} #Select(({ na } #Branch), ({ na } NAME))"},{"id":"mobSkipHighwayRampActionTurnLeft","rule":"{vire à esquerda para a rampa}"},{"id":"mobSkipHighwayRampActionAtFork","rule":"#Select(#SkipHighwayRampActionAtFork, {apanhe a rampa})"},{"id":"mobManeuverSkipRoundaboutRamp","rule":"@mobRoundaboutHeader (#Select(({ para } #Branch), ({ para } NAME)) )"},{"id":"mobManeuverSkipSignpostRamps","rule":"#FirstUpper(( @mobAtExit #SkipSignpostRampAction #Select(({ to } #Branch), ({ to } NAME)) ))"},{"id":"mobAzimuthNE","rule":"{Nordeste}"},{"id":"mobAzimuthN","rule":"{Norte}"},{"id":"mobUnitNauticalSingular","rule":"{milha náutica}"},{"id":"mobPathCurveActionBearRight","rule":"{desloque-se pela direita}"},{"id":"mobAzimuthE","rule":"{Este}"},{"id":"mobAzimuthSE","rule":"{Sudeste}"},{"id":"mobCrossingBorderTurnActionBearRight","rule":"{desloque-se pela direita}"},{"id":"mobAzimuthW","rule":"{Oeste}"},{"id":"mobAzimuthNW","rule":"{Noroeste}"},{"id":"mobPathCurveActionTurnRight","rule":"{vire à direita}"},{"id":"mobLocalRoadActionBearRight","rule":"{desloque-se pela direita}"},{"id":"mobRoadSplitActionToProceedLeft","rule":"{mantenha-se}"},{"id":"mobLocalRoadActionMakeSharpLeft","rule":"{faça a curva apertada à esquerda}"},{"id":"mobUTurnRampActionAtForkLeft","rule":"{apanhe a rampa à esquerda}"},{"id":"mobLocalRoadActionTurnLeft","rule":"{vire à esquerda}"},{"id":"mobLocalRoadActionBearLeft","rule":"{desloque-se pela esquerda}"},{"id":"mobLocalRoadActionGo","rule":"{siga para}"},{"id":"mobHighwayActionBearRight","rule":"{desloque-se pela direita}"},{"id":"mobSkipHighwayRampActionMakeSharpRight","rule":"{faça a curva apertada à direita para a rampa}"},{"id":"mobSkipHighwayRampActionTakeRamp","rule":"{apanhe a rampa}"},{"id":"mobSkipHighwayRampActionAtForkLeft","rule":"{apanhe a rampa à esquerda}"},{"id":"mobSkipHighwayRampActionAtForkRight","rule":"{apanhe a rampa à direita}"},{"id":"mobSkipSignpostRampActionAtFork","rule":"#Select(#SkipSignpostRampActionAtFork, {apanhe a rampa})"},{"id":"mobSkipSignpostRampActionBearRight","rule":"{desloque-se pela direita para a rampa}"},{"id":"mobForkActionLeft","rule":"{mantenha-se}"},{"id":"StopTimeWindow","rule":"{Janela temporal: } #StopTimeWindowStart { - } #StopTimeWindowEnd"},{"id":"mobSkipSignpostRampActionTurnRight","rule":"{vire à direita para a rampa}"},{"id":"mobSkipSignpostRampActionMakeSharpRight","rule":"{faça a curva apertada à direita para a rampa}"},{"id":"mobSkipSignpostRampActionMakeSharpLeft","rule":"{faça a curva apertada à esquerda para a rampa}"},{"id":"mobSkipSignpostRampActionTurnLeft","rule":"{vire à esquerda para a rampa}"},{"id":"mobSkipSignpostRampActionBearLeft","rule":"{desloque-se pela esquerda para a rampa}"},{"id":"mobSkipSignpostRampActionTakeRamp","rule":"{apanhe a rampa}"},{"id":"mobSkipSignpostRampActionAtForkLeft","rule":"{apanhe a rampa à esquerda}"},{"id":"mobSkipSignpostRampActionAtForkRight","rule":"{apanhe a rampa à direita}"},{"id":"mobUTurnRampActionFork","rule":"#Select(#UTurnRampActionAtFork, {apanhe a rampa})"},{"id":"mobUTurnRampActionBearRight","rule":"{desloque-se pela direita para a rampa}"},{"id":"mobUTurnRampActionTurnRight","rule":"{vire à direita para a rampa}"},{"id":"mobUTurnRampActionMakeSharpRight","rule":"{faça a curva apertada à direita para a rampa}"},{"id":"mobUTurnRampActionMakeSharpLeft","rule":"{faça a curva apertada à esquerda para a rampa}"},{"id":"mobUTurnRampActionTurnLeft","rule":"{vire à esquerda para a rampa}"},{"id":"mobUTurnRampActionBearLeft","rule":"{desloque-se pela esquerda para a rampa}"},{"id":"mobUTurnRampActionTakeRamp","rule":"{apanhe a rampa}"},{"id":"mobUTurnRampActionAtForkRight","rule":"{apanhe a rampa à direita}"},{"id":"mobHighwayActionGo","rule":"{siga para}"},{"id":"DirectionStreet","rule":"NAME"},{"id":"mobHighwayActionTurnRight","rule":"{vire à direita}"},{"id":"mobEndOfFerryActionBearRight","rule":"{desloque-se pela direita}"},{"id":"mobHighwayActionMakeSharpRight","rule":"{faça a curva apertada à direita}"},{"id":"mobHighwayActionMakeSharpLeft","rule":"{faça a curva apertada à esquerda}"},{"id":"mobHighwayActionTurnLeft","rule":"{vire à esquerda}"},{"id":"mobHighwayActionBearLeft","rule":"{desloque-se pela esquerda}"},{"id":"mobEndOfFerryActionMakeSharpRight","rule":"{faça a curva apertada à direita}"},{"id":"mobEndOfFerryActionMakeSharpLeft","rule":"{faça a curva apertada à esquerda}"},{"id":"mobEndOfFerryActionTurnLeft","rule":"{vire à esquerda}"},{"id":"mobEndOfFerryActionBearLeft","rule":"{desloque-se pela esquerda}"},{"id":"mobStopArriveActionContinue","rule":"{continue}"},{"id":"DirectionETA","rule":"#ArriveTime"},{"id":"mobStopArriveActionGo","rule":"{siga para}"},{"id":"mobForkActionRight","rule":"{mantenha-se}"},{"id":"mobForkActionStraight","rule":"{siga}"},{"id":"mobForkSideLeft","rule":"{à esquerda}"},{"id":"mobForkSideRight","rule":"{à direita}"},{"id":"mobForkSideStraight","rule":"{em frente}"},{"id":"mobRoadSplitActionToProceedRight","rule":"{mantenha-se}"},{"id":"mobRoadSplitActionToProceedStraight","rule":"{siga}"},{"id":"mobRoadSplitSideToProceedLeft","rule":"{à esquerda}"},{"id":"mobRoadSplitSideToProceedRight","rule":"{à direita}"},{"id":"mobRoadSplitSideToProceedStraight","rule":"{em frente}"},{"id":"mobRoadSplitActionToStayLeft","rule":"{mantenha-se}"},{"id":"mobRoadSplitActionToStayRight","rule":"{mantenha-se}"},{"id":"mobRoadSplitActionToStayStraight","rule":"{siga}"},{"id":"mobRoadSplitSideToStayLeft","rule":"{à esquerda}"},{"id":"mobRoadSplitSideToStayRight","rule":"{à direita}"},{"id":"mobRoadSplitSideToStayStraight","rule":"{em frente}"},{"id":"mobCrossingBorderTurnActionContinue","rule":"{continue}"},{"id":"mobCrossingBorderTurnActionTurnRight","rule":"{vire à direita}"},{"id":"mobCrossingBorderTurnActionMakeSharpRight","rule":"{faça a curva apertada à direita}"},{"id":"mobCrossingBorderTurnActionTurnLeft","rule":"{vire à esquerda}"},{"id":"mobCrossingBorderTurnActionBearLeft","rule":"{desloque-se pela esquerda}"},{"id":"mobCrossingBorderFerryActionTurnRight","rule":"{vire à direita}"},{"id":"mobCrossingBorderFerryActionMakeSharpRight","rule":"{faça a curva apertada à direita}"},{"id":"mobCrossingBorderFerryActionMakeSharpLeft","rule":"{faça a curva apertada à esquerda}"},{"id":"mobCrossingBorderFerryActionTurnLeft","rule":"{vire à esquerda}"},{"id":"mobCrossingBorderFerryActionBearLeft","rule":"{desloque-se pela esquerda}"},{"id":"mobCrossingBorderFerryActionGo","rule":"{siga para}"},{"id":"mobDistanceShort","rule":"{< } #MinDistance(1) ({ } #DistanceUnits)"},{"id":"mobDistanceLong","rule":"#Distance(1) ({ } #DistanceUnits)"},{"id":"mobCumulativeDistanceLong","rule":"#Select(#Distance(1), {0}) ({ } #DistanceUnits)"},{"id":"mobTimeShort","rule":"{< 1 minuto}"},{"id":"mobTimeLong","rule":"(#TotalHours(0) { hora(s) }) (#RoundedMinutesOfHour(0) { minuto(s)})"},{"id":"mobStopTimeLong","rule":"(#TotalHours(0) { hour(s) }) (#RoundedMinutesOfHour(0) { minuto(s)})"},{"id":"mobTravelTimeShort","rule":"{< 1 minuto}"},{"id":"mobTravelTimeLong","rule":"(#Days(0) { dia(s) }) (#HoursOfDay(0) { hora(s) }) (#RoundedMinutesOfHour(0) { minuto(s)})"},{"id":"mobSignpostDestination","rule":"#String(0) ({ / } #String(1)) ({ / } #String(2)) ({ / } #String(3)) ({ / } #String(4))"},{"id":"mobStopSideLeft","rule":"{à esquerda}"},{"id":"mobStopSideRight","rule":"{à direita}"},{"id":"mobCrossNames","rule":"#String(0)"},{"id":"mobLandmarkOnTheLeft","rule":"{à sua esquerda}"},{"id":"mobLandmarkOnTheRight","rule":"{à sua direita}"},{"id":"mobLandmarkOnTheFarLeft","rule":"{distante da sua esquerda}"},{"id":"mobLandmarkOnTheFarRight","rule":"{distante da sua direita}"},{"id":"mobLandmarkOnTheNearLeft","rule":"{próximo da sua esquerda}"},{"id":"mobUnitMileSingular","rule":"{milha}"},{"id":"mobUnitMilePlural","rule":"{milhas}"},{"id":"mobUnitMileNeutral","rule":"{milha(s)}"},{"id":"mobUnitKilometerSingular","rule":"{quilómetro}"},{"id":"mobUnitKilometerPlural","rule":"{quilómetros}"},{"id":"mobUnitKilometerNeutral","rule":"{quilómetro(s)}"},{"id":"mobUnitMeterSingular","rule":"{metro}"},{"id":"mobUnitMeterPlural","rule":"{metros}"},{"id":"mobUnitMeterNeutral","rule":"{metro(s)}"},{"id":"mobUnitFootSingular","rule":"{pé}"},{"id":"mobUnitFootPlural","rule":"{pés}"},{"id":"mobUnitFootNeutral","rule":"{pé(s)}"},{"id":"mobUnitYardSingular","rule":"{jarda}"},{"id":"mobUnitYardPlural","rule":"{jardas}"},{"id":"mobUnitYardNeutral","rule":"{jarda(s)}"},{"id":"mobUnitNauticalNeutral","rule":"{milha(s) náutica(s)}"},{"id":"mobUnitSecondSingular","rule":"{segundo}"},{"id":"mobUnitSecondPlural","rule":"{segundos}"},{"id":"StopSummary","rule":"{Distância: } #StopLength"},{"id":"StopStayTime","rule":"{Tempo de serviço: } #StopStayTime"},{"id":"StopFullTime","rule":"#StopFullTime"},{"id":"StopWaitTime","rule":"{Tempo de espera: } #StopWaitTime"},{"id":"StopViolationTime","rule":"{Tempo de violação: } #StopViolationTime"},{"id":"StopLength","rule":"#StopLength"},{"id":"mobDirectionDrive","rule":"{Conduza } ({ } #ItemLength)"},{"id":"DirectionLength","rule":"#ItemLength"},{"id":"DirectionTime","rule":"#ItemTime"},{"id":"DirectionCumulativeLength","rule":"#CumulativeDistance"},{"id":"DirectionBranch","rule":"#Branch"},{"id":"DirectionCrossStreet","rule":"#CrossNames"},{"id":"DirectionExitName","rule":"#SignpostExit"},{"id":"mobDirectionAltNames","rule":"ALT_NAME"},{"id":"mobDirectionDayEnd","rule":"{Fim do dia}"},{"id":"mobDirectionRestBreak","rule":"{Pausa para descanso}"},{"id":"mobDirectionAfterBreak","rule":"{Fique} ({ em } NAME)"},{"id":"mobEventLandmarkManeuverGuidance","rule":"{Efetue a manobra } @@LandmarkPrepositionString(#LandmarkPreposition) { } #FirstUpper(#LandmarkName)"},{"id":"mobEventLandmarkPassageVerification","rule":"{Passe } @@LandmarkPrepositionString(#LandmarkPreposition) { } #LandmarkName ({. Ficará } #LandmarkPosition)"}],"lookupMapping":[{"id":"ExitNumberString","value":[{"key":"1","value":"{ primeira }"},{"key":"2","value":"{ segunda }"},{"key":"3","value":"{ terceira }"},{"key":"4","value":"{ quarta }"},{"key":"5","value":"{ quinta }"},{"key":"6","value":"{ sexta }"},{"key":"7","value":"{ sétima }"},{"key":"8","value":"{ oitava }"},{"key":"9","value":"{ nona }"},{"key":"10","value":"{ décima}"}]},{"id":"LandmarkPrepositionString","value":[{"key":"AFTER","value":"{depois de}"},{"key":"AT","value":"{em}"},{"key":"BEFORE","value":"{antes de}"},{"key":"ONTO","value":"{em direção a}"},{"key":"OVER","value":"{por cima de}"},{"key":"PAST","value":"{para além de}"},{"key":"THROUGH","value":"{através de}"},{"key":"UNDER","value":"{por baixo de}"},{"key":"BY","value":"{por}"},{"key":"NEAR","value":"{perto de}"}]}]}}}]}}