{"directions":{"settings":[{"style":{"id":"NA Navigation","language":{"id":"ar","description":"العربية","strings":[{"id":"mobManeuverHeader","rule":"{المغادرة من} ({ من} #StopName)"},{"id":"mobAtExit","rule":"{عند مَخرج } {(} #SignpostExit {)،} { }"},{"id":"mobLandmarkOnTheNearRight","rule":"{اليمين القريب}"},{"id":"mobManeuverFooter","rule":"{الوصول إلى المكان المقصود} ({، على } #StopSide)"},{"id":"mobManeuverDepart","rule":"{المغادرة من} ({ } #StopName)"},{"id":"mobPathCurveActionMakeSharpRight","rule":"{الاستدارة بحدة نحو اليمين}"},{"id":"mobManeuverStopArrive","rule":"#FirstUpper((#StopArriveAction ({ نحو } #Azimuth) ({ على } NAME) ))"},{"id":"mobCrossingBorderTurnActionMakeSharpLeft","rule":"{الاستدارة بحدة نحو اليسار}"},{"id":"mobManeuverArrive","rule":"{الوصول إلى المكان المقصود} ({، على } #StopSide)"},{"id":"mobAzimuthSW","rule":"{جنوب غرب}"},{"id":"mobManeuverUTurnViaRamp","rule":"#FirstUpper((#UTurnRampAction { للاستدارة إلى الخلف بصورة قانونية والرجوع} ({ على } NAME) ))"},{"id":"Names","rule":"NAME ({ (} ALT_NAME {)})"},{"id":"ManeuverFerry","rule":"{استخدام عَبّارة} ({ } @@Names) { }"},{"id":"mobSkipHighwayRampActionBearLeft","rule":"{الانعطاف نحو اليسار إلى مَنفَذ الطريق السريع}"},{"id":"mobManeuverAnyRoad","rule":"#FirstUpper(({السير نحو} ({ } #Azimuth) ({ على } NAME) ({ باتجاه } #CrossNames) ))"},{"id":"mobManeuverCrossingBorderFerry","rule":"#FirstUpper(( ({الدخول إلى } CROSSADMINBORDER {، }) @mobAtExit #CrossingBorderFerryAction ({ على} ({ } NAME ({ (} ALT_NAME {)})) { عَبّارة}) ))"},{"id":"mobManeuverFerryBypass","rule":"{البقاء على العَبّارة } ({ لمدة} #ItemTime) ({ لمسافة تُقارب } #ItemLength)"},{"id":"mobEndOfFerryActionGo","rule":"{السير}"},{"id":"mobManeuverOntoHighway","rule":"#FirstUpper(( @mobAtExit #HighwayAction #Select(({ على } #Branch), ({ على } NAME)) ))"},{"id":"mobHighwayChanges","rule":"#FirstUpper(( @mobAtExit {تَغير للطريق} #Select(({ المؤدي إلى } #Branch), ({ المؤدي إلى } NAME)) ))"},{"id":"mobStopArriveActionBack","rule":"{الرجوع}"},{"id":"mobSkipHighwayRampActionMakeSharpLeft","rule":"{الاستدارة بحدة نحو اليسار إلى مَنفَذ الطريق السريع}"},{"id":"mobCrossingBorderFerryActionBearRight","rule":"{الانعطاف نحو اليمين}"},{"id":"mobPathCurveActionBearLeft","rule":"{الانعطاف نحو اليسار}"},{"id":"mobLocalRoadActionMakeSharpRight","rule":"{الاستدارة بحدة نحو اليمين}"},{"id":"mobManeuverPathCurves","rule":"#FirstUpper(( @mobAtExit #PathCurveAction @mobAtIntersectionOrCrossNames ({ للاستمرار على } NAME) ))"},{"id":"mobLocalRoadActionTurnRight","rule":"{الاستدارة نحو اليمين}"},{"id":"mobAzimuthS","rule":"{الجنوب}"},{"id":"mobAtIntersectionOrCrossNames","rule":"#Select(@mobAtIntersectionNames, ({ عند } #CrossNames))"},{"id":"mobSkipHighwayRampActionTurnRight","rule":"{الاستدارة نحو اليمين إلى مَنفَذ الطريق السريع}"},{"id":"mobCrossingBorderTurnActionGo","rule":"{السير}"},{"id":"mobSkipHighwayRampActionBearRight","rule":"{الانعطاف نحو اليمين إلى مَنفَذ الطريق السريع}"},{"id":"mobManeuverSkipHighwayRamps","rule":"#FirstUpper(( @mobAtExit #SkipHighwayRampAction #Select(({ والسير على } #Branch), ({ والسير على } NAME)) ))"},{"id":"mobManeuverFork","rule":"#FirstUpper((#Select(@mobAtExit, {عند المَفرق، }) #ForkAction ({ نحو } #ForkSide) #Select(({ على } #Branch), ({ على } NAME)) ))"},{"id":"mobStopTimeShort","rule":"{< 1 دقيقة}"},{"id":"mobAtIntersectionNames","rule":"{ عند } #Intersection(NAME) ({ (} #Intersection(ALT_NAME) {)})"},{"id":"mobManeuverTurnOntoLocalRoad","rule":"#FirstUpper(( @mobAtExit #LocalRoadAction @mobAtIntersectionNames ({ على } NAME) ))"},{"id":"mobPathCurveActionContinue","rule":"{الاستمرار}"},{"id":"mobManeuverCrossingBorderTurn","rule":"#FirstUpper(( ({الدخول إلى } CROSSADMINBORDER {، }) @mobAtExit #CrossingBorderTurnAction ({ على } NAME) ))"},{"id":"mobManeuverCrossingBorder","rule":"{الدخول } ({ إلى} CROSSADMINBORDER)"},{"id":"mobPathCurveActionTurnLeft","rule":"{الاستدارة نحو اليسار}"},{"id":"mobManeuverUTurnViaRoundabout","rule":"@mobRoundaboutHeaderGoBack ({ على } NAME)"},{"id":"mobManeuverRoadSplitToProceed","rule":"#FirstUpper( (@mobAtExit #RoadSplitActionToProceed ({ } #RoadSplitSideToProceed) { للاستمرار} #Select(({ على } #Branch), ({ على } NAME))) ) "},{"id":"mobRoundaboutHeaderGoBack","rule":"#Select(({عند ساحة الدوران، سُلوك المخرج } @@ExitNumberString(#ExitNumber) { للرجوع}), {سُلوك ساحة الدوران والرجوع})"},{"id":"mobUnitSecondNeutral","rule":"{ثانية}"},{"id":"mobManeuverUTurn","rule":"{الاستدارة إلى الخلف بصورة قانونية} @mobAtIntersectionNames { والرجوع} ({ على } NAME)"},{"id":"mobManeuverFerry","rule":"{استخدام} ({ } NAME ({ (} ALT_NAME {)})) { عَبّارة}"},{"id":"mobLocalRoadActionContinue","rule":"{الاستمرار}"},{"id":"mobManeuverEndOfFerry","rule":"#FirstUpper(( @mobAtExit {المغادرة من ألعَبّارة و} #EndOfFerryAction #Select(({ على } #Branch), ({ على } NAME)) ))"},{"id":"mobManeuverRoadSplitToStay","rule":"#FirstUpper( (@mobAtExit #RoadSplitActionToStay ({ } #RoadSplitSideToStay) { للبقاء} #Select(({ على } #Branch), ({ على } NAME))) ) "},{"id":"mobUnitNauticalPlural","rule":"{ميل بحري}"},{"id":"mobManeuverStopOnRoundabout","rule":"{سُلوك ساحة الدوران}"},{"id":"mobManeuverSkipRoundabout","rule":"@mobRoundaboutHeader @mobToProceed"},{"id":"mobRoundaboutHeader","rule":"#Select(({عند ساحة الدوران، سُلوك المخرج } @@ExitNumberString(#ExitNumber) { }), {سُلوك ساحة الدوران})"},{"id":"mobPathCurveActionMakeSharpLeft","rule":"{الاستدارة بحدة نحو اليسار}"},{"id":"mobEndOfFerryActionTurnRight","rule":"{الاستدارة نحو اليمين}"},{"id":"mobCrossingBorderFerryActionContinue","rule":"{الاستمرار}"},{"id":"DirectionToward","rule":"#Destination"},{"id":"mobToProceed","rule":"{ للاستمرار} #Select(({ على } #Branch), ({ على } NAME))"},{"id":"mobSkipHighwayRampActionTurnLeft","rule":"{الاستدارة نحو اليسار إلى مَنفَذ الطريق السريع}"},{"id":"mobSkipHighwayRampActionAtFork","rule":"#Select(#SkipHighwayRampActionAtFork, {سُلوك مَنفَذ الطريق السريع})"},{"id":"mobManeuverSkipRoundaboutRamp","rule":"@mobRoundaboutHeader (#Select(({ إلى } #Branch), ({ إلى } NAME)) )"},{"id":"mobManeuverSkipSignpostRamps","rule":"#FirstUpper(( @mobAtExit #SkipSignpostRampAction #Select(({ المؤدي إلى } #Branch), ({ المؤدي إلى } NAME)) ))"},{"id":"mobAzimuthNE","rule":"{شمال شرق}"},{"id":"mobAzimuthN","rule":"{الشمال}"},{"id":"mobUnitNauticalSingular","rule":"{ميل بحري}"},{"id":"mobPathCurveActionBearRight","rule":"{الانعطاف نحو اليمين}"},{"id":"mobAzimuthE","rule":"{الشرق}"},{"id":"mobAzimuthSE","rule":"{جنوب شرق}"},{"id":"mobCrossingBorderTurnActionBearRight","rule":"{الانعطاف نحو اليمين}"},{"id":"mobAzimuthW","rule":"{الغرب}"},{"id":"mobAzimuthNW","rule":"{شمال غرب}"},{"id":"mobPathCurveActionTurnRight","rule":"{الاستدارة نحو اليمين}"},{"id":"mobLocalRoadActionBearRight","rule":"{الانعطاف نحو اليمين}"},{"id":"mobRoadSplitActionToProceedLeft","rule":"{الاستمرار}"},{"id":"mobLocalRoadActionMakeSharpLeft","rule":"{الاستدارة بحدة نحو اليسار}"},{"id":"mobUTurnRampActionAtForkLeft","rule":"{سُلوك مَنفَذ الطريق السريع نحو اليسار}"},{"id":"mobLocalRoadActionTurnLeft","rule":"{الاستدارة نحو اليسار}"},{"id":"mobLocalRoadActionBearLeft","rule":"{الانعطاف نحو اليسار}"},{"id":"mobLocalRoadActionGo","rule":"{السير}"},{"id":"mobHighwayActionBearRight","rule":"{الانعطاف نحو اليمين}"},{"id":"mobSkipHighwayRampActionMakeSharpRight","rule":"{الاستدارة بحدة نحو اليمين إلى مَنفَذ الطريق السريع}"},{"id":"mobSkipHighwayRampActionTakeRamp","rule":"{سُلوك مَنفَذ الطريق السريع}"},{"id":"mobSkipHighwayRampActionAtForkLeft","rule":"{سُلوك مَنفَذ الطريق السريع نحو اليسار}"},{"id":"mobSkipHighwayRampActionAtForkRight","rule":"{سُلوك مَنفَذ الطريق السريع نحو اليمين}"},{"id":"mobSkipSignpostRampActionAtFork","rule":"#Select(#SkipSignpostRampActionAtFork, {سُلوك مَنفَذ الطريق السريع})"},{"id":"mobSkipSignpostRampActionBearRight","rule":"{الانعطاف نحو اليمين إلى مَنفَذ الطريق السريع}"},{"id":"mobForkActionLeft","rule":"{الاستمرار}"},{"id":"StopTimeWindow","rule":"{الفترة الزمنية: } #StopTimeWindowStart { - } #StopTimeWindowEnd"},{"id":"mobSkipSignpostRampActionTurnRight","rule":"{الاستدارة نحو اليمين إلى مَنفَذ الطريق السريع}"},{"id":"mobSkipSignpostRampActionMakeSharpRight","rule":"{الاستدارة بحدة نحو اليمين إلى مَنفَذ الطريق السريع}"},{"id":"mobSkipSignpostRampActionMakeSharpLeft","rule":"{الاستدارة بحدة نحو اليسار إلى مَنفَذ الطريق السريع}"},{"id":"mobSkipSignpostRampActionTurnLeft","rule":"{الاستدارة نحو اليسار إلى مَنفَذ الطريق السريع}"},{"id":"mobSkipSignpostRampActionBearLeft","rule":"{الانعطاف نحو اليسار إلى مَنفَذ الطريق السريع}"},{"id":"mobSkipSignpostRampActionTakeRamp","rule":"{سُلوك مَنفَذ الطريق السريع}"},{"id":"mobSkipSignpostRampActionAtForkLeft","rule":"{سُلوك مَنفَذ الطريق السريع نحو اليسار}"},{"id":"mobSkipSignpostRampActionAtForkRight","rule":"{سُلوك مَنفَذ الطريق السريع نحو اليمين}"},{"id":"mobUTurnRampActionFork","rule":"#Select(#UTurnRampActionAtFork, {سُلوك مَنفَذ الطريق السريع})"},{"id":"mobUTurnRampActionBearRight","rule":"{الانعطاف نحو اليمين إلى مَنفَذ الطريق السريع}"},{"id":"mobUTurnRampActionTurnRight","rule":"{الاستدارة نحو اليمين إلى مَنفَذ الطريق السريع}"},{"id":"mobUTurnRampActionMakeSharpRight","rule":"{الاستدارة بحدة نحو اليمين إلى مَنفَذ الطريق السريع}"},{"id":"mobUTurnRampActionMakeSharpLeft","rule":"{الاستدارة بحدة نحو اليسار إلى مَنفَذ الطريق السريع}"},{"id":"mobUTurnRampActionTurnLeft","rule":"{الاستدارة نحو اليسار إلى مَنفَذ الطريق السريع}"},{"id":"mobUTurnRampActionBearLeft","rule":"{الانعطاف نحو اليسار إلى مَنفَذ الطريق السريع}"},{"id":"mobUTurnRampActionTakeRamp","rule":"{سُلوك مَنفَذ الطريق السريع}"},{"id":"mobUTurnRampActionAtForkRight","rule":"{سُلوك مَنفَذ الطريق السريع نحو اليمين}"},{"id":"mobHighwayActionGo","rule":"{السير}"},{"id":"DirectionStreet","rule":"NAME"},{"id":"mobHighwayActionTurnRight","rule":"{الاستدارة نحو اليمين}"},{"id":"mobEndOfFerryActionBearRight","rule":"{الانعطاف نحو اليمين}"},{"id":"mobHighwayActionMakeSharpRight","rule":"{الاستدارة بحدة نحو اليمين}"},{"id":"mobHighwayActionMakeSharpLeft","rule":"{الاستدارة بحدة نحو اليسار}"},{"id":"mobHighwayActionTurnLeft","rule":"{الاستدارة نحو اليسار}"},{"id":"mobHighwayActionBearLeft","rule":"{الانعطاف نحو اليسار}"},{"id":"mobEndOfFerryActionMakeSharpRight","rule":"{الاستدارة بحدة نحو اليمين}"},{"id":"mobEndOfFerryActionMakeSharpLeft","rule":"{الاستدارة بحدة نحو اليسار}"},{"id":"mobEndOfFerryActionTurnLeft","rule":"{الاستدارة نحو اليسار}"},{"id":"mobEndOfFerryActionBearLeft","rule":"{الانعطاف نحو اليسار}"},{"id":"mobStopArriveActionContinue","rule":"{الاستمرار}"},{"id":"DirectionETA","rule":"#ArriveTime"},{"id":"mobStopArriveActionGo","rule":"{السير}"},{"id":"mobForkActionRight","rule":"{الاستمرار}"},{"id":"mobForkActionStraight","rule":"{السير}"},{"id":"mobForkSideLeft","rule":"{اليسار}"},{"id":"mobForkSideRight","rule":"{اليمين}"},{"id":"mobForkSideStraight","rule":"{الأمام}"},{"id":"mobRoadSplitActionToProceedRight","rule":"{الاستمرار}"},{"id":"mobRoadSplitActionToProceedStraight","rule":"{السير}"},{"id":"mobRoadSplitSideToProceedLeft","rule":"{اليسار}"},{"id":"mobRoadSplitSideToProceedRight","rule":"{اليمين}"},{"id":"mobRoadSplitSideToProceedStraight","rule":"{الأمام}"},{"id":"mobRoadSplitActionToStayLeft","rule":"{الاستمرار}"},{"id":"mobRoadSplitActionToStayRight","rule":"{الاستمرار}"},{"id":"mobRoadSplitActionToStayStraight","rule":"{السير}"},{"id":"mobRoadSplitSideToStayLeft","rule":"{اليسار}"},{"id":"mobRoadSplitSideToStayRight","rule":"{اليمين}"},{"id":"mobRoadSplitSideToStayStraight","rule":"{الأمام}"},{"id":"mobCrossingBorderTurnActionContinue","rule":"{الاستمرار}"},{"id":"mobCrossingBorderTurnActionTurnRight","rule":"{الاستدارة نحو اليمين}"},{"id":"mobCrossingBorderTurnActionMakeSharpRight","rule":"{الاستدارة بحدة نحو اليمين}"},{"id":"mobCrossingBorderTurnActionTurnLeft","rule":"{الاستدارة نحو اليسار}"},{"id":"mobCrossingBorderTurnActionBearLeft","rule":"{الانعطاف نحو اليسار}"},{"id":"mobCrossingBorderFerryActionTurnRight","rule":"{الاستدارة نحو اليمين}"},{"id":"mobCrossingBorderFerryActionMakeSharpRight","rule":"{الاستدارة بحدة نحو اليمين}"},{"id":"mobCrossingBorderFerryActionMakeSharpLeft","rule":"{الاستدارة بحدة نحو اليسار}"},{"id":"mobCrossingBorderFerryActionTurnLeft","rule":"{الاستدارة نحو اليسار}"},{"id":"mobCrossingBorderFerryActionBearLeft","rule":"{الانعطاف نحو اليسار}"},{"id":"mobCrossingBorderFerryActionGo","rule":"{السير}"},{"id":"mobDistanceShort","rule":"{< } #MinDistance(1) ({ } #DistanceUnits)"},{"id":"mobDistanceLong","rule":"#Distance(1) ({ } #DistanceUnits)"},{"id":"mobCumulativeDistanceLong","rule":"#Select(#Distance(1), {0}) ({ } #DistanceUnits)"},{"id":"mobTimeShort","rule":"{< 1 دقيقة}"},{"id":"mobTimeLong","rule":"(#TotalHours(0) { ساعة }) (#RoundedMinutesOfHour(0) { دقيقة})"},{"id":"mobStopTimeLong","rule":"(#TotalHours(0) { ساعة }) (#RoundedMinutesOfHour(0) { دقيقة})"},{"id":"mobTravelTimeShort","rule":"{< 1 دقيقة}"},{"id":"mobTravelTimeLong","rule":"(#Days(0) { يوم }) (#HoursOfDay(0) { ساعة }) (#RoundedMinutesOfHour(0) { دقيقة})"},{"id":"mobSignpostDestination","rule":"#String(0) ({ / } #String(1)) ({ / } #String(2)) ({ / } #String(3)) ({ / } #String(4))"},{"id":"mobStopSideLeft","rule":"{اليسار}"},{"id":"mobStopSideRight","rule":"{اليمين}"},{"id":"mobCrossNames","rule":"#String(0)"},{"id":"mobLandmarkOnTheLeft","rule":"{اليسار}"},{"id":"mobLandmarkOnTheRight","rule":"{اليمين}"},{"id":"mobLandmarkOnTheFarLeft","rule":"{أقصى اليسار}"},{"id":"mobLandmarkOnTheFarRight","rule":"{أقصى اليمين}"},{"id":"mobLandmarkOnTheNearLeft","rule":"{اليسار القريب}"},{"id":"mobUnitMileSingular","rule":"{ميل}"},{"id":"mobUnitMilePlural","rule":"{ميل}"},{"id":"mobUnitMileNeutral","rule":"{ميل}"},{"id":"mobUnitKilometerSingular","rule":"{كيلومتر}"},{"id":"mobUnitKilometerPlural","rule":"{كيلومتر}"},{"id":"mobUnitKilometerNeutral","rule":"{كيلومتر}"},{"id":"mobUnitMeterSingular","rule":"{متر}"},{"id":"mobUnitMeterPlural","rule":"{متر}"},{"id":"mobUnitMeterNeutral","rule":"{متر}"},{"id":"mobUnitFootSingular","rule":"{قدم}"},{"id":"mobUnitFootPlural","rule":"{قدم}"},{"id":"mobUnitFootNeutral","rule":"{قدم}"},{"id":"mobUnitYardSingular","rule":"{ياردة}"},{"id":"mobUnitYardPlural","rule":"{ياردة}"},{"id":"mobUnitYardNeutral","rule":"{ياردة}"},{"id":"mobUnitNauticalNeutral","rule":"{ميل بحري}"},{"id":"mobUnitSecondSingular","rule":"{ثانية}"},{"id":"mobUnitSecondPlural","rule":"{ثانية}"},{"id":"StopSummary","rule":"{المسافة: } #StopLength"},{"id":"StopStayTime","rule":"{زمن الرحلة: } #StopStayTime"},{"id":"StopFullTime","rule":"#StopFullTime"},{"id":"StopWaitTime","rule":"{زمن الانتظار: } #StopWaitTime"},{"id":"StopViolationTime","rule":"{المخالفة الزمنية: } #StopViolationTime"},{"id":"StopLength","rule":"#StopLength"},{"id":"mobDirectionDrive","rule":"{السير} ({ } #ItemLength)"},{"id":"DirectionLength","rule":"#ItemLength"},{"id":"DirectionTime","rule":"#ItemTime"},{"id":"DirectionCumulativeLength","rule":"#CumulativeDistance"},{"id":"DirectionBranch","rule":"#Branch"},{"id":"DirectionCrossStreet","rule":"#CrossNames"},{"id":"DirectionExitName","rule":"#SignpostExit"},{"id":"mobDirectionAltNames","rule":"ALT_NAME"},{"id":"mobDirectionDayEnd","rule":"{نهاية اليوم}"},{"id":"mobDirectionRestBreak","rule":"{ فترة الاستراحة}"},{"id":"mobDirectionAfterBreak","rule":"{الاستمرار} ({ على } NAME)"},{"id":"mobEventLandmarkManeuverGuidance","rule":"{عمل مناورة } @@LandmarkPrepositionString(#LandmarkPreposition) { } #FirstUpper(#LandmarkName)"},{"id":"mobEventLandmarkPassageVerification","rule":"{مرور } @@LandmarkPrepositionString(#LandmarkPreposition) { } #LandmarkName ({. يَقَع المعلم على } #LandmarkPosition)"}],"lookupMapping":[{"id":"ExitNumberString","value":[{"key":"1","value":"{الأول}"},{"key":"2","value":"{الثاني}"},{"key":"3","value":"{الثالث}"},{"key":"4","value":"{الرابع}"},{"key":"5","value":"{الخامس}"},{"key":"6","value":"{السادس}"},{"key":"7","value":"{السابع}"},{"key":"8","value":"{الثامن}"},{"key":"9","value":"{التاسع}"},{"key":"10","value":"{العاشر}"}]},{"id":"LandmarkPrepositionString","value":[{"key":"AFTER","value":"{بعد}"},{"key":"AT","value":"{عند}"},{"key":"BEFORE","value":"{قبل}"},{"key":"ONTO","value":"{إلى}"},{"key":"OVER","value":"{فوق}"},{"key":"PAST","value":"{سابق}"},{"key":"THROUGH","value":"{عبر}"},{"key":"UNDER","value":"{أسفل}"},{"key":"BY","value":"{بجانب}"},{"key":"NEAR","value":"{بالقرب من}"}]}]}}}]}}