{"directions":{"settings":[{"style":{"id":"NA Navigation","language":{"id":"el","description":"Ελληνικά","strings":[{"id":"mobManeuverHeader","rule":"{Αναχώρηση} ({ από } #StopName)"},{"id":"mobAtExit","rule":"{στην έξοδο } #SignpostExit { }"},{"id":"mobLandmarkOnTheNearRight","rule":"{δεξιά, σε κοντινή απόσταση}"},{"id":"mobManeuverFooter","rule":"{Φτάνετε στον προορισμό} ({, στα } #StopSide)"},{"id":"mobManeuverDepart","rule":"{Αναχώρηση} ({ από } #StopName)"},{"id":"mobPathCurveActionMakeSharpRight","rule":"{κάνετε απότομη στροφή δεξιά}"},{"id":"mobManeuverStopArrive","rule":"#FirstUpper((#StopArriveAction ({ } #Azimuth) ({ στην } NAME) ))"},{"id":"mobCrossingBorderTurnActionMakeSharpLeft","rule":"{κάνετε απότομη στροφή αριστερά}"},{"id":"mobManeuverArrive","rule":"{Φτάνετε στον προορισμό} ({, στα } #StopSide)"},{"id":"mobAzimuthSW","rule":"{Βορειοδυτικά}"},{"id":"mobManeuverUTurnViaRamp","rule":"#FirstUpper((#UTurnRampAction { για να κάνετε νόμιμη αναστροφή και να επιστρέψετε} ({ στην } NAME) ))"},{"id":"Names","rule":"NAME ({ (} ALT_NAME {)})"},{"id":"ManeuverFerry","rule":"{Πάρτε το ferry} ({ } @@Names) {}"},{"id":"mobSkipHighwayRampActionBearLeft","rule":"{πηγαίνετε αριστερά πάνω στη ράμπα}"},{"id":"mobManeuverAnyRoad","rule":"#FirstUpper(({προχωρήστε} ({ } #Azimuth) ({ στην } NAME) ({ προς } #CrossNames) ))"},{"id":"mobManeuverCrossingBorderFerry","rule":"#FirstUpper(( ({Εισέρχεστε στην } CROSSADMINBORDER {. }) #FirstUpper(@mobAtExit #CrossingBorderFerryAction ({ στο ferry} ({ } NAME ({ (} ALT_NAME {)})) {}) )))"},{"id":"mobManeuverFerryBypass","rule":"{Μείνετε στο ferry για} ({ } #ItemTime) ({ ~ } #ItemLength)"},{"id":"mobEndOfFerryActionGo","rule":"{προχωρήστε}"},{"id":"mobManeuverOntoHighway","rule":"#FirstUpper(( @mobAtExit #HighwayAction #Select(({ στην } #Branch), ({ στην } NAME)) ))"},{"id":"mobHighwayChanges","rule":"#FirstUpper(( @mobAtExit {ο δρόμος αλλάζει} #Select(({ σε } #Branch), ({ σε } NAME)) ))"},{"id":"mobStopArriveActionBack","rule":"{επιστρέψτε}"},{"id":"mobSkipHighwayRampActionMakeSharpLeft","rule":"{κάνετε απότομη στροφή αριστερά πάνω στη ράμπα}"},{"id":"mobCrossingBorderFerryActionBearRight","rule":"{πηγαίνετε δεξιά}"},{"id":"mobPathCurveActionBearLeft","rule":"{πηγαίνετε αριστερά}"},{"id":"mobLocalRoadActionMakeSharpRight","rule":"{κάνετε απότομη στροφή δεξιά}"},{"id":"mobManeuverPathCurves","rule":"#FirstUpper(( @mobAtExit #PathCurveAction @mobAtIntersectionOrCrossNames ({ για να παραμείνετε στην } NAME) ))"},{"id":"mobLocalRoadActionTurnRight","rule":"{στρίψτε δεξιά}"},{"id":"mobAzimuthS","rule":"{Νότια}"},{"id":"mobAtIntersectionOrCrossNames","rule":"#Select(@mobAtIntersectionNames, ({ στην } #CrossNames))"},{"id":"mobSkipHighwayRampActionTurnRight","rule":"{στρίψτε δεξιά πάνω στη ράμπα}"},{"id":"mobCrossingBorderTurnActionGo","rule":"{προχωρήστε}"},{"id":"mobSkipHighwayRampActionBearRight","rule":"{πηγαίνετε δεξιά πάνω στη ράμπα}"},{"id":"mobManeuverSkipHighwayRamps","rule":"#FirstUpper(( @mobAtExit #SkipHighwayRampAction #Select(({ και συνεχίστε στην } #Branch), ({ και συνεχίστε στην } NAME)) ))"},{"id":"mobManeuverFork","rule":"#FirstUpper((#Select(@mobAtExit, {στη διχάλα }) #ForkAction ({ } #ForkSide) #Select(({ στην } #Branch), ({ στην } NAME)) ))"},{"id":"mobStopTimeShort","rule":"{< 1 λεπτό}"},{"id":"mobAtIntersectionNames","rule":"{ στην } #Intersection(NAME) ({ (} #Intersection(ALT_NAME) {)})"},{"id":"mobManeuverTurnOntoLocalRoad","rule":"#FirstUpper(( @mobAtExit #LocalRoadAction @mobAtIntersectionNames ({ στην } NAME) ))"},{"id":"mobPathCurveActionContinue","rule":"{συνεχίστε}"},{"id":"mobManeuverCrossingBorderTurn","rule":"#FirstUpper(( ({Εισέρχεστε στην } CROSSADMINBORDER {. }) #FirstUpper(@mobAtExit #CrossingBorderTurnAction ({ στην } NAME) )))"},{"id":"mobManeuverCrossingBorder","rule":"{Εισέρχεστε} ({ στην } CROSSADMINBORDER)"},{"id":"mobPathCurveActionTurnLeft","rule":"{στρίψτε αριστερά}"},{"id":"mobManeuverUTurnViaRoundabout","rule":"@mobRoundaboutHeaderGoBack ({ στην } NAME)"},{"id":"mobManeuverRoadSplitToProceed","rule":"#FirstUpper( (@mobAtExit #RoadSplitActionToProceed ({ } #RoadSplitSideToProceed) { για να κατευθυνθείτε} #Select(({ στην } #Branch), ({ στην } NAME))) ) "},{"id":"mobRoundaboutHeaderGoBack","rule":"#Select(({Στον κυκλικό κόμβο, πάρτε την } @@ExitNumberString(#ExitNumber) { έξοδο για να επιστρέψετε}), {Ακολουθήστε τον κυκλικό κόμβο και επιστρέψτε})"},{"id":"mobUnitSecondNeutral","rule":"{δευτερόλεπτο(α)}"},{"id":"mobManeuverUTurn","rule":"{Κάνετε νόμιμη αναστροφή} @mobAtIntersectionNames { και επιστρέψτε} ({ στην } NAME)"},{"id":"mobManeuverFerry","rule":"{Πάρτε το ferry} ({ } NAME ({ (} ALT_NAME {)})) {}"},{"id":"mobLocalRoadActionContinue","rule":"{συνεχίστε}"},{"id":"mobManeuverEndOfFerry","rule":"#FirstUpper(( @mobAtExit {κατεβείτε από το ferry και } #EndOfFerryAction #Select(({ στην } #Branch), ({ στην } NAME)) ))"},{"id":"mobManeuverRoadSplitToStay","rule":"#FirstUpper( (@mobAtExit #RoadSplitActionToStay ({ } #RoadSplitSideToStay) { για να συνεχίστε} #Select(({ στην } #Branch), ({ στην } NAME))) ) "},{"id":"mobUnitNauticalPlural","rule":"{ν.μίλ.}"},{"id":"mobManeuverStopOnRoundabout","rule":"{Ακολουθήστε τον κυκλικο κόμβο}"},{"id":"mobManeuverSkipRoundabout","rule":"@mobRoundaboutHeader @mobToProceed"},{"id":"mobRoundaboutHeader","rule":"#Select(({Στον κυκλικό κόμβο, πάρτε την } @@ExitNumberString(#ExitNumber) { έξοδο}), {Ακολουθήστε τον κυκλικό κόμβο})"},{"id":"mobPathCurveActionMakeSharpLeft","rule":"{κάνετε απότομη στροφή αριστερά}"},{"id":"mobEndOfFerryActionTurnRight","rule":"{στρίψτε δεξιά}"},{"id":"mobCrossingBorderFerryActionContinue","rule":"{συνεχίστε}"},{"id":"DirectionToward","rule":"#Destination"},{"id":"mobToProceed","rule":"{ για να κατευθυνθείτε} #Select(({ στην } #Branch), ({ στην } NAME))"},{"id":"mobSkipHighwayRampActionTurnLeft","rule":"{στρίψτε αριστερά πάνω στη ράμπα}"},{"id":"mobSkipHighwayRampActionAtFork","rule":"#Select(#SkipHighwayRampActionAtFork, {take ramp})"},{"id":"mobManeuverSkipRoundaboutRamp","rule":"@mobRoundaboutHeader (#Select(({ στην } #Branch), ({ προς } NAME)) )"},{"id":"mobManeuverSkipSignpostRamps","rule":"#FirstUpper(( @mobAtExit #SkipSignpostRampAction #Select(({ στην } #Branch), ({ στην } NAME)) ))"},{"id":"mobAzimuthNE","rule":"{Βορειανατολικά}"},{"id":"mobAzimuthN","rule":"{Βόρεια}"},{"id":"mobUnitNauticalSingular","rule":"{ν.μίλ.}"},{"id":"mobPathCurveActionBearRight","rule":"{πηγαίνετε δεξιά}"},{"id":"mobAzimuthE","rule":"{Ανατολικά}"},{"id":"mobAzimuthSE","rule":"{Νοτιοανατολικά}"},{"id":"mobCrossingBorderTurnActionBearRight","rule":"{πηγαίνετε δεξιά}"},{"id":"mobAzimuthW","rule":"{Δυτικά}"},{"id":"mobAzimuthNW","rule":"{Νοτιοδυτικά}"},{"id":"mobPathCurveActionTurnRight","rule":"{στρίψτε δεξιά}"},{"id":"mobLocalRoadActionBearRight","rule":"{πηγαίνετε δεξιά}"},{"id":"mobRoadSplitActionToProceedLeft","rule":"{συνεχίστε}"},{"id":"mobLocalRoadActionMakeSharpLeft","rule":"{κάνετε απότομη στροφή αριστερά}"},{"id":"mobUTurnRampActionAtForkLeft","rule":"{πάρτε τη ράμπα στα αριστερά}"},{"id":"mobLocalRoadActionTurnLeft","rule":"{στρίψτε αριστερά}"},{"id":"mobLocalRoadActionBearLeft","rule":"{πηγαίνετε αριστερά}"},{"id":"mobLocalRoadActionGo","rule":"{προχωρήστε}"},{"id":"mobHighwayActionBearRight","rule":"{πηγαίνετε δεξιά}"},{"id":"mobSkipHighwayRampActionMakeSharpRight","rule":"{κάνετε απότομη στροφή δεξιά πάνω στη ράμπα}"},{"id":"mobSkipHighwayRampActionTakeRamp","rule":"{πάρτε τη ράμπα}"},{"id":"mobSkipHighwayRampActionAtForkLeft","rule":"{πάρτε τη ράμπα στα αριστερά}"},{"id":"mobSkipHighwayRampActionAtForkRight","rule":"{πάρτε τη ράμπα στα δεξιά}"},{"id":"mobSkipSignpostRampActionAtFork","rule":"#Select(#SkipSignpostRampActionAtFork, {πάρτε τη ράμπα})"},{"id":"mobSkipSignpostRampActionBearRight","rule":"{πηγαίνετε δεξιά πάνω στη ράμπα}"},{"id":"mobForkActionLeft","rule":"{συνεχίστε}"},{"id":"StopTimeWindow","rule":"{Χρονικό περιθώριο: } #StopTimeWindowStart { - } #StopTimeWindowEnd"},{"id":"mobSkipSignpostRampActionTurnRight","rule":"{στρίψτε δεξιά πάνω στη ράμπα}"},{"id":"mobSkipSignpostRampActionMakeSharpRight","rule":"{κάνετε απότομη στροφή δεξιά πάνω στη ράμπα}"},{"id":"mobSkipSignpostRampActionMakeSharpLeft","rule":"{κάνετε απότομη στροφή αριστερά πάνω στη ράμπα}"},{"id":"mobSkipSignpostRampActionTurnLeft","rule":"{στρίψτε αριστερά πάνω στη ράμπα}"},{"id":"mobSkipSignpostRampActionBearLeft","rule":"{πηγαίνετε αριστερά πάνω στη ράμπα}"},{"id":"mobSkipSignpostRampActionTakeRamp","rule":"{πάρτε τη ράμπα}"},{"id":"mobSkipSignpostRampActionAtForkLeft","rule":"{πάρτε τη ράμπα στα αριστερά}"},{"id":"mobSkipSignpostRampActionAtForkRight","rule":"{πάρτε τη ράμπα στα δεξιά}"},{"id":"mobUTurnRampActionFork","rule":"#Select(#UTurnRampActionAtFork, {πάρτε τη ράμπα})"},{"id":"mobUTurnRampActionBearRight","rule":"{πηγαίνετε δεξιά πάνω στη ράμπα}"},{"id":"mobUTurnRampActionTurnRight","rule":"{στρίψτε δεξιά πάνω στη ράμπα}"},{"id":"mobUTurnRampActionMakeSharpRight","rule":"{κάνετε απότομη στροφή δεξιά πάνω στη ράμπα}"},{"id":"mobUTurnRampActionMakeSharpLeft","rule":"{κάνετε απότομη στροφή αριστερά πάνω στη ράμπα}"},{"id":"mobUTurnRampActionTurnLeft","rule":"{στρίψτε αριστερά πάνω στη ράμπα}"},{"id":"mobUTurnRampActionBearLeft","rule":"{πηγαίνετε αριστερά πάνω στη ράμπα}"},{"id":"mobUTurnRampActionTakeRamp","rule":"{πάρτε τη ράμπα}"},{"id":"mobUTurnRampActionAtForkRight","rule":"{πάρτε τη ράμπα στα δεξιά}"},{"id":"mobHighwayActionGo","rule":"{προχωρήστε}"},{"id":"DirectionStreet","rule":"NAME"},{"id":"mobHighwayActionTurnRight","rule":"{στρίψτε δεξιά}"},{"id":"mobEndOfFerryActionBearRight","rule":"{πηγαίνετε δεξιά}"},{"id":"mobHighwayActionMakeSharpRight","rule":"{κάνετε απότομη στροφή δεξιά}"},{"id":"mobHighwayActionMakeSharpLeft","rule":"{κάνετε απότομη στροφή αριστερά}"},{"id":"mobHighwayActionTurnLeft","rule":"{στρίψτε αριστερά}"},{"id":"mobHighwayActionBearLeft","rule":"{πηγαίνετε αριστερά}"},{"id":"mobEndOfFerryActionMakeSharpRight","rule":"{κάνετε απότομη στροφή δεξιά}"},{"id":"mobEndOfFerryActionMakeSharpLeft","rule":"{κάνετε απότομη στροφή αριστερά}"},{"id":"mobEndOfFerryActionTurnLeft","rule":"{στρίψτε αριστερά}"},{"id":"mobEndOfFerryActionBearLeft","rule":"{πηγαίνετε αριστερά}"},{"id":"mobStopArriveActionContinue","rule":"{συνεχίστε}"},{"id":"DirectionETA","rule":"#ArriveTime"},{"id":"mobStopArriveActionGo","rule":"{προχωρήστε}"},{"id":"mobForkActionRight","rule":"{συνεχίστε}"},{"id":"mobForkActionStraight","rule":"{πηγαίνετε}"},{"id":"mobForkSideLeft","rule":"{αριστερά}"},{"id":"mobForkSideRight","rule":"{δεξιά}"},{"id":"mobForkSideStraight","rule":"{ευθεία}"},{"id":"mobRoadSplitActionToProceedRight","rule":"{συνεχίστε}"},{"id":"mobRoadSplitActionToProceedStraight","rule":"{πηγαίνετε}"},{"id":"mobRoadSplitSideToProceedLeft","rule":"{αριστερά}"},{"id":"mobRoadSplitSideToProceedRight","rule":"{δεξιά}"},{"id":"mobRoadSplitSideToProceedStraight","rule":"{ευθεία}"},{"id":"mobRoadSplitActionToStayLeft","rule":"{συνεχίστε}"},{"id":"mobRoadSplitActionToStayRight","rule":"{συνεχίστε}"},{"id":"mobRoadSplitActionToStayStraight","rule":"{πηγαίνετε}"},{"id":"mobRoadSplitSideToStayLeft","rule":"{αριστερά}"},{"id":"mobRoadSplitSideToStayRight","rule":"{δεξιά}"},{"id":"mobRoadSplitSideToStayStraight","rule":"{ευθεία}"},{"id":"mobCrossingBorderTurnActionContinue","rule":"{συνεχίστε}"},{"id":"mobCrossingBorderTurnActionTurnRight","rule":"{στρίψτε δεξιά}"},{"id":"mobCrossingBorderTurnActionMakeSharpRight","rule":"{κάνετε απότομη στροφή δεξιά}"},{"id":"mobCrossingBorderTurnActionTurnLeft","rule":"{στρίψτε αριστερά}"},{"id":"mobCrossingBorderTurnActionBearLeft","rule":"{πηγαίνετε αριστερά}"},{"id":"mobCrossingBorderFerryActionTurnRight","rule":"{στρίψτε δεξιά}"},{"id":"mobCrossingBorderFerryActionMakeSharpRight","rule":"{κάνετε απότομη στροφή δεξιά}"},{"id":"mobCrossingBorderFerryActionMakeSharpLeft","rule":"{κάνετε απότομη στροφή αριστερά}"},{"id":"mobCrossingBorderFerryActionTurnLeft","rule":"{στρίψτε αριστερά}"},{"id":"mobCrossingBorderFerryActionBearLeft","rule":"{πηγαίνετε αριστερά}"},{"id":"mobCrossingBorderFerryActionGo","rule":"{προχωρήστε}"},{"id":"mobDistanceShort","rule":"{< } #MinDistance(1) ({ } #DistanceUnits)"},{"id":"mobDistanceLong","rule":"#Distance(1) ({ } #DistanceUnits)"},{"id":"mobCumulativeDistanceLong","rule":"#Select(#Distance(1), {0}) ({ } #DistanceUnits)"},{"id":"mobTimeShort","rule":"{< 1 λεπτό}"},{"id":"mobTimeLong","rule":"(#TotalHours(0) { ώρα(ες) }) (#RoundedMinutesOfHour(0) { λεπτό(ά)})"},{"id":"mobStopTimeLong","rule":"(#TotalHours(0) { ώρα(ες) }) (#RoundedMinutesOfHour(0) { λεπτό(ά)})"},{"id":"mobTravelTimeShort","rule":"{< 1 λεπτό}"},{"id":"mobTravelTimeLong","rule":"(#Days(0) { ημέρα(ες) }) (#HoursOfDay(0) { ώρα(ες) }) (#RoundedMinutesOfHour(0) { λεπτό(ά)})"},{"id":"mobSignpostDestination","rule":"#String(0) ({ / } #String(1)) ({ / } #String(2)) ({ / } #String(3)) ({ / } #String(4))"},{"id":"mobStopSideLeft","rule":"{αριστερά}"},{"id":"mobStopSideRight","rule":"{δεξιά}"},{"id":"mobCrossNames","rule":"#String(0)"},{"id":"mobLandmarkOnTheLeft","rule":"{αριστερά}"},{"id":"mobLandmarkOnTheRight","rule":"{δεξιά}"},{"id":"mobLandmarkOnTheFarLeft","rule":"{αριστερά, σε μακρινή απόσταση}"},{"id":"mobLandmarkOnTheFarRight","rule":"{δεξιά, σε μακρινή απόσταση}"},{"id":"mobLandmarkOnTheNearLeft","rule":"{αριστερά, σε κοντινή απόσταση}"},{"id":"mobUnitMileSingular","rule":"{μίλι}"},{"id":"mobUnitMilePlural","rule":"{μίλια}"},{"id":"mobUnitMileNeutral","rule":"{μίλι(α)}"},{"id":"mobUnitKilometerSingular","rule":"{χιλιόμετρο}"},{"id":"mobUnitKilometerPlural","rule":"{χιλιόμετρα}"},{"id":"mobUnitKilometerNeutral","rule":"{χιλιόμετρο(α)}"},{"id":"mobUnitMeterSingular","rule":"{μέτρο}"},{"id":"mobUnitMeterPlural","rule":"{μέτρα}"},{"id":"mobUnitMeterNeutral","rule":"{μέτρο(α)}"},{"id":"mobUnitFootSingular","rule":"{πόδι}"},{"id":"mobUnitFootPlural","rule":"{πόδια}"},{"id":"mobUnitFootNeutral","rule":"{πόδια}"},{"id":"mobUnitYardSingular","rule":"{γιάρδα}"},{"id":"mobUnitYardPlural","rule":"{γιάρδες}"},{"id":"mobUnitYardNeutral","rule":"{γιάρδα(ες)}"},{"id":"mobUnitNauticalNeutral","rule":"{ν.μίλ.}"},{"id":"mobUnitSecondSingular","rule":"{δευτερόλεπτο}"},{"id":"mobUnitSecondPlural","rule":"{δευτερόλεπτα}"},{"id":"StopSummary","rule":"{Απόσταση: } #StopLength"},{"id":"StopStayTime","rule":"{Χρόνος παραμονής: } #StopStayTime"},{"id":"StopFullTime","rule":"#StopFullTime"},{"id":"StopWaitTime","rule":"{Χρόνος αναμονής: } #StopWaitTime"},{"id":"StopViolationTime","rule":"{Χρόνος παραβίασης: } #StopViolationTime"},{"id":"StopLength","rule":"#StopLength"},{"id":"mobDirectionDrive","rule":"{Οδηγείστε} ({ } #ItemLength)"},{"id":"DirectionLength","rule":"#ItemLength"},{"id":"DirectionTime","rule":"#ItemTime"},{"id":"DirectionCumulativeLength","rule":"#CumulativeDistance"},{"id":"DirectionBranch","rule":"#Branch"},{"id":"DirectionCrossStreet","rule":"#CrossNames"},{"id":"DirectionExitName","rule":"#SignpostExit"},{"id":"mobDirectionAltNames","rule":"ALT_NAME"},{"id":"mobDirectionDayEnd","rule":"{Τέλος της ημέρας}"},{"id":"mobDirectionRestBreak","rule":"{ Διάλειμμα για ξεκούραση}"},{"id":"mobDirectionAfterBreak","rule":"{Παραμείνετε} ({ στην } NAME)"},{"id":"mobEventLandmarkManeuverGuidance","rule":"{Κάντε ελιγμό } @@LandmarkPrepositionString(#LandmarkPreposition) { } #FirstUpper(#LandmarkName)"},{"id":"mobEventLandmarkPassageVerification","rule":"{Περάστε } @@LandmarkPrepositionString2(#LandmarkPreposition) { } #LandmarkName ({. Θα είναι στα } #LandmarkPosition)"}],"lookupMapping":[{"id":"ExitNumberString","value":[{"key":"1","value":"{πρώτη}"},{"key":"2","value":"{δεύτερη}"},{"key":"3","value":"{τρίτη}"},{"key":"4","value":"{τέταρτη}"},{"key":"5","value":"{πέμπτη}"},{"key":"6","value":"{έκτη}"},{"key":"7","value":"{έβδομη}"},{"key":"8","value":"{όγδοη}"},{"key":"9","value":"{ένατη}"},{"key":"10","value":"{δέκατη}"}]},{"id":"LandmarkPrepositionString","defaultValue":"{στο}","value":[{"key":"AFTER","value":"{μετά το}"},{"key":"AT","value":"{στο}"},{"key":"BEFORE","value":"{πριν το}"},{"key":"ONTO","value":"{στο}"},{"key":"OVER","value":"{πάνω από το}"},{"key":"PAST","value":"{μετά το}"},{"key":"THROUGH","value":"{μέσω του}"},{"key":"UNDER","value":"{κάτω από το}"},{"key":"BY","value":"{από το}"},{"key":"NEAR","value":"{κοντά στο}"}]},{"id":"LandmarkPrepositionString2","defaultValue":"{το}","value":[{"key":"AFTER","value":"{μετά το}"},{"key":"AT","value":"{στο}"},{"key":"BEFORE","value":"{πριν το}"},{"key":"ONTO","value":"{στο}"},{"key":"OVER","value":"{πάνω από το}"},{"key":"PAST","value":"{μετά το}"},{"key":"THROUGH","value":"{μέσω του}"},{"key":"UNDER","value":"{κάτω από το}"},{"key":"BY","value":"{από το}"},{"key":"NEAR","value":"{κοντά στο}"}]}]}}}]}}