{"directions":{"settings":[{"style":{"id":"NA Navigation","language":{"id":"es","description":"español","strings":[{"id":"mobManeuverHeader","rule":"{Salga desde} ({ } #StopName)"},{"id":"mobAtExit","rule":"{en la salida } #SignpostExit { }"},{"id":"mobLandmarkOnTheNearRight","rule":"{derecha más cercana}"},{"id":"mobManeuverFooter","rule":"{Llegue al destino} ({, a la } #StopSide)"},{"id":"mobManeuverDepart","rule":"{Salga desde} ({ } #StopName)"},{"id":"mobPathCurveActionMakeSharpRight","rule":"{gire a la derecha}"},{"id":"mobManeuverStopArrive","rule":"#FirstUpper((#StopArriveAction ({ } #Azimuth) ({ en } NAME) ))"},{"id":"mobCrossingBorderTurnActionMakeSharpLeft","rule":"{gire a la izquierda}"},{"id":"mobManeuverArrive","rule":"{Llegue al destino} ({, a la } #StopSide)"},{"id":"mobAzimuthSW","rule":"{Sudoeste}"},{"id":"mobManeuverUTurnViaRamp","rule":"#FirstUpper((#UTurnRampAction { para hacer un cambio de sentido legal y regresar} ({ en } NAME) ))"},{"id":"Names","rule":"NAME ({ (} ALT_NAME {)})"},{"id":"ManeuverFerry","rule":"{Tome el} { ferry} ({ } @@Names)"},{"id":"mobSkipHighwayRampActionBearLeft","rule":"{tome la izquierda hacia la rampa}"},{"id":"mobManeuverAnyRoad","rule":"#FirstUpper(({avance} ({ } #Azimuth) ({ en } NAME) ({ hacia } #CrossNames) ))"},{"id":"mobManeuverCrossingBorderFerry","rule":"#FirstUpper(( ({Entrando en } CROSSADMINBORDER {, }) @mobAtExit #CrossingBorderFerryAction ({ en} ({ } NAME ({ (} ALT_NAME {)})) { ferry}) ))"},{"id":"mobManeuverFerryBypass","rule":"{Permanezca en el ferry durante} ({ } #ItemTime) ({ ~ } #ItemLength)"},{"id":"mobEndOfFerryActionGo","rule":"{avance}"},{"id":"mobManeuverOntoHighway","rule":"#FirstUpper(( @mobAtExit #HighwayAction #Select(({ en } #Branch), ({ en } NAME)) ))"},{"id":"mobHighwayChanges","rule":"#FirstUpper(( @mobAtExit {la carretera cambia} #Select(({ a } #Branch), ({ a } NAME)) ))"},{"id":"mobStopArriveActionBack","rule":"{regrese}"},{"id":"mobSkipHighwayRampActionMakeSharpLeft","rule":"{gire a la izquierda hacia la rampa}"},{"id":"mobCrossingBorderFerryActionBearRight","rule":"{tome la derecha}"},{"id":"mobPathCurveActionBearLeft","rule":"{tome la izquierda}"},{"id":"mobLocalRoadActionMakeSharpRight","rule":"{gire a la derecha}"},{"id":"mobManeuverPathCurves","rule":"#FirstUpper(( @mobAtExit #PathCurveAction @mobAtIntersectionOrCrossNames ({ para permanecer en } NAME) ))"},{"id":"mobLocalRoadActionTurnRight","rule":"{gire a la derecha}"},{"id":"mobAzimuthS","rule":"{Sur}"},{"id":"mobAtIntersectionOrCrossNames","rule":"#Select(@mobAtIntersectionNames, ({ en } #CrossNames))"},{"id":"mobSkipHighwayRampActionTurnRight","rule":"{gire a la derecha hacia la rampa}"},{"id":"mobCrossingBorderTurnActionGo","rule":"{avance}"},{"id":"mobSkipHighwayRampActionBearRight","rule":"{tome la derecha hacia la rampa}"},{"id":"mobManeuverSkipHighwayRamps","rule":"#FirstUpper(( @mobAtExit #SkipHighwayRampAction #Select(({ y continúe por } #Branch), ({ y continúe por } NAME)) ))"},{"id":"mobManeuverFork","rule":"#FirstUpper((#Select(@mobAtExit, {en la bifurcación }) #ForkAction ({ } #ForkSide) #Select(({ en } #Branch), ({ en } NAME)) ))"},{"id":"mobStopTimeShort","rule":"{< 1 minuto}"},{"id":"mobAtIntersectionNames","rule":"{ en } #Intersection(NAME) ({ (} #Intersection(ALT_NAME) {)})"},{"id":"mobManeuverTurnOntoLocalRoad","rule":"#FirstUpper(( @mobAtExit #LocalRoadAction @mobAtIntersectionNames ({ en } NAME) ))"},{"id":"mobPathCurveActionContinue","rule":"{continúe}"},{"id":"mobManeuverCrossingBorderTurn","rule":"#FirstUpper(( ({Entrando en } CROSSADMINBORDER {, }) @mobAtExit #CrossingBorderTurnAction ({ en } NAME) ))"},{"id":"mobManeuverCrossingBorder","rule":"{Entrando en} ({ } CROSSADMINBORDER)"},{"id":"mobPathCurveActionTurnLeft","rule":"{gire a la izquierda}"},{"id":"mobManeuverUTurnViaRoundabout","rule":"@mobRoundaboutHeaderGoBack ({ en } NAME)"},{"id":"mobManeuverRoadSplitToProceed","rule":"#FirstUpper( (@mobAtExit #RoadSplitActionToProceed ({ } #RoadSplitSideToProceed) { para continuar} #Select(({ en } #Branch), ({ en } NAME))) ) "},{"id":"mobRoundaboutHeaderGoBack","rule":"#Select(({En la rotonda, tome la } @@ExitNumberString(#ExitNumber) { salida para regresar}), {Tome la rotonda y regrese})"},{"id":"mobUnitSecondNeutral","rule":"{segundo(s)}"},{"id":"mobManeuverUTurn","rule":"{Haga un cambio de sentido legal } @mobAtIntersectionNames { y regrese} ({ en } NAME)"},{"id":"mobManeuverFerry","rule":"{Tome el} { ferry} ({ } NAME ({ (} ALT_NAME {)})) "},{"id":"mobLocalRoadActionContinue","rule":"{continúe}"},{"id":"mobManeuverEndOfFerry","rule":"#FirstUpper(( @mobAtExit {salga del ferry y } #EndOfFerryAction #Select(({ en } #Branch), ({ en } NAME)) ))"},{"id":"mobManeuverRoadSplitToStay","rule":"#FirstUpper( (@mobAtExit #RoadSplitActionToStay ({ } #RoadSplitSideToStay) { para permanecer} #Select(({ en } #Branch), ({ en } NAME))) ) "},{"id":"mobUnitNauticalPlural","rule":"{millas naúticas}"},{"id":"mobManeuverStopOnRoundabout","rule":"{Tome la rotonda}"},{"id":"mobManeuverSkipRoundabout","rule":"@mobRoundaboutHeader @mobToProceed"},{"id":"mobRoundaboutHeader","rule":"#Select(({En la rotonda, tome la } @ExitNumberString(#ExitNumber) { salida}), {Tome la rotonda})"},{"id":"mobPathCurveActionMakeSharpLeft","rule":"{gire a la izquierda}"},{"id":"mobEndOfFerryActionTurnRight","rule":"{gire a la derecha}"},{"id":"mobCrossingBorderFerryActionContinue","rule":"{continúe}"},{"id":"DirectionToward","rule":"#Destination"},{"id":"mobToProceed","rule":"{ para continuar} #Select(({ en } #Branch), ({ en } NAME))"},{"id":"mobSkipHighwayRampActionTurnLeft","rule":"{gire a la izquierda hacia la rampa}"},{"id":"mobSkipHighwayRampActionAtFork","rule":"#Select(#SkipHighwayRampActionAtFork, {tome la rampa})"},{"id":"mobManeuverSkipRoundaboutRamp","rule":"@mobRoundaboutHeader (#Select(({ a } #Branch), ({ a } NAME)) )"},{"id":"mobManeuverSkipSignpostRamps","rule":"#FirstUpper(( @mobAtExit #SkipSignpostRampAction #Select(({ a } #Branch), ({ a } NAME)) ))"},{"id":"mobAzimuthNE","rule":"{Noreste}"},{"id":"mobAzimuthN","rule":"{Norte}"},{"id":"mobUnitNauticalSingular","rule":"{milla naútica}"},{"id":"mobPathCurveActionBearRight","rule":"{tome la derecha}"},{"id":"mobAzimuthE","rule":"{Este}"},{"id":"mobAzimuthSE","rule":"{Sudeste}"},{"id":"mobCrossingBorderTurnActionBearRight","rule":"{tome la derecha}"},{"id":"mobAzimuthW","rule":"{Oeste}"},{"id":"mobAzimuthNW","rule":"{Noroeste}"},{"id":"mobPathCurveActionTurnRight","rule":"{gire a la derecha}"},{"id":"mobLocalRoadActionBearRight","rule":"{tome la derecha}"},{"id":"mobRoadSplitActionToProceedLeft","rule":"{manténgase}"},{"id":"mobLocalRoadActionMakeSharpLeft","rule":"{gire a la izquierda}"},{"id":"mobUTurnRampActionAtForkLeft","rule":"{tome la rampa a la izquierda}"},{"id":"mobLocalRoadActionTurnLeft","rule":"{gire a la izquierda}"},{"id":"mobLocalRoadActionBearLeft","rule":"{tome la izquierda}"},{"id":"mobLocalRoadActionGo","rule":"{avance}"},{"id":"mobHighwayActionBearRight","rule":"{tome la derecha}"},{"id":"mobSkipHighwayRampActionMakeSharpRight","rule":"{gire a la derecha hacia la rampa}"},{"id":"mobSkipHighwayRampActionTakeRamp","rule":"{tome la rampa}"},{"id":"mobSkipHighwayRampActionAtForkLeft","rule":"{tome la rampa a la izquierda}"},{"id":"mobSkipHighwayRampActionAtForkRight","rule":"{tome la rampa a la derecha}"},{"id":"mobSkipSignpostRampActionAtFork","rule":"#Select(#SkipSignpostRampActionAtFork, {tome la rampa})"},{"id":"mobSkipSignpostRampActionBearRight","rule":"{tome la derecha hacia la rampa}"},{"id":"mobForkActionLeft","rule":"{manténgase}"},{"id":"StopTimeWindow","rule":"{Intervalo de tiempo: } #StopTimeWindowStart { - } #StopTimeWindowEnd"},{"id":"mobSkipSignpostRampActionTurnRight","rule":"{gire a la derecha hacia la rampa}"},{"id":"mobSkipSignpostRampActionMakeSharpRight","rule":"{gire a la derecha hacia la rampa}"},{"id":"mobSkipSignpostRampActionMakeSharpLeft","rule":"{gire a la izquierda hacia la rampa}"},{"id":"mobSkipSignpostRampActionTurnLeft","rule":"{gire a la izquierda hacia la rampa}"},{"id":"mobSkipSignpostRampActionBearLeft","rule":"{tome la izquierda hacia la rampa}"},{"id":"mobSkipSignpostRampActionTakeRamp","rule":"{tome la rampa}"},{"id":"mobSkipSignpostRampActionAtForkLeft","rule":"{tome la rampa a la izquierda}"},{"id":"mobSkipSignpostRampActionAtForkRight","rule":"{tome la rampa a la derecha}"},{"id":"mobUTurnRampActionFork","rule":"#Select(#UTurnRampActionAtFork, {tome la rampa})"},{"id":"mobUTurnRampActionBearRight","rule":"{tome la derecha hacia la rampa}"},{"id":"mobUTurnRampActionTurnRight","rule":"{gire a la derecha hacia la rampa}"},{"id":"mobUTurnRampActionMakeSharpRight","rule":"{gire a la derecha hacia la rampa}"},{"id":"mobUTurnRampActionMakeSharpLeft","rule":"{gire a la izquierda hacia la rampa}"},{"id":"mobUTurnRampActionTurnLeft","rule":"{gire a la izquierda hacia la rampa}"},{"id":"mobUTurnRampActionBearLeft","rule":"{tome la izquierda hacia la rampa}"},{"id":"mobUTurnRampActionTakeRamp","rule":"{tome la rampa}"},{"id":"mobUTurnRampActionAtForkRight","rule":"{tome la rampa a la derecha}"},{"id":"mobHighwayActionGo","rule":"{avance}"},{"id":"DirectionStreet","rule":"NAME"},{"id":"mobHighwayActionTurnRight","rule":"{gire a la derecha}"},{"id":"mobEndOfFerryActionBearRight","rule":"{tome la derecha}"},{"id":"mobHighwayActionMakeSharpRight","rule":"{gire a la derecha}"},{"id":"mobHighwayActionMakeSharpLeft","rule":"{gire a la izquierda}"},{"id":"mobHighwayActionTurnLeft","rule":"{gire a la izquierda}"},{"id":"mobHighwayActionBearLeft","rule":"{tome la izquierda}"},{"id":"mobEndOfFerryActionMakeSharpRight","rule":"{gire a la derecha}"},{"id":"mobEndOfFerryActionMakeSharpLeft","rule":"{gire a la izquierda}"},{"id":"mobEndOfFerryActionTurnLeft","rule":"{gire a la izquierda}"},{"id":"mobEndOfFerryActionBearLeft","rule":"{tome la izquierda}"},{"id":"mobStopArriveActionContinue","rule":"{continúe}"},{"id":"DirectionETA","rule":"#ArriveTime"},{"id":"mobStopArriveActionGo","rule":"{avance}"},{"id":"mobForkActionRight","rule":"{manténgase}"},{"id":"mobForkActionStraight","rule":"{avance}"},{"id":"mobForkSideLeft","rule":"{a la izquierda}"},{"id":"mobForkSideRight","rule":"{a la derecha}"},{"id":"mobForkSideStraight","rule":"{recto}"},{"id":"mobRoadSplitActionToProceedRight","rule":"{manténgase}"},{"id":"mobRoadSplitActionToProceedStraight","rule":"{avance}"},{"id":"mobRoadSplitSideToProceedLeft","rule":"{a la izquierda}"},{"id":"mobRoadSplitSideToProceedRight","rule":"{a la derecha}"},{"id":"mobRoadSplitSideToProceedStraight","rule":"{recto}"},{"id":"mobRoadSplitActionToStayLeft","rule":"{manténgase}"},{"id":"mobRoadSplitActionToStayRight","rule":"{manténgase}"},{"id":"mobRoadSplitActionToStayStraight","rule":"{avance}"},{"id":"mobRoadSplitSideToStayLeft","rule":"{a la izquierda}"},{"id":"mobRoadSplitSideToStayRight","rule":"{a la derecha}"},{"id":"mobRoadSplitSideToStayStraight","rule":"{recto}"},{"id":"mobCrossingBorderTurnActionContinue","rule":"{continúe}"},{"id":"mobCrossingBorderTurnActionTurnRight","rule":"{gire a la derecha}"},{"id":"mobCrossingBorderTurnActionMakeSharpRight","rule":"{gire a la derecha}"},{"id":"mobCrossingBorderTurnActionTurnLeft","rule":"{gire a la izquierda}"},{"id":"mobCrossingBorderTurnActionBearLeft","rule":"{tome la izquierda}"},{"id":"mobCrossingBorderFerryActionTurnRight","rule":"{gire a la derecha}"},{"id":"mobCrossingBorderFerryActionMakeSharpRight","rule":"{gire a la derecha}"},{"id":"mobCrossingBorderFerryActionMakeSharpLeft","rule":"{gire a la izquierda}"},{"id":"mobCrossingBorderFerryActionTurnLeft","rule":"{gire a la izquierda}"},{"id":"mobCrossingBorderFerryActionBearLeft","rule":"{tome la izquierda}"},{"id":"mobCrossingBorderFerryActionGo","rule":"{avance}"},{"id":"mobDistanceShort","rule":"{< } #MinDistance(1) ({ } #DistanceUnits)"},{"id":"mobDistanceLong","rule":"#Distance(1) ({ } #DistanceUnits)"},{"id":"mobCumulativeDistanceLong","rule":"#Select(#Distance(1), {0}) ({ } #DistanceUnits)"},{"id":"mobTimeShort","rule":"{< 1 minuto}"},{"id":"mobTimeLong","rule":"(#TotalHours(0) { horas }) (#RoundedMinutesOfHour(0) { minutos})"},{"id":"mobStopTimeLong","rule":"(#TotalHours(0) { horas }) (#RoundedMinutesOfHour(0) { minutos})"},{"id":"mobTravelTimeShort","rule":"{< 1 minuto}"},{"id":"mobTravelTimeLong","rule":"(#Days(0) { días }) (#HoursOfDay(0) { horas }) (#RoundedMinutesOfHour(0) { minutos})"},{"id":"mobSignpostDestination","rule":"#String(0) ({ / } #String(1)) ({ / } #String(2)) ({ / } #String(3)) ({ / } #String(4))"},{"id":"mobStopSideLeft","rule":"{izquierda}"},{"id":"mobStopSideRight","rule":"{derecha}"},{"id":"mobCrossNames","rule":"#String(0)"},{"id":"mobLandmarkOnTheLeft","rule":"{izquierda}"},{"id":"mobLandmarkOnTheRight","rule":"{derecha}"},{"id":"mobLandmarkOnTheFarLeft","rule":"{izquierda más alejada}"},{"id":"mobLandmarkOnTheFarRight","rule":"{derecha más alejada}"},{"id":"mobLandmarkOnTheNearLeft","rule":"{izquierda más cercana}"},{"id":"mobUnitMileSingular","rule":"{milla}"},{"id":"mobUnitMilePlural","rule":"{millas}"},{"id":"mobUnitMileNeutral","rule":"{milla(s)}"},{"id":"mobUnitKilometerSingular","rule":"{kilómetro}"},{"id":"mobUnitKilometerPlural","rule":"{kilómetros}"},{"id":"mobUnitKilometerNeutral","rule":"{kilómetro(s)}"},{"id":"mobUnitMeterSingular","rule":"{metro}"},{"id":"mobUnitMeterPlural","rule":"{metros}"},{"id":"mobUnitMeterNeutral","rule":"{metro(s)}"},{"id":"mobUnitFootSingular","rule":"{pie}"},{"id":"mobUnitFootPlural","rule":"{pies}"},{"id":"mobUnitFootNeutral","rule":"{pies}"},{"id":"mobUnitYardSingular","rule":"{yarda}"},{"id":"mobUnitYardPlural","rule":"{yardas}"},{"id":"mobUnitYardNeutral","rule":"{yarda(s)}"},{"id":"mobUnitNauticalNeutral","rule":"{milla(s) naútica(s)}"},{"id":"mobUnitSecondSingular","rule":"{segundo}"},{"id":"mobUnitSecondPlural","rule":"{segundos}"},{"id":"StopSummary","rule":"{Distancia: } #StopLength"},{"id":"StopStayTime","rule":"{Tiempo de servicio: } #StopStayTime"},{"id":"StopFullTime","rule":"#StopFullTime"},{"id":"StopWaitTime","rule":"{Tiempo de espera: } #StopWaitTime"},{"id":"StopViolationTime","rule":"{Tiempo de infracción: } #StopViolationTime"},{"id":"StopLength","rule":"#StopLength"},{"id":"mobDirectionDrive","rule":"{Conduzca} ({ } #ItemLength)"},{"id":"DirectionLength","rule":"#ItemLength"},{"id":"DirectionTime","rule":"#ItemTime"},{"id":"DirectionCumulativeLength","rule":"#CumulativeDistance"},{"id":"DirectionBranch","rule":"#Branch"},{"id":"DirectionCrossStreet","rule":"#CrossNames"},{"id":"DirectionExitName","rule":"#SignpostExit"},{"id":"mobDirectionAltNames","rule":"ALT_NAME"},{"id":"mobDirectionDayEnd","rule":"{Final del día}"},{"id":"mobDirectionRestBreak","rule":"{ Parada de descanso}"},{"id":"mobDirectionAfterBreak","rule":"{Permanezca} ({ en } NAME)"},{"id":"mobEventLandmarkManeuverGuidance","rule":"{Haga la maniobra } @@LandmarkPrepositionString(#LandmarkPreposition) { } #FirstUpper(#LandmarkName)"},{"id":"mobEventLandmarkPassageVerification","rule":"{Pase } @@LandmarkPrepositionString(#LandmarkPreposition) { } #LandmarkName ({. Estará a la } #LandmarkPosition)"}],"lookupMapping":[{"id":"ExitNumberString","value":[{"key":"1","value":"{primera}"},{"key":"2","value":"{segunda}"},{"key":"3","value":"{tercera}"},{"key":"4","value":"{cuarta}"},{"key":"5","value":"{quinta}"},{"key":"6","value":"{sexta}"},{"key":"7","value":"{séptima}"},{"key":"8","value":"{octava}"},{"key":"9","value":"{novena}"},{"key":"10","value":"{décima}"}]},{"id":"LandmarkPrepositionString","value":[{"key":"AFTER","value":"{después de}"},{"key":"AT","value":"{en}"},{"key":"BEFORE","value":"{antes de}"},{"key":"ONTO","value":"{sobre}"},{"key":"OVER","value":"{por encima de}"},{"key":"PAST","value":"{más allá de}"},{"key":"THROUGH","value":"{a través de}"},{"key":"UNDER","value":"{por debajo de}"},{"key":"BY","value":"{por}"},{"key":"NEAR","value":"{junto a}"}]}]}}}]}}