{"directions":{"settings":[{"style":{"id":"NA Navigation","language":{"id":"et","description":"Estonian","strings":[{"id":"mobManeuverHeader","rule":"{Lahkumine} ({ } #StopName)"},{"id":"mobAtExit","rule":"{väljumisel } #SignpostExit { }"},{"id":"mobLandmarkOnTheNearRight","rule":"{lähedal paremal}"},{"id":"mobManeuverFooter","rule":"{Lahkumine sihtkohast} ({, asukohas } #StopSide)"},{"id":"mobManeuverDepart","rule":"{Lahkumine} ({ } #StopName)"},{"id":"mobPathCurveActionMakeSharpRight","rule":"{tee järsk parempööre}"},{"id":"mobManeuverStopArrive","rule":"#FirstUpper((#StopArriveAction ({ } #Azimuth) ({ asukohas } NAME) ))"},{"id":"mobCrossingBorderTurnActionMakeSharpLeft","rule":"{tee järsk vasakpööre}"},{"id":"mobManeuverArrive","rule":"{Saabumine sihtkohta} ({, asukohas } #StopSide)"},{"id":"mobAzimuthSW","rule":"{Edel}"},{"id":"mobManeuverUTurnViaRamp","rule":"#FirstUpper((#UTurnRampAction { ,et teha eeskirjadele vastav U-pööre ja liikuda tagasi} ({ asukohale } NAME) ))"},{"id":"Names","rule":"NAME ({ (} ALT_NAME {)})"},{"id":"ManeuverFerry","rule":"{Kasuta} ({liikumiseks} @@Names) { parvlaeva}"},{"id":"mobSkipHighwayRampActionBearLeft","rule":"{suundu rambi vasakule poole}"},{"id":"mobManeuverAnyRoad","rule":"#FirstUpper(({liigu} ({ } #Azimuth) ({ asukohale } NAME) ({ suunaga } #CrossNames) ))"},{"id":"mobManeuverCrossingBorderFerry","rule":"#FirstUpper(( ({Sisenemine } CROSSADMINBORDER {. }) #FirstUpper(@mobAtExit #CrossingBorderFerryAction ({ kohas} ({ } NAME ({ (} ALT_NAME {)})) { ferry}) )))"},{"id":"mobManeuverFerryBypass","rule":"{Püsi parvlaevas} ({ } #ItemTime) ({ ~ } #ItemLength)"},{"id":"mobEndOfFerryActionGo","rule":"{liigu}"},{"id":"mobManeuverOntoHighway","rule":"#FirstUpper(( @mobAtExit #HighwayAction #Select(({ asukohaga } #Branch), ({ asukohas } NAME)) ))"},{"id":"mobHighwayChanges","rule":"#FirstUpper(( @mobAtExit {teekonna muutus} #Select(({ asukohaga } #Branch), ({ asukohas } NAME)) ))"},{"id":"mobStopArriveActionBack","rule":"{liigu tagasi}"},{"id":"mobSkipHighwayRampActionMakeSharpLeft","rule":"{tee järsk vasakpööre rambi suunas}"},{"id":"mobCrossingBorderFerryActionBearRight","rule":"{suundu paremale}"},{"id":"mobPathCurveActionBearLeft","rule":"{suundu vasakule}"},{"id":"mobLocalRoadActionMakeSharpRight","rule":"{tee järsk parempööre}"},{"id":"mobManeuverPathCurves","rule":"#FirstUpper(( @mobAtExit #PathCurveAction @mobAtIntersectionOrCrossNames ({ püsimaks } NAME) ))"},{"id":"mobLocalRoadActionTurnRight","rule":"{pööra paremale}"},{"id":"mobAzimuthS","rule":"{Lõuna}"},{"id":"mobAtIntersectionOrCrossNames","rule":"#Select(@mobAtIntersectionNames, ({ kohas } #CrossNames))"},{"id":"mobSkipHighwayRampActionTurnRight","rule":"{pööra rambi paremale poolele}"},{"id":"mobCrossingBorderTurnActionGo","rule":"{liigu}"},{"id":"mobSkipHighwayRampActionBearRight","rule":"{suundu rambi paremale poole}"},{"id":"mobManeuverSkipHighwayRamps","rule":"#FirstUpper(( @mobAtExit #SkipHighwayRampAction #Select(({ ja liigu tagasi } #Branch), ({ ja liigu edasi } NAME)) ))"},{"id":"mobManeuverFork","rule":"#FirstUpper((#Select(@mobAtExit, {hargnemiskohas }) #ForkAction ({ } #ForkSide) #Select(({ asukohas } #Branch), ({ asukohas } NAME)) ))"},{"id":"mobStopTimeShort","rule":"{< 1 minut}"},{"id":"mobAtIntersectionNames","rule":"{ at } #Intersection(NAME) ({ (} #Intersection(ALT_NAME) {)})"},{"id":"mobManeuverTurnOntoLocalRoad","rule":"#FirstUpper(( @mobAtExit #LocalRoadAction @mobAtIntersectionNames ({ kohas } NAME) ))"},{"id":"mobPathCurveActionContinue","rule":"{jätka}"},{"id":"mobManeuverCrossingBorderTurn","rule":"#FirstUpper(( ({Sisenemine } CROSSADMINBORDER {. }) #FirstUpper(@mobAtExit #CrossingBorderTurnAction ({ kohas } NAME) )))"},{"id":"mobManeuverCrossingBorder","rule":"{Sisenemine} ({ } CROSSADMINBORDER)"},{"id":"mobPathCurveActionTurnLeft","rule":"{pööra vasakule}"},{"id":"mobManeuverUTurnViaRoundabout","rule":"@mobRoundaboutHeaderGoBack ({ asukohal } NAME)"},{"id":"mobManeuverRoadSplitToProceed","rule":"#FirstUpper( (@mobAtExit #RoadSplitActionToProceed ({ } #RoadSplitSideToProceed) { jätkamiseks} #Select(({ asukohas } #Branch), ({ asukohas } NAME))) ) "},{"id":"mobRoundaboutHeaderGoBack","rule":"#Select(({Ringteel olles vali } @@ExitNumberString(#ExitNumber) { väljumiseks liigu tagasi}), {Suundu ringteele ja liigu tagasi})"},{"id":"mobUnitSecondNeutral","rule":"{sekund(it)}"},{"id":"mobManeuverUTurn","rule":"{Tee eeskirjadele vastav U-pööre} @mobAtIntersectionNames { ja liigu tagasi} ({ asukohale } NAME)"},{"id":"mobManeuverFerry","rule":"{Kasuta} ({ } NAME ({ (} ALT_NAME {)})) { parvlaeva}"},{"id":"mobLocalRoadActionContinue","rule":"{jätka}"},{"id":"mobManeuverEndOfFerry","rule":"#FirstUpper(( @mobAtExit {lahku parvlaevalt ja } #EndOfFerryAction #Select(({ asukohaga } #Branch), ({ asukohas } NAME)) ))"},{"id":"mobManeuverRoadSplitToStay","rule":"#FirstUpper( (@mobAtExit #RoadSplitActionToStay ({ } #RoadSplitSideToStay) { jätkamiseks} #Select(({ asukohas } #Branch), ({ asukohas } NAME))) ) "},{"id":"mobUnitNauticalPlural","rule":"{nmi}"},{"id":"mobManeuverStopOnRoundabout","rule":"{Suundu ringteele}"},{"id":"mobManeuverSkipRoundabout","rule":"@mobRoundaboutHeader @mobToProceed"},{"id":"mobRoundaboutHeader","rule":"#Select(({Ringteel olles vali } @@ExitNumberString(#ExitNumber) { välju}), {Suundu ringteele})"},{"id":"mobPathCurveActionMakeSharpLeft","rule":"{tee järsk vasakpööre}"},{"id":"mobEndOfFerryActionTurnRight","rule":"{pööra paremale}"},{"id":"mobCrossingBorderFerryActionContinue","rule":"{jätka}"},{"id":"DirectionToward","rule":"#Destination"},{"id":"mobToProceed","rule":"{ jätkamisel} #Select(({ asukoht } #Branch), ({ asukoht } NAME))"},{"id":"mobSkipHighwayRampActionTurnLeft","rule":"{pöördu rambi vasakule poolele}"},{"id":"mobSkipHighwayRampActionAtFork","rule":"#Select(#SkipHighwayRampActionAtFork, {kasuta rampi})"},{"id":"mobManeuverSkipRoundaboutRamp","rule":"@mobRoundaboutHeader (#Select(({ asukohale } #Branch), ({ asukohale } NAME)) )"},{"id":"mobManeuverSkipSignpostRamps","rule":"#FirstUpper(( @mobAtExit #SkipSignpostRampAction #Select(({ asukohani } #Branch), ({ asukohani } NAME)) ))"},{"id":"mobAzimuthNE","rule":"{Kirre}"},{"id":"mobAzimuthN","rule":"{Põhi}"},{"id":"mobUnitNauticalSingular","rule":"{nmi}"},{"id":"mobPathCurveActionBearRight","rule":"{suundu paremale}"},{"id":"mobAzimuthE","rule":"{Ida}"},{"id":"mobAzimuthSE","rule":"{Kagu}"},{"id":"mobCrossingBorderTurnActionBearRight","rule":"{suundu paremale}"},{"id":"mobAzimuthW","rule":"{Lääs}"},{"id":"mobAzimuthNW","rule":"{Loe}"},{"id":"mobPathCurveActionTurnRight","rule":"{pööra paremale}"},{"id":"mobLocalRoadActionBearRight","rule":"{suundu paremale}"},{"id":"mobRoadSplitActionToProceedLeft","rule":"{hoia}"},{"id":"mobLocalRoadActionMakeSharpLeft","rule":"{tee järsk vasakpööre}"},{"id":"mobUTurnRampActionAtForkLeft","rule":"{kasuta rampi vasakul}"},{"id":"mobLocalRoadActionTurnLeft","rule":"{pööra vasakule}"},{"id":"mobLocalRoadActionBearLeft","rule":"{suundu vasakule}"},{"id":"mobLocalRoadActionGo","rule":"{liigu}"},{"id":"mobHighwayActionBearRight","rule":"{suundu paremale}"},{"id":"mobSkipHighwayRampActionMakeSharpRight","rule":"{tee järsk parempööre rambi suunas}"},{"id":"mobSkipHighwayRampActionTakeRamp","rule":"{kasuta rampi}"},{"id":"mobSkipHighwayRampActionAtForkLeft","rule":"{kasuta rampi vasakul}"},{"id":"mobSkipHighwayRampActionAtForkRight","rule":"{kasuta rampi paremal}"},{"id":"mobSkipSignpostRampActionAtFork","rule":"#Select(#SkipSignpostRampActionAtFork, {kasuta rampi})"},{"id":"mobSkipSignpostRampActionBearRight","rule":"{suundu rambi paremale poole}"},{"id":"mobForkActionLeft","rule":"{hoia}"},{"id":"StopTimeWindow","rule":"{Aja aken: } #StopTimeWindowStart { - } #StopTimeWindowEnd"},{"id":"mobSkipSignpostRampActionTurnRight","rule":"{pööra rambi paremale poolele}"},{"id":"mobSkipSignpostRampActionMakeSharpRight","rule":"{tee järsk parempööre rambi suunas}"},{"id":"mobSkipSignpostRampActionMakeSharpLeft","rule":"{tee järsk vasakpööre rambi suunas}"},{"id":"mobSkipSignpostRampActionTurnLeft","rule":"{pöördu rambi vasakule poolele}"},{"id":"mobSkipSignpostRampActionBearLeft","rule":"{suundu rambi vasakule poole}"},{"id":"mobSkipSignpostRampActionTakeRamp","rule":"{kasuta rampi}"},{"id":"mobSkipSignpostRampActionAtForkLeft","rule":"{kasuta rampi vasakul}"},{"id":"mobSkipSignpostRampActionAtForkRight","rule":"{kasuta rampi paremal}"},{"id":"mobUTurnRampActionFork","rule":"#Select(#UTurnRampActionAtFork, {kasuta rampi})"},{"id":"mobUTurnRampActionBearRight","rule":"{suundu rambi paremale poole}"},{"id":"mobUTurnRampActionTurnRight","rule":"{pööra rambi paremale poolele}"},{"id":"mobUTurnRampActionMakeSharpRight","rule":"{tee järsk parempööre rambi suunas}"},{"id":"mobUTurnRampActionMakeSharpLeft","rule":"{tee järsk vasakpööre rambi suunas}"},{"id":"mobUTurnRampActionTurnLeft","rule":"{pöördu rambi vasakule poolele}"},{"id":"mobUTurnRampActionBearLeft","rule":"{suundu rambi vasakule poole}"},{"id":"mobUTurnRampActionTakeRamp","rule":"{kasuta rampi}"},{"id":"mobUTurnRampActionAtForkRight","rule":"{kasuta rampi paremal}"},{"id":"mobHighwayActionGo","rule":"{liigu}"},{"id":"DirectionStreet","rule":"NAME"},{"id":"mobHighwayActionTurnRight","rule":"{pööra paremale}"},{"id":"mobEndOfFerryActionBearRight","rule":"{suundu paremale}"},{"id":"mobHighwayActionMakeSharpRight","rule":"{tee järsk parempööre}"},{"id":"mobHighwayActionMakeSharpLeft","rule":"{tee järsk vasakpööre}"},{"id":"mobHighwayActionTurnLeft","rule":"{pööra vasakule}"},{"id":"mobHighwayActionBearLeft","rule":"{suundu vasakule}"},{"id":"mobEndOfFerryActionMakeSharpRight","rule":"{tee järsk parempööre}"},{"id":"mobEndOfFerryActionMakeSharpLeft","rule":"{tee järsk vasakpööre}"},{"id":"mobEndOfFerryActionTurnLeft","rule":"{pööra vasakule}"},{"id":"mobEndOfFerryActionBearLeft","rule":"{suundu vasakule}"},{"id":"mobStopArriveActionContinue","rule":"{jätka}"},{"id":"DirectionETA","rule":"#ArriveTime"},{"id":"mobStopArriveActionGo","rule":"{liigu}"},{"id":"mobForkActionRight","rule":"{hoia}"},{"id":"mobForkActionStraight","rule":"{liigu}"},{"id":"mobForkSideLeft","rule":"{vasakule}"},{"id":"mobForkSideRight","rule":"{paremale}"},{"id":"mobForkSideStraight","rule":"{otse}"},{"id":"mobRoadSplitActionToProceedRight","rule":"{hoia}"},{"id":"mobRoadSplitActionToProceedStraight","rule":"{liigu}"},{"id":"mobRoadSplitSideToProceedLeft","rule":"{vasakule}"},{"id":"mobRoadSplitSideToProceedRight","rule":"{paremale}"},{"id":"mobRoadSplitSideToProceedStraight","rule":"{otse}"},{"id":"mobRoadSplitActionToStayLeft","rule":"{hoia}"},{"id":"mobRoadSplitActionToStayRight","rule":"{hoia}"},{"id":"mobRoadSplitActionToStayStraight","rule":"{liigu}"},{"id":"mobRoadSplitSideToStayLeft","rule":"{vasakule}"},{"id":"mobRoadSplitSideToStayRight","rule":"{paremale}"},{"id":"mobRoadSplitSideToStayStraight","rule":"{otse}"},{"id":"mobCrossingBorderTurnActionContinue","rule":"{jätka}"},{"id":"mobCrossingBorderTurnActionTurnRight","rule":"{pööra paremale}"},{"id":"mobCrossingBorderTurnActionMakeSharpRight","rule":"{tee järsk parempööre}"},{"id":"mobCrossingBorderTurnActionTurnLeft","rule":"{pööra vasakule}"},{"id":"mobCrossingBorderTurnActionBearLeft","rule":"{suundu vasakule}"},{"id":"mobCrossingBorderFerryActionTurnRight","rule":"{pööra paremale}"},{"id":"mobCrossingBorderFerryActionMakeSharpRight","rule":"{tee järsk parempööre}"},{"id":"mobCrossingBorderFerryActionMakeSharpLeft","rule":"{tee järsk vasakpööre}"},{"id":"mobCrossingBorderFerryActionTurnLeft","rule":"{pööra vasakule}"},{"id":"mobCrossingBorderFerryActionBearLeft","rule":"{suundu vasakule}"},{"id":"mobCrossingBorderFerryActionGo","rule":"{liigu}"},{"id":"mobDistanceShort","rule":"{< } #MinDistance(1) ({ } #DistanceUnits)"},{"id":"mobDistanceLong","rule":"#Distance(1) ({ } #DistanceUnits)"},{"id":"mobCumulativeDistanceLong","rule":"#Select(#Distance(1), {0}) ({ } #DistanceUnits)"},{"id":"mobTimeShort","rule":"{< 1 minut}"},{"id":"mobTimeLong","rule":"(#TotalHours(0) { tund(i) }) (#RoundedMinutesOfHour(0) { minut(it)})"},{"id":"mobStopTimeLong","rule":"(#TotalHours(0) { tund(i) }) (#RoundedMinutesOfHour(0) { minut(it)})"},{"id":"mobTravelTimeShort","rule":"{< 1 minut}"},{"id":"mobTravelTimeLong","rule":"(#Days(0) { päev(a) }) (#HoursOfDay(0) { tund(i) }) (#RoundedMinutesOfHour(0) { minut(it)})"},{"id":"mobSignpostDestination","rule":"#String(0) ({ / } #String(1)) ({ / } #String(2)) ({ / } #String(3)) ({ / } #String(4))"},{"id":"mobStopSideLeft","rule":"{vasakul}"},{"id":"mobStopSideRight","rule":"{paremal}"},{"id":"mobCrossNames","rule":"#String(0)"},{"id":"mobLandmarkOnTheLeft","rule":"{vasakul}"},{"id":"mobLandmarkOnTheRight","rule":"{paremal}"},{"id":"mobLandmarkOnTheFarLeft","rule":"{eemal vasakul}"},{"id":"mobLandmarkOnTheFarRight","rule":"{eemal paremal}"},{"id":"mobLandmarkOnTheNearLeft","rule":"{lähedal vasakul}"},{"id":"mobUnitMileSingular","rule":"{miil}"},{"id":"mobUnitMilePlural","rule":"{miilid}"},{"id":"mobUnitMileNeutral","rule":"{miil(i)}"},{"id":"mobUnitKilometerSingular","rule":"{kilomeeter}"},{"id":"mobUnitKilometerPlural","rule":"{kilomeetrid}"},{"id":"mobUnitKilometerNeutral","rule":"{kilomeetri(t)}"},{"id":"mobUnitMeterSingular","rule":"{meeter}"},{"id":"mobUnitMeterPlural","rule":"{meetrid}"},{"id":"mobUnitMeterNeutral","rule":"{meetri(t)}"},{"id":"mobUnitFootSingular","rule":"{jalg}"},{"id":"mobUnitFootPlural","rule":"{jalad}"},{"id":"mobUnitFootNeutral","rule":"{jalga}"},{"id":"mobUnitYardSingular","rule":"{jard}"},{"id":"mobUnitYardPlural","rule":"{jardid}"},{"id":"mobUnitYardNeutral","rule":"{jard(i)}"},{"id":"mobUnitNauticalNeutral","rule":"{nmi}"},{"id":"mobUnitSecondSingular","rule":"{sekund}"},{"id":"mobUnitSecondPlural","rule":"{sekundid}"},{"id":"StopSummary","rule":"{Distants: } #StopLength"},{"id":"StopStayTime","rule":"{Teenuse aeg: } #StopStayTime"},{"id":"StopFullTime","rule":"#StopFullTime"},{"id":"StopWaitTime","rule":"{Ooteaeg: } #StopWaitTime"},{"id":"StopViolationTime","rule":"{Ajapiirang: } #StopViolationTime"},{"id":"StopLength","rule":"#StopLength"},{"id":"mobDirectionDrive","rule":"{Sõitmine} ({ } #ItemLength)"},{"id":"DirectionLength","rule":"#ItemLength"},{"id":"DirectionTime","rule":"#ItemTime"},{"id":"DirectionCumulativeLength","rule":"#CumulativeDistance"},{"id":"DirectionBranch","rule":"#Branch"},{"id":"DirectionCrossStreet","rule":"#CrossNames"},{"id":"DirectionExitName","rule":"#SignpostExit"},{"id":"mobDirectionAltNames","rule":"ALT_NAME"},{"id":"mobDirectionDayEnd","rule":"{Päeva lõpp}"},{"id":"mobDirectionRestBreak","rule":"{ Puhkepaus}"},{"id":"mobDirectionAfterBreak","rule":"{Peatumine} ({ kohas } NAME)"},{"id":"mobEventLandmarkManeuverGuidance","rule":"{Tee manööver } @@LandmarkPrepositionString(#LandmarkPreposition) { } #FirstUpper(#LandmarkName)"},{"id":"mobEventLandmarkPassageVerification","rule":"{Pass } @@LandmarkPrepositionString(#LandmarkPreposition) { } #LandmarkName ({. See võib olla } #LandmarkPosition)"}],"lookupMapping":[{"id":"ExitNumberString","value":[{"key":"1","value":"{esimene}"},{"key":"2","value":"{teine}"},{"key":"3","value":"{kolmas}"},{"key":"4","value":"{neljas}"},{"key":"5","value":"{viies}"},{"key":"6","value":"{kuues}"},{"key":"7","value":"{seitsmes}"},{"key":"8","value":"{kaheksas}"},{"key":"9","value":"{üheksas}"},{"key":"10","value":"{kümnes}"}]},{"id":"LandmarkPrepositionString","value":[{"key":"AFTER","value":"{pärast}"},{"key":"AT","value":"{kl}"},{"key":"BEFORE","value":"{enne}"},{"key":"ONTO","value":"{peale}"},{"key":"OVER","value":"{üle}"},{"key":"PAST","value":"{mööda}"},{"key":"THROUGH","value":"{läbi}"},{"key":"UNDER","value":"{alt}"},{"key":"BY","value":"{kõrval}"},{"key":"NEAR","value":"{lähedal}"}]}]}}}]}}