{"directions":{"settings":[{"style":{"id":"NA Navigation","language":{"id":"ja","description":"日本語","strings":[{"id":"mobManeuverHeader","rule":"(#StopName { を}) {出発}"},{"id":"mobAtExit","rule":"{ } #SignpostExit { 出口で}"},{"id":"mobLandmarkOnTheNearRight","rule":"{右の一番手前}"},{"id":"mobManeuverFooter","rule":"{目的地に到着} ({ (} #StopSide {側) })"},{"id":"mobManeuverDepart","rule":"(#StopName { を}) {出発}"},{"id":"mobPathCurveActionMakeSharpRight","rule":"{右折}"},{"id":"mobManeuverStopArrive","rule":"#FirstUpper(( (NAME { を}) (#Azimuth {に}) #StopArriveAction))"},{"id":"mobCrossingBorderTurnActionMakeSharpLeft","rule":"{左折}"},{"id":"mobManeuverArrive","rule":"{目的地に到着} ({ (} #StopSide {側) })"},{"id":"mobAzimuthSW","rule":"{南西}"},{"id":"mobManeuverUTurnViaRamp","rule":"#FirstUpper((#UTurnRampAction {入り、U ターンして} (NAME { を}) {戻る}))"},{"id":"Names","rule":"NAME  ({ (} ALT_NAME {) })"},{"id":"ManeuverFerry","rule":"({ } @@Names) { に乗る}"},{"id":"mobSkipHighwayRampActionBearLeft","rule":"{左方向へ進み、ランプに}"},{"id":"mobManeuverAnyRoad","rule":"#FirstUpper(( (NAME { を}) (#CrossNames { へ向かって} ) (#Azimuth {に}) {進む}))"},{"id":"mobManeuverCrossingBorderFerry","rule":"#FirstUpper(( (CROSSADMINBORDER {に} {入り、}) @mobAtExit (({ } NAME ({ (} ALT_NAME {) })) { フェリー} {を}) #CrossingBorderFerryAction ))"},{"id":"mobManeuverFerryBypass","rule":"{フェリー乗船時間} ({ } #ItemTime) ({ ～ } #ItemLength)"},{"id":"mobEndOfFerryActionGo","rule":"{進む}"},{"id":"mobManeuverOntoHighway","rule":"#FirstUpper(( @mobAtExit #Select((#Branch { を}), (NAME { を})) #HighwayAction))"},{"id":"mobHighwayChanges","rule":"#FirstUpper(( @mobAtExit #Select((#Branch { に向かって}), (NAME { に向かって})) {道路変更}))"},{"id":"mobStopArriveActionBack","rule":"{戻る}"},{"id":"mobSkipHighwayRampActionMakeSharpLeft","rule":"{左折して、ランプに}"},{"id":"mobCrossingBorderFerryActionBearRight","rule":"{右方向へ進む}"},{"id":"mobPathCurveActionBearLeft","rule":"{左方向へ進み}"},{"id":"mobLocalRoadActionMakeSharpRight","rule":"{右折}"},{"id":"mobManeuverPathCurves","rule":"#FirstUpper(( @mobAtExit @mobAtIntersectionOrCrossNames #PathCurveAction ({、そして} NAME { をそのまま進む}) ))"},{"id":"mobLocalRoadActionTurnRight","rule":"{右折}"},{"id":"mobAzimuthS","rule":"{南}"},{"id":"mobAtIntersectionOrCrossNames","rule":"#Select(@mobAtIntersectionNames, (#CrossNames { で} ))"},{"id":"mobSkipHighwayRampActionTurnRight","rule":"{右折して、ランプに}"},{"id":"mobCrossingBorderTurnActionGo","rule":"{進む}"},{"id":"mobSkipHighwayRampActionBearRight","rule":"{右方向へ進み、ランプに}"},{"id":"mobManeuverSkipHighwayRamps","rule":"#FirstUpper(( @mobAtExit #SkipHighwayRampAction {入り} #Select((#Branch { を進む}), (NAME {を進む})) ))"},{"id":"mobManeuverFork","rule":"#FirstUpper((#Select(@mobAtExit, {分岐点で}) { } #Select((#Branch { を}), (NAME { を})) ({ } #ForkSide) #ForkAction))"},{"id":"mobStopTimeShort","rule":"{< 1 分}"},{"id":"mobAtIntersectionNames","rule":"#Intersection(NAME) ({ (} #Intersection(ALT_NAME) {) }) { で}"},{"id":"mobManeuverTurnOntoLocalRoad","rule":"#FirstUpper(( @mobAtExit @mobAtIntersectionNames (NAME { を}) #LocalRoadAction))"},{"id":"mobPathCurveActionContinue","rule":"{そのまま進み}"},{"id":"mobManeuverCrossingBorderTurn","rule":"#FirstUpper(( (CROSSADMINBORDER {に} {入り、}) @mobAtExit (NAME { を}) #CrossingBorderTurnAction))"},{"id":"mobManeuverCrossingBorder","rule":"(CROSSADMINBORDER { に}) {入る}"},{"id":"mobPathCurveActionTurnLeft","rule":"{左折}"},{"id":"mobManeuverUTurnViaRoundabout","rule":"@mobRoundaboutHeaderGoBack (NAME { を}) {戻る}"},{"id":"mobManeuverRoadSplitToProceed","rule":"#FirstUpper( (@mobAtExit #Select((#Branch { に }), (NAME { に })) {向かって} ({ } #RoadSplitSideToProceed) #RoadSplitActionToProceed ))"},{"id":"mobRoundaboutHeaderGoBack","rule":"#Select(({ロータリーから } @@ExitNumberString(#ExitNumber) { 出口に入り、}), {ロータリーに入り})"},{"id":"mobUnitSecondNeutral","rule":"{秒}"},{"id":"mobManeuverUTurn","rule":"@mobAtIntersectionNames { U ターンして} (NAME { を}) {戻る}"},{"id":"mobManeuverFerry","rule":"({ } NAME ({ (} ALT_NAME {)})) { に乗る}"},{"id":"mobLocalRoadActionContinue","rule":"{そのまま進む}"},{"id":"mobManeuverEndOfFerry","rule":"#FirstUpper(( @mobAtExit {フェリーを降り、} #Select((#Branch { を}), (NAME { を})) #EndOfFerryAction))"},{"id":"mobManeuverRoadSplitToStay","rule":"#FirstUpper( (@mobAtExit #Select((#Branch { を }), (NAME { に })) {そのまま} ({ } #RoadSplitSideToStay) #RoadSplitActionToStay ) ) "},{"id":"mobUnitNauticalPlural","rule":"{海里}"},{"id":"mobManeuverStopOnRoundabout","rule":"{ロータリーに進入}"},{"id":"mobManeuverSkipRoundabout","rule":"@mobRoundaboutHeader @mobToProceed"},{"id":"mobRoundaboutHeader","rule":"#Select(({ロータリーから } @@ExitNumberString(#ExitNumber) { 出口に入り、}), {ロータリーから})"},{"id":"mobPathCurveActionMakeSharpLeft","rule":"{左折}"},{"id":"mobEndOfFerryActionTurnRight","rule":"{右折}"},{"id":"mobCrossingBorderFerryActionContinue","rule":"{そのまま進む}"},{"id":"DirectionToward","rule":"#Destination"},{"id":"mobToProceed","rule":"#Select((#Branch { を}), (NAME { を})) {進む}"},{"id":"mobSkipHighwayRampActionTurnLeft","rule":"{左折して、ランプに}"},{"id":"mobSkipHighwayRampActionAtFork","rule":"#Select(#SkipHighwayRampActionAtFork, {ランプに})"},{"id":"mobManeuverSkipRoundaboutRamp","rule":"@mobRoundaboutHeader (#Select((#Branch { に向かって}), (NAME { に向かって}))) {進む}"},{"id":"mobManeuverSkipSignpostRamps","rule":"#FirstUpper(( @mobAtExit #Select((#Branch { に向かって}), (NAME { に向かって})) #SkipSignpostRampAction {入る}))"},{"id":"mobAzimuthNE","rule":"{北東}"},{"id":"mobAzimuthN","rule":"{北}"},{"id":"mobUnitNauticalSingular","rule":"{海里}"},{"id":"mobPathCurveActionBearRight","rule":"{右方向へ進み}"},{"id":"mobAzimuthE","rule":"{東}"},{"id":"mobAzimuthSE","rule":"{南東}"},{"id":"mobCrossingBorderTurnActionBearRight","rule":"{右方向へ進む}"},{"id":"mobAzimuthW","rule":"{西}"},{"id":"mobAzimuthNW","rule":"{北西}"},{"id":"mobPathCurveActionTurnRight","rule":"{右折}"},{"id":"mobLocalRoadActionBearRight","rule":"{右方向へ進む}"},{"id":"mobRoadSplitActionToProceedLeft","rule":"{進む}"},{"id":"mobLocalRoadActionMakeSharpLeft","rule":"{左折}"},{"id":"mobUTurnRampActionAtForkLeft","rule":"{左側のランプに}"},{"id":"mobLocalRoadActionTurnLeft","rule":"{左折}"},{"id":"mobLocalRoadActionBearLeft","rule":"{左方向へ進む}"},{"id":"mobLocalRoadActionGo","rule":"{進む}"},{"id":"mobHighwayActionBearRight","rule":"{右方向へ進む}"},{"id":"mobSkipHighwayRampActionMakeSharpRight","rule":"{右折して、ランプに}"},{"id":"mobSkipHighwayRampActionTakeRamp","rule":"{ランプに}"},{"id":"mobSkipHighwayRampActionAtForkLeft","rule":"{左側のランプに}"},{"id":"mobSkipHighwayRampActionAtForkRight","rule":"{右側のランプに}"},{"id":"mobSkipSignpostRampActionAtFork","rule":"#Select(#SkipSignpostRampActionAtFork, {ランプに})"},{"id":"mobSkipSignpostRampActionBearRight","rule":"{右方向へ進み、ランプに}"},{"id":"mobForkActionLeft","rule":"{進む}"},{"id":"StopTimeWindow","rule":"{タイム ウィンドウ: } #StopTimeWindowStart { - } #StopTimeWindowEnd"},{"id":"mobSkipSignpostRampActionTurnRight","rule":"{右折して、ランプに}"},{"id":"mobSkipSignpostRampActionMakeSharpRight","rule":"{右折して、ランプに}"},{"id":"mobSkipSignpostRampActionMakeSharpLeft","rule":"{左折して、ランプに}"},{"id":"mobSkipSignpostRampActionTurnLeft","rule":"{左折して、ランプに}"},{"id":"mobSkipSignpostRampActionBearLeft","rule":"{左方向へ進み、ランプに}"},{"id":"mobSkipSignpostRampActionTakeRamp","rule":"{ランプに}"},{"id":"mobSkipSignpostRampActionAtForkLeft","rule":"{左側のランプに}"},{"id":"mobSkipSignpostRampActionAtForkRight","rule":"{右側のランプに}"},{"id":"mobUTurnRampActionFork","rule":"#Select(#UTurnRampActionAtFork, {ランプに})"},{"id":"mobUTurnRampActionBearRight","rule":"{右方向へ進み、ランプに}"},{"id":"mobUTurnRampActionTurnRight","rule":"{右折して、ランプに}"},{"id":"mobUTurnRampActionMakeSharpRight","rule":"{右折して、ランプに}"},{"id":"mobUTurnRampActionMakeSharpLeft","rule":"{左折して、ランプに}"},{"id":"mobUTurnRampActionTurnLeft","rule":"{左折して、ランプに}"},{"id":"mobUTurnRampActionBearLeft","rule":"{左方向へ進み、ランプに}"},{"id":"mobUTurnRampActionTakeRamp","rule":"{ランプに}"},{"id":"mobUTurnRampActionAtForkRight","rule":"{右側のランプに}"},{"id":"mobHighwayActionGo","rule":"{進む}"},{"id":"DirectionStreet","rule":"NAME"},{"id":"mobHighwayActionTurnRight","rule":"{右折}"},{"id":"mobEndOfFerryActionBearRight","rule":"{右方向へ進む}"},{"id":"mobHighwayActionMakeSharpRight","rule":"{右折}"},{"id":"mobHighwayActionMakeSharpLeft","rule":"{左折}"},{"id":"mobHighwayActionTurnLeft","rule":"{左折}"},{"id":"mobHighwayActionBearLeft","rule":"{左方向へ進む}"},{"id":"mobEndOfFerryActionMakeSharpRight","rule":"{右折}"},{"id":"mobEndOfFerryActionMakeSharpLeft","rule":"{左折}"},{"id":"mobEndOfFerryActionTurnLeft","rule":"{左折}"},{"id":"mobEndOfFerryActionBearLeft","rule":"{左方向へ進む}"},{"id":"mobStopArriveActionContinue","rule":"{そのまま進む}"},{"id":"DirectionETA","rule":"#ArriveTime"},{"id":"mobStopArriveActionGo","rule":"{進む}"},{"id":"mobForkActionRight","rule":"{進む}"},{"id":"mobForkActionStraight","rule":"{進む}"},{"id":"mobForkSideLeft","rule":"{左方向へ}"},{"id":"mobForkSideRight","rule":"{右方向へ}"},{"id":"mobForkSideStraight","rule":"{真っすぐ}"},{"id":"mobRoadSplitActionToProceedRight","rule":"{進む}"},{"id":"mobRoadSplitActionToProceedStraight","rule":"{進む}"},{"id":"mobRoadSplitSideToProceedLeft","rule":"{左方向へ}"},{"id":"mobRoadSplitSideToProceedRight","rule":"{右方向へ}"},{"id":"mobRoadSplitSideToProceedStraight","rule":"{真っすぐ}"},{"id":"mobRoadSplitActionToStayLeft","rule":"{進む}"},{"id":"mobRoadSplitActionToStayRight","rule":"{進む}"},{"id":"mobRoadSplitActionToStayStraight","rule":"{進む}"},{"id":"mobRoadSplitSideToStayLeft","rule":"{左方向へ}"},{"id":"mobRoadSplitSideToStayRight","rule":"{右方向へ}"},{"id":"mobRoadSplitSideToStayStraight","rule":"{真っすぐ}"},{"id":"mobCrossingBorderTurnActionContinue","rule":"{そのまま進む}"},{"id":"mobCrossingBorderTurnActionTurnRight","rule":"{右折}"},{"id":"mobCrossingBorderTurnActionMakeSharpRight","rule":"{右折}"},{"id":"mobCrossingBorderTurnActionTurnLeft","rule":"{左折}"},{"id":"mobCrossingBorderTurnActionBearLeft","rule":"{左方向へ進む}"},{"id":"mobCrossingBorderFerryActionTurnRight","rule":"{右折}"},{"id":"mobCrossingBorderFerryActionMakeSharpRight","rule":"{右折}"},{"id":"mobCrossingBorderFerryActionMakeSharpLeft","rule":"{左折}"},{"id":"mobCrossingBorderFerryActionTurnLeft","rule":"{左折}"},{"id":"mobCrossingBorderFerryActionBearLeft","rule":"{左方向へ進む}"},{"id":"mobCrossingBorderFerryActionGo","rule":"{進む}"},{"id":"mobDistanceShort","rule":"{< } #MinDistance(1) ({ } #DistanceUnits)"},{"id":"mobDistanceLong","rule":"#Distance(1) ({ } #DistanceUnits)"},{"id":"mobCumulativeDistanceLong","rule":"#Select(#Distance(1), {0}) ({ } #DistanceUnits)"},{"id":"mobTimeShort","rule":"{< 1 分}"},{"id":"mobTimeLong","rule":"(#TotalHours(0) { 時間 }) (#RoundedMinutesOfHour(0) { 分})"},{"id":"mobStopTimeLong","rule":"(#TotalHours(0) { 時間 }) (#RoundedMinutesOfHour(0) { 分})"},{"id":"mobTravelTimeShort","rule":"{< 1 分}"},{"id":"mobTravelTimeLong","rule":"(#Days(0) { 日 }) (#HoursOfDay(0) { 時間 }) (#RoundedMinutesOfHour(0) { 分})"},{"id":"mobSignpostDestination","rule":"#String(0) ({ / } #String(1)) ({ / } #String(2)) ({ / } #String(3)) ({ / } #String(4))"},{"id":"mobStopSideLeft","rule":"{左}"},{"id":"mobStopSideRight","rule":"{右}"},{"id":"mobCrossNames","rule":"#String(0)"},{"id":"mobLandmarkOnTheLeft","rule":"{左}"},{"id":"mobLandmarkOnTheRight","rule":"{右}"},{"id":"mobLandmarkOnTheFarLeft","rule":"{左の一番奥}"},{"id":"mobLandmarkOnTheFarRight","rule":"{右の一番奥}"},{"id":"mobLandmarkOnTheNearLeft","rule":"{左の一番手前}"},{"id":"mobUnitMileSingular","rule":"{マイル}"},{"id":"mobUnitMilePlural","rule":"{マイル}"},{"id":"mobUnitMileNeutral","rule":"{マイル}"},{"id":"mobUnitKilometerSingular","rule":"{km}"},{"id":"mobUnitKilometerPlural","rule":"{km}"},{"id":"mobUnitKilometerNeutral","rule":"{km}"},{"id":"mobUnitMeterSingular","rule":"{m}"},{"id":"mobUnitMeterPlural","rule":"{m}"},{"id":"mobUnitMeterNeutral","rule":"{m}"},{"id":"mobUnitFootSingular","rule":"{フィート}"},{"id":"mobUnitFootPlural","rule":"{フィート}"},{"id":"mobUnitFootNeutral","rule":"{フィート}"},{"id":"mobUnitYardSingular","rule":"{ヤード}"},{"id":"mobUnitYardPlural","rule":"{ヤード}"},{"id":"mobUnitYardNeutral","rule":"{ヤード}"},{"id":"mobUnitNauticalNeutral","rule":"{海里}"},{"id":"mobUnitSecondSingular","rule":"{秒}"},{"id":"mobUnitSecondPlural","rule":"{秒}"},{"id":"StopSummary","rule":"{距離: } #StopLength"},{"id":"StopStayTime","rule":"{サービス時間: } #StopStayTime"},{"id":"StopFullTime","rule":"#StopFullTime"},{"id":"StopWaitTime","rule":"{待機時間: } #StopWaitTime"},{"id":"StopViolationTime","rule":"{超過時間: } #StopViolationTime"},{"id":"StopLength","rule":"#StopLength"},{"id":"mobDirectionDrive","rule":"(#ItemLength) { 移動}"},{"id":"DirectionLength","rule":"#ItemLength"},{"id":"DirectionTime","rule":"#ItemTime"},{"id":"DirectionCumulativeLength","rule":"#CumulativeDistance"},{"id":"DirectionBranch","rule":"#Branch"},{"id":"DirectionCrossStreet","rule":"#CrossNames"},{"id":"DirectionExitName","rule":"#SignpostExit"},{"id":"mobDirectionAltNames","rule":"ALT_NAME"},{"id":"mobDirectionDayEnd","rule":"{1日の終了}"},{"id":"mobDirectionRestBreak","rule":"{ 休憩}"},{"id":"mobDirectionAfterBreak","rule":"(NAME { に}) {とどまる}"},{"id":"mobEventLandmarkManeuverGuidance","rule":"#FirstUpper(#LandmarkName) @@LandmarkPrepositionString(#LandmarkPreposition) { } {迂回 }"},{"id":"mobEventLandmarkPassageVerification","rule":"(#LandmarkPosition {に位置する }) #LandmarkName @@LandmarkPrepositionString(#LandmarkPreposition) { } {通過 }"}],"lookupMapping":[{"id":"ExitNumberString","value":[{"key":"1","value":"{1 番目の}"},{"key":"2","value":"{2 番目の}"},{"key":"3","value":"{3 番目の}"},{"key":"4","value":"{4 番目の}"},{"key":"5","value":"{5 番目の}"},{"key":"6","value":"{6 番目の}"},{"key":"7","value":"{7 番目の}"},{"key":"8","value":"{8 番目の}"},{"key":"9","value":"{9 番目の}"},{"key":"10","value":"{10 番目の}"}]},{"id":"LandmarkPrepositionString","value":[{"key":"AFTER","value":"{の後に}"},{"key":"AT","value":"{を}"},{"key":"BEFORE","value":"{の前に}"},{"key":"ONTO","value":"{を}"},{"key":"OVER","value":"{をこえて}"},{"key":"PAST","value":"{を過ぎて}"},{"key":"THROUGH","value":"{を}"},{"key":"UNDER","value":"{を}"},{"key":"BY","value":"{を}"},{"key":"NEAR","value":"{近くを}"}]}]}}}]}}