{"directions":{"settings":[{"style":{"id":"NA Navigation","language":{"id":"ko","description":"한국어","strings":[{"id":"mobManeuverHeader","rule":"(#StopName {에서 }) {출발 } "},{"id":"mobAtExit","rule":"#SignpostExit {출구에서 }"},{"id":"mobLandmarkOnTheNearRight","rule":"{오른쪽 가까이}"},{"id":"mobManeuverFooter","rule":"(#StopSide {, }) {목적지에 도착 } "},{"id":"mobManeuverDepart","rule":"(#StopName {에서 }) {출발 } "},{"id":"mobPathCurveActionMakeSharpRight","rule":"{급격히 우회전합니다. }"},{"id":"mobManeuverStopArrive","rule":"((NAME {의 }) (#Azimuth {으로 }) #StopArriveAction )"},{"id":"mobCrossingBorderTurnActionMakeSharpLeft","rule":"{급격히 좌회전합니다. }"},{"id":"mobManeuverArrive","rule":"(#StopSide {, }) {목적지에 도착 } "},{"id":"mobAzimuthSW","rule":"{남서쪽}"},{"id":"mobManeuverUTurnViaRamp","rule":"({유턴하여 } (NAME {로 돌아가려면 }) #UTurnRampAction )"},{"id":"Names","rule":"NAME ({ (} ALT_NAME {)})"},{"id":"ManeuverFerry","rule":"(@@Names { }) {여객선을 탑니다. } "},{"id":"mobSkipHighwayRampActionBearLeft","rule":"{왼쪽 램프로 비스듬히 좌회전합니다. }"},{"id":"mobManeuverAnyRoad","rule":"((NAME {에서 }) (#Azimuth { }) (#CrossNames { 방면으로 이동합니다. }))"},{"id":"mobManeuverCrossingBorderFerry","rule":"( (CROSSADMINBORDER { 진입합니다. }) @mobAtExit (NAME ({ (} ALT_NAME {)}) ) { 여객선으로 } #CrossingBorderFerryAction )"},{"id":"mobManeuverFerryBypass","rule":"(({약 } #ItemLength) ({, } #ItemTime)) { 동안 여객선을 탑니다. }"},{"id":"mobEndOfFerryActionGo","rule":"{이동합니다. }"},{"id":"mobManeuverOntoHighway","rule":"( @mobAtExit #Select((#Branch {로 } ), (NAME {로 })) #HighwayAction )"},{"id":"mobHighwayChanges","rule":"( @mobAtExit #Select((#Branch {로 }), (NAME {로 } )) {길이 바뀝니다. } )"},{"id":"mobStopArriveActionBack","rule":"{돌아갑니다. }"},{"id":"mobSkipHighwayRampActionMakeSharpLeft","rule":"{왼쪽 램프로 급격히 좌회전합니다. }"},{"id":"mobCrossingBorderFerryActionBearRight","rule":"{비스듬히 우회전합니다. }"},{"id":"mobPathCurveActionBearLeft","rule":"{비스듬히 좌회전합니다. }"},{"id":"mobLocalRoadActionMakeSharpRight","rule":"{급격히 우회전합니다. }"},{"id":"mobManeuverPathCurves","rule":"( @mobAtExit (NAME {로 계속 가려면 } ) @mobAtIntersectionOrCrossNames #PathCurveAction )"},{"id":"mobLocalRoadActionTurnRight","rule":"{우회전합니다. }"},{"id":"mobAzimuthS","rule":"{남쪽}"},{"id":"mobAtIntersectionOrCrossNames","rule":"#Select(@mobAtIntersectionNames, (#CrossNames { 에서 }))"},{"id":"mobSkipHighwayRampActionTurnRight","rule":"{오른쪽 램프로 우회전합니다. }"},{"id":"mobCrossingBorderTurnActionGo","rule":"{이동합니다. }"},{"id":"mobSkipHighwayRampActionBearRight","rule":"{오른쪽 램프로 비스듬히 우회전합니다. }"},{"id":"mobManeuverSkipHighwayRamps","rule":"( @mobAtExit #SkipHighwayRampAction #Select( ({그리고 } #Branch {로 이동합니다. }), ({그리고 } NAME {로 이동합니다.})) )"},{"id":"mobManeuverFork","rule":"(#Select(@mobAtExit, {갈림길에서 }) #Select((#Branch {로 }), (NAME {로 })) #ForkSide #ForkAction )"},{"id":"mobStopTimeShort","rule":"{< 1 분}"},{"id":"mobAtIntersectionNames","rule":"#Intersection(NAME) ({ (} #Intersection(ALT_NAME) {)}) { 에서 } "},{"id":"mobManeuverTurnOntoLocalRoad","rule":"( @mobAtExit @mobAtIntersectionNames (NAME {로 }) #LocalRoadAction )"},{"id":"mobPathCurveActionContinue","rule":"{직진합니다. }"},{"id":"mobManeuverCrossingBorderTurn","rule":"( (CROSSADMINBORDER { 진입, }) @mobAtExit (NAME {로 }) #CrossingBorderTurnAction )"},{"id":"mobManeuverCrossingBorder","rule":"(CROSSADMINBORDER { }) {진입 } "},{"id":"mobPathCurveActionTurnLeft","rule":"{좌회전합니다. }"},{"id":"mobManeuverUTurnViaRoundabout","rule":"(NAME {로 }) @mobRoundaboutHeaderGoBack "},{"id":"mobManeuverRoadSplitToProceed","rule":"( @mobAtExit #Select((#Branch {로 } ), (NAME {로 })) {계속 가기 위해 }  #RoadSplitSideToProceed #RoadSplitActionToProceed) "},{"id":"mobRoundaboutHeaderGoBack","rule":"#Select(({돌아가려면 로터리에서 } @@ExitNumberString(#ExitNumber) {출구로 이동합니다. }), {돌아가려면 로터리로 이동합니다. })"},{"id":"mobUnitSecondNeutral","rule":"{초}"},{"id":"mobManeuverUTurn","rule":"@mobAtIntersectionNames {유턴하여 } (NAME {로 }) {돌아갑니다. }"},{"id":"mobManeuverFerry","rule":"(NAME ({ (} ALT_NAME {)}) { }) {여객선을 탑니다. }"},{"id":"mobLocalRoadActionContinue","rule":"{직진합니다. }"},{"id":"mobManeuverEndOfFerry","rule":"( @mobAtExit {여객선에서 내려 } #Select((#Branch {로 }), (NAME {로 })) #EndOfFerryAction )"},{"id":"mobManeuverRoadSplitToStay","rule":"(@mobAtExit  #Select((#Branch {로 } ), (NAME {로 })) {계속 이동하려면 } #RoadSplitSideToStay #RoadSplitActionToStay) "},{"id":"mobUnitNauticalPlural","rule":"{노티컬 마일}"},{"id":"mobManeuverStopOnRoundabout","rule":"{로터리로 이동합니다. }"},{"id":"mobManeuverSkipRoundabout","rule":"@mobToProceed @mobRoundaboutHeader"},{"id":"mobPathCurveActionMakeSharpLeft","rule":"{급격히 좌회전합니다. }"},{"id":"mobEndOfFerryActionTurnRight","rule":"{우회전합니다. }"},{"id":"mobCrossingBorderFerryActionContinue","rule":"{계속 이동합니다. }"},{"id":"DirectionToward","rule":"#Destination"},{"id":"mobToProceed","rule":"#Select((#Branch {로 } ), (NAME {로 })) {계속 가기 위해 } "},{"id":"mobRoundaboutHeader","rule":"#Select(({로터리에서 } @@ExitNumberString(#ExitNumber) {출구로 이동합니다. }), {로터리로 이동합니다. })"},{"id":"mobSkipHighwayRampActionTurnLeft","rule":"{왼쪽 램프로 좌회전합니다. }"},{"id":"mobSkipHighwayRampActionAtFork","rule":"#Select(#SkipHighwayRampActionAtFork, {램프로 진입합니다. })"},{"id":"mobManeuverSkipRoundaboutRamp","rule":"#Select((#Branch {(을)를 향해 }), (NAME {(을)를 향해 })) @mobRoundaboutHeader "},{"id":"mobManeuverSkipSignpostRamps","rule":"( @mobAtExit #Select((#Branch {(을)를 향해 }), (NAME {(을)를 향해 })) #SkipSignpostRampAction )"},{"id":"mobAzimuthNE","rule":"{북동쪽}"},{"id":"mobAzimuthN","rule":"{북쪽}"},{"id":"mobUnitNauticalSingular","rule":"{노티컬 마일}"},{"id":"mobPathCurveActionBearRight","rule":"{비스듬히 우회전합니다. }"},{"id":"mobAzimuthE","rule":"{동쪽}"},{"id":"mobAzimuthSE","rule":"{남동쪽}"},{"id":"mobCrossingBorderTurnActionBearRight","rule":"{비스듬히 우회전합니다. }"},{"id":"mobAzimuthW","rule":"{서쪽}"},{"id":"mobAzimuthNW","rule":"{북서쪽}"},{"id":"mobPathCurveActionTurnRight","rule":"{우회전합니다. }"},{"id":"mobLocalRoadActionBearRight","rule":"{비스듬히 우회전합니다. }"},{"id":"mobRoadSplitActionToProceedLeft","rule":"{차선 유지합니다. }"},{"id":"mobLocalRoadActionMakeSharpLeft","rule":"{급격히 좌회전합니다. }"},{"id":"mobUTurnRampActionAtForkLeft","rule":"{왼쪽 램프로 진입합니다. }"},{"id":"mobLocalRoadActionTurnLeft","rule":"{좌회전합니다. }"},{"id":"mobLocalRoadActionBearLeft","rule":"{비스듬히 좌회전합니다. }"},{"id":"mobLocalRoadActionGo","rule":"{이동합니다. }"},{"id":"mobHighwayActionBearRight","rule":"{비스듬히 우회전합니다. }"},{"id":"mobSkipHighwayRampActionMakeSharpRight","rule":"{오른쪽 램프로 급격히 우회전합니다. }"},{"id":"mobSkipHighwayRampActionTakeRamp","rule":"{램프로 진입합니다. }"},{"id":"mobSkipHighwayRampActionAtForkLeft","rule":"{왼쪽 램프로 진입합니다. }"},{"id":"mobSkipHighwayRampActionAtForkRight","rule":"{오른쪽 램프로 진입합니다. }"},{"id":"mobSkipSignpostRampActionAtFork","rule":"#Select(#SkipSignpostRampActionAtFork, {램프로 진입합니다. })"},{"id":"mobSkipSignpostRampActionBearRight","rule":"{오른쪽 램프로 비스듬히 우회전합니다. }"},{"id":"mobForkActionLeft","rule":"{차선 유지합니다. }"},{"id":"StopTimeWindow","rule":"{시간 창: } #StopTimeWindowStart { - } #StopTimeWindowEnd"},{"id":"mobSkipSignpostRampActionTurnRight","rule":"{오른쪽 램프로 우회전합니다. }"},{"id":"mobSkipSignpostRampActionMakeSharpRight","rule":"{오른쪽 램프로 급격히 우회전합니다. }"},{"id":"mobSkipSignpostRampActionMakeSharpLeft","rule":"{왼쪽 램프로 급격히 좌회전합니다. }"},{"id":"mobSkipSignpostRampActionTurnLeft","rule":"{왼쪽 램프로 좌회전합니다. }"},{"id":"mobSkipSignpostRampActionBearLeft","rule":"{왼쪽 램프로 비스듬히 좌회전합니다. }"},{"id":"mobSkipSignpostRampActionTakeRamp","rule":"{램프로 진입합니다. }"},{"id":"mobSkipSignpostRampActionAtForkLeft","rule":"{왼쪽 램프로 진입합니다. }"},{"id":"mobSkipSignpostRampActionAtForkRight","rule":"{오른쪽 램프로 진입합니다. }"},{"id":"mobUTurnRampActionFork","rule":"#Select(#UTurnRampActionAtFork, {램프로 진입합니다. })"},{"id":"mobUTurnRampActionBearRight","rule":"{오른쪽 램프로 비스듬히 우회전합니다. }"},{"id":"mobUTurnRampActionTurnRight","rule":"{오른쪽 램프로 우회전합니다. }"},{"id":"mobUTurnRampActionMakeSharpRight","rule":"{오른쪽 램프로 급격히 우회전합니다. }"},{"id":"mobUTurnRampActionMakeSharpLeft","rule":"{왼쪽 램프로 급격히 좌회전합니다. }"},{"id":"mobUTurnRampActionTurnLeft","rule":"{왼쪽 램프로 좌회전합니다. }"},{"id":"mobUTurnRampActionBearLeft","rule":"{왼쪽 램프로 비스듬히 좌회전합니다. }"},{"id":"mobUTurnRampActionTakeRamp","rule":"{램프로 진입합니다. }"},{"id":"mobUTurnRampActionAtForkRight","rule":"{오른쪽 램프로 진입합니다. }"},{"id":"mobHighwayActionGo","rule":"{이동합니다. }"},{"id":"DirectionStreet","rule":"NAME"},{"id":"mobHighwayActionTurnRight","rule":"{우회전합니다. }"},{"id":"mobEndOfFerryActionBearRight","rule":"{비스듬히 우회전합니다. }"},{"id":"mobHighwayActionMakeSharpRight","rule":"{급격히 우회전합니다. }"},{"id":"mobHighwayActionMakeSharpLeft","rule":"{급격히 좌회전합니다. }"},{"id":"mobHighwayActionTurnLeft","rule":"{좌회전합니다. }"},{"id":"mobHighwayActionBearLeft","rule":"{비스듬히 좌회전합니다. }"},{"id":"mobEndOfFerryActionMakeSharpRight","rule":"{급격히 우회전합니다. }"},{"id":"mobEndOfFerryActionMakeSharpLeft","rule":"{급격히 좌회전합니다. }"},{"id":"mobEndOfFerryActionTurnLeft","rule":"{좌회전합니다. }"},{"id":"mobEndOfFerryActionBearLeft","rule":"{비스듬히 좌회전합니다. }"},{"id":"mobStopArriveActionContinue","rule":"{계속 이동합니다. }"},{"id":"DirectionETA","rule":"#ArriveTime"},{"id":"mobStopArriveActionGo","rule":"{이동합니다. }"},{"id":"mobForkActionRight","rule":"{차선 유지합니다. }"},{"id":"mobForkActionStraight","rule":"{차선 유지합니다. }"},{"id":"mobForkSideLeft","rule":"{왼쪽 }"},{"id":"mobForkSideRight","rule":"{오른쪽 }"},{"id":"mobForkSideStraight","rule":"{직진 }"},{"id":"mobRoadSplitActionToProceedRight","rule":"{차선 유지합니다. }"},{"id":"mobRoadSplitActionToProceedStraight","rule":"{차선 유지합니다. }"},{"id":"mobRoadSplitSideToProceedLeft","rule":"{왼쪽 }"},{"id":"mobRoadSplitSideToProceedRight","rule":"{오른쪽 }"},{"id":"mobRoadSplitSideToProceedStraight","rule":"{직진 }"},{"id":"mobRoadSplitActionToStayLeft","rule":"{차선 유지합니다. }"},{"id":"mobRoadSplitActionToStayRight","rule":"{차선 유지합니다. }"},{"id":"mobRoadSplitActionToStayStraight","rule":"{차선 유지합니다. }"},{"id":"mobRoadSplitSideToStayLeft","rule":"{왼쪽 }"},{"id":"mobRoadSplitSideToStayRight","rule":"{오른쪽 }"},{"id":"mobRoadSplitSideToStayStraight","rule":"{직진 }"},{"id":"mobCrossingBorderTurnActionContinue","rule":"{계속 이동합니다. }"},{"id":"mobCrossingBorderTurnActionTurnRight","rule":"{우회전합니다. }"},{"id":"mobCrossingBorderTurnActionMakeSharpRight","rule":"{급격히 우회전합니다. }"},{"id":"mobCrossingBorderTurnActionTurnLeft","rule":"{좌회전합니다. }"},{"id":"mobCrossingBorderTurnActionBearLeft","rule":"{비스듬히 좌회전합니다. }"},{"id":"mobCrossingBorderFerryActionTurnRight","rule":"{우회전합니다. }"},{"id":"mobCrossingBorderFerryActionMakeSharpRight","rule":"{급격히 우회전합니다. }"},{"id":"mobCrossingBorderFerryActionMakeSharpLeft","rule":"{급격히 좌회전합니다. }"},{"id":"mobCrossingBorderFerryActionTurnLeft","rule":"{좌회전합니다. }"},{"id":"mobCrossingBorderFerryActionBearLeft","rule":"{비스듬히 좌회전합니다. }"},{"id":"mobCrossingBorderFerryActionGo","rule":"{이동합니다. }"},{"id":"mobDistanceShort","rule":"{< } #MinDistance(1) ({ } #DistanceUnits)"},{"id":"mobDistanceLong","rule":"#Distance(1) ({ } #DistanceUnits)"},{"id":"mobCumulativeDistanceLong","rule":"#Select(#Distance(1), {0}) ({ } #DistanceUnits)"},{"id":"mobTimeShort","rule":"{< 1 분}"},{"id":"mobTimeLong","rule":"(#TotalHours(0) { 시간 }) (#RoundedMinutesOfHour(0) { 분})"},{"id":"mobStopTimeLong","rule":"(#TotalHours(0) { 시간 }) (#RoundedMinutesOfHour(0) { 분})"},{"id":"mobTravelTimeShort","rule":"{< 1 분}"},{"id":"mobTravelTimeLong","rule":"(#Days(0) { 일 }) (#HoursOfDay(0) { 시간 }) (#RoundedMinutesOfHour(0) { 분})"},{"id":"mobSignpostDestination","rule":"#String(0) ({ / } #String(1)) ({ / } #String(2)) ({ / } #String(3)) ({ / } #String(4))"},{"id":"mobStopSideLeft","rule":"{왼쪽}"},{"id":"mobStopSideRight","rule":"{오른쪽}"},{"id":"mobCrossNames","rule":"#String(0)"},{"id":"mobLandmarkOnTheLeft","rule":"{왼쪽}"},{"id":"mobLandmarkOnTheRight","rule":"{오른쪽}"},{"id":"mobLandmarkOnTheFarLeft","rule":"{왼쪽 멀리}"},{"id":"mobLandmarkOnTheFarRight","rule":"{오른쪽 멀리}"},{"id":"mobLandmarkOnTheNearLeft","rule":"{왼쪽 가까이}"},{"id":"mobUnitMileSingular","rule":"{마일}"},{"id":"mobUnitMilePlural","rule":"{마일}"},{"id":"mobUnitMileNeutral","rule":"{마일}"},{"id":"mobUnitKilometerSingular","rule":"{킬로미터}"},{"id":"mobUnitKilometerPlural","rule":"{킬로미터}"},{"id":"mobUnitKilometerNeutral","rule":"{킬로미터}"},{"id":"mobUnitMeterSingular","rule":"{미터}"},{"id":"mobUnitMeterPlural","rule":"{미터}"},{"id":"mobUnitMeterNeutral","rule":"{미터}"},{"id":"mobUnitFootSingular","rule":"{피트}"},{"id":"mobUnitFootPlural","rule":"{피트}"},{"id":"mobUnitFootNeutral","rule":"{피트}"},{"id":"mobUnitYardSingular","rule":"{야드}"},{"id":"mobUnitYardPlural","rule":"{야드}"},{"id":"mobUnitYardNeutral","rule":"{야드}"},{"id":"mobUnitNauticalNeutral","rule":"{노티컬 마일}"},{"id":"mobUnitSecondSingular","rule":"{초}"},{"id":"mobUnitSecondPlural","rule":"{초}"},{"id":"StopSummary","rule":"{거리: } #StopLength"},{"id":"StopStayTime","rule":"{서비스 시간: } #StopStayTime"},{"id":"StopFullTime","rule":"#StopFullTime"},{"id":"StopWaitTime","rule":"{대기 시간: } #StopWaitTime"},{"id":"StopViolationTime","rule":"{위반 시간: } #StopViolationTime"},{"id":"StopLength","rule":"#StopLength"},{"id":"mobDirectionDrive","rule":"({ } #ItemLength) { 운전합니다. } "},{"id":"DirectionLength","rule":"#ItemLength"},{"id":"DirectionTime","rule":"#ItemTime"},{"id":"DirectionCumulativeLength","rule":"#CumulativeDistance"},{"id":"DirectionBranch","rule":"#Branch"},{"id":"DirectionCrossStreet","rule":"#CrossNames"},{"id":"DirectionExitName","rule":"#SignpostExit"},{"id":"mobDirectionAltNames","rule":"ALT_NAME"},{"id":"mobDirectionDayEnd","rule":"{일과 종료}"},{"id":"mobDirectionRestBreak","rule":"{ 휴식 시간 }"},{"id":"mobDirectionAfterBreak","rule":"(NAME {로 }) {계속 이동합니다. } "},{"id":"mobEventLandmarkManeuverGuidance","rule":"#LandmarkName @@LandmarkPrepositionString(#LandmarkPreposition) {준비합니다. } "},{"id":"mobEventLandmarkPassageVerification","rule":"#LandmarkName @@LandmarkPrepositionPassString(#LandmarkPreposition) {지나갑니다. } (#LandmarkPosition {에 있습니다 })"}],"lookupMapping":[{"id":"ExitNumberString","value":[{"key":"1","value":"{첫번째 }"},{"key":"2","value":"{두번째 }"},{"key":"3","value":"{세번째 }"},{"key":"4","value":"{네번째}"},{"key":"5","value":"{다섯번째 }"},{"key":"6","value":"{여섯번째 }"},{"key":"7","value":"{일곱번째 }"},{"key":"8","value":"{여덟번째 }"},{"key":"9","value":"{아홉번째 }"},{"key":"10","value":"{열번째 }"}]},{"id":"LandmarkPrepositionString","value":[{"key":"AFTER","value":"{(을)를 지나서 }"},{"key":"AT","value":"{에서 }"},{"key":"BEFORE","value":"{ 전에 }"},{"key":"ONTO","value":"{(으)로 향하면서 }"},{"key":"OVER","value":"{(을)를 지나가면서 }"},{"key":"PAST","value":"{(을)를 지나서 }"},{"key":"THROUGH","value":"{(을)를 통과하면서 }"},{"key":"UNDER","value":"{ 아래로 지나가면서 }"},{"key":"BY","value":"{ 옆에서 }"},{"key":"NEAR","value":"{ 근처에서 }"}]},{"id":"LandmarkPrepositionPassString","value":[{"key":"AFTER","value":"{ 뒤를 }"},{"key":"AT","value":"{에서 }"},{"key":"BEFORE","value":"{ 앞을 }"},{"key":"ONTO","value":"{(을)를 향해서 }"},{"key":"OVER","value":"{ 위를 }"},{"key":"PAST","value":"{ 뒤를 }"},{"key":"THROUGH","value":"{(을)를 통과하여 }"},{"key":"UNDER","value":"{ 아래를 }"},{"key":"BY","value":"{ 옆을 }"},{"key":"NEAR","value":"{ 근처를 }"}]}]}}}]}}