{"directions":{"settings":[{"style":{"id":"NA Navigation","language":{"id":"pl","description":"Polski","strings":[{"id":"mobManeuverHeader","rule":"{Wyjazd} ({ } #StopName)"},{"id":"mobAtExit","rule":"{na zjeździe } #SignpostExit { }"},{"id":"mobLandmarkOnTheNearRight","rule":"{w pobliżu z prawej strony}"},{"id":"mobManeuverFooter","rule":"{Dotarcie do celu} ({, } #StopSide)"},{"id":"mobManeuverDepart","rule":"{Wyjazd} ({ } #StopName)"},{"id":"mobPathCurveActionMakeSharpRight","rule":"{skręć ostro w prawo}"},{"id":"mobManeuverStopArrive","rule":"#FirstUpper((#StopArriveAction ({ } #Azimuth) ({ w } NAME) ))"},{"id":"mobCrossingBorderTurnActionMakeSharpLeft","rule":"{skręć ostro w lewo}"},{"id":"mobManeuverArrive","rule":"{Dotarcie do celu} ({, } #StopSide)"},{"id":"mobAzimuthSW","rule":"{na południowy-zachód}"},{"id":"mobManeuverUTurnViaRamp","rule":"#FirstUpper((#UTurnRampAction {, aby zawrócić w dozwolonym miejscu i jechać z powrotem} ({ wzdłuż } NAME) ))"},{"id":"Names","rule":"NAME ({ (} ALT_NAME {)})"},{"id":"ManeuverFerry","rule":"{Skorzystaj z promu} ({ } @@Names) { }"},{"id":"mobSkipHighwayRampActionBearLeft","rule":"{skręć lekko w lewo na wjazd}"},{"id":"mobManeuverAnyRoad","rule":"#FirstUpper(({jedź} ({ } #Azimuth) ({ po } NAME) ({ w kierunku } #CrossNames) ))"},{"id":"mobManeuverCrossingBorderFerry","rule":"#FirstUpper(( ({Wjedź do } CROSSADMINBORDER {, }) @mobAtExit #CrossingBorderFerryAction ({ na prom} ({ } NAME ({ (} ALT_NAME {)})) { }) ))"},{"id":"mobManeuverFerryBypass","rule":"{Pozostań na promie przez} ({ } #ItemTime) ({ ~ } #ItemLength)"},{"id":"mobEndOfFerryActionGo","rule":"{jedź}"},{"id":"mobManeuverOntoHighway","rule":"#FirstUpper(( @mobAtExit #HighwayAction #Select(({ na } #Branch), ({ do } NAME)) ))"},{"id":"mobHighwayChanges","rule":"#FirstUpper(( @mobAtExit {zmień drogę} #Select(({ na } #Branch), ({ do } NAME)) ))"},{"id":"mobStopArriveActionBack","rule":"{zawróć}"},{"id":"mobSkipHighwayRampActionMakeSharpLeft","rule":"{skręć ostro w lewo na wjazd}"},{"id":"mobCrossingBorderFerryActionBearRight","rule":"{skręć lekko w prawo}"},{"id":"mobPathCurveActionBearLeft","rule":"{skręć lekko w lewo}"},{"id":"mobLocalRoadActionMakeSharpRight","rule":"{skręć ostro w prawo}"},{"id":"mobManeuverPathCurves","rule":"#FirstUpper(( @mobAtExit #PathCurveAction @mobAtIntersectionOrCrossNames ({ pozostań na } NAME) ))"},{"id":"mobLocalRoadActionTurnRight","rule":"{skręć w prawo}"},{"id":"mobAzimuthS","rule":"{na południe}"},{"id":"mobAtIntersectionOrCrossNames","rule":"#Select(@mobAtIntersectionNames, ({ na } #CrossNames))"},{"id":"mobSkipHighwayRampActionTurnRight","rule":"{skręć w prawo na wjazd}"},{"id":"mobCrossingBorderTurnActionGo","rule":"{jedź}"},{"id":"mobSkipHighwayRampActionBearRight","rule":"{skręć lekko w prawo na wjazd}"},{"id":"mobManeuverSkipHighwayRamps","rule":"#FirstUpper(( @mobAtExit #SkipHighwayRampAction #Select(({ i jedź na } #Branch), ({ i jedź wzdłuż } NAME)) ))"},{"id":"mobManeuverFork","rule":"#FirstUpper((#Select(@mobAtExit, {na rozwidleniu dróg }) #ForkAction ({ } #ForkSide) #Select(({ na } #Branch), ({ na } NAME)) ))"},{"id":"mobStopTimeShort","rule":"{< 1 minuta}"},{"id":"mobAtIntersectionNames","rule":"{ w } #Intersection(NAME) ({ (} #Intersection(ALT_NAME) {)})"},{"id":"mobManeuverTurnOntoLocalRoad","rule":"#FirstUpper(( @mobAtExit #LocalRoadAction @mobAtIntersectionNames ({ na } NAME) ))"},{"id":"mobPathCurveActionContinue","rule":"{kontynuuj jazdę}"},{"id":"mobManeuverCrossingBorderTurn","rule":"#FirstUpper(( ({Wjedź do } CROSSADMINBORDER {, }) @mobAtExit #CrossingBorderTurnAction ({ na } NAME) ))"},{"id":"mobManeuverCrossingBorder","rule":"{Wjedź do} ({ } CROSSADMINBORDER)"},{"id":"mobPathCurveActionTurnLeft","rule":"{skręć w lewo}"},{"id":"mobManeuverUTurnViaRoundabout","rule":"@mobRoundaboutHeaderGoBack ({ na } NAME)"},{"id":"mobManeuverRoadSplitToProceed","rule":"#FirstUpper( (@mobAtExit #RoadSplitActionToProceed ({ } #RoadSplitSideToProceed) { aby dojechać} #Select(({ na } #Branch), ({ na } NAME))) ) "},{"id":"mobRoundaboutHeaderGoBack","rule":"#Select(({Na rondzie, zjedź } @@ExitNumberString(#ExitNumber) { zjazdem i zawróć}), {Wjedź na rondo i zawróć})"},{"id":"mobUnitSecondNeutral","rule":"{sekund}"},{"id":"mobManeuverUTurn","rule":"{Zawróć w dozwolonym miejscu} @mobAtIntersectionNames {  i jedź z powrotem} ({ wzdłuż } NAME)"},{"id":"mobManeuverFerry","rule":"{Skorzystaj z promu} ({ } NAME ({ (} ALT_NAME {)})) { }"},{"id":"mobLocalRoadActionContinue","rule":"{kontynuuj jazdę}"},{"id":"mobManeuverEndOfFerry","rule":"#FirstUpper(( @mobAtExit {opuść prom i } #EndOfFerryAction #Select(({ na } #Branch), ({ w } NAME)) ))"},{"id":"mobManeuverRoadSplitToStay","rule":"#FirstUpper( (@mobAtExit #RoadSplitActionToStay ({ } #RoadSplitSideToStay) { aby pozostać} #Select(({ na } #Branch), ({ na } NAME))) ) "},{"id":"mobUnitNauticalPlural","rule":"{mile morskie}"},{"id":"mobManeuverStopOnRoundabout","rule":"{Wjedź na rondo}"},{"id":"mobManeuverSkipRoundabout","rule":"@mobRoundaboutHeader @mobToProceed"},{"id":"mobRoundaboutHeader","rule":"#Select(({Na rondzie, zjedź } @@ExitNumberString(#ExitNumber) { zjazdem}), {Wjedź na rondo})"},{"id":"mobPathCurveActionMakeSharpLeft","rule":"{skręć ostro w lewo}"},{"id":"mobEndOfFerryActionTurnRight","rule":"{skręć w prawo}"},{"id":"mobCrossingBorderFerryActionContinue","rule":"{kontynuuj jazdę}"},{"id":"DirectionToward","rule":"#Destination"},{"id":"mobToProceed","rule":"{, kontynuuj jazdę} #Select(({ na } #Branch), ({ wzdłuż } NAME))"},{"id":"mobSkipHighwayRampActionTurnLeft","rule":"{skręć w lewo na wjazd}"},{"id":"mobSkipHighwayRampActionAtFork","rule":"#Select(#SkipHighwayRampActionAtFork, {zjedź})"},{"id":"mobManeuverSkipRoundaboutRamp","rule":"@mobRoundaboutHeader (#Select(({ do } #Branch), ({ do } NAME)) )"},{"id":"mobManeuverSkipSignpostRamps","rule":"#FirstUpper(( @mobAtExit #SkipSignpostRampAction #Select(({ do } #Branch), ({ do } NAME)) ))"},{"id":"mobAzimuthNE","rule":"{na północny-wschód}"},{"id":"mobAzimuthN","rule":"{na północ}"},{"id":"mobUnitNauticalSingular","rule":"{mila morska}"},{"id":"mobPathCurveActionBearRight","rule":"{skręć lekko w prawo}"},{"id":"mobAzimuthE","rule":"{na wschód}"},{"id":"mobAzimuthSE","rule":"{na południowy-wschód}"},{"id":"mobCrossingBorderTurnActionBearRight","rule":"{skręć lekko w prawo}"},{"id":"mobAzimuthW","rule":"{na zachód}"},{"id":"mobAzimuthNW","rule":"{na północny zachód}"},{"id":"mobPathCurveActionTurnRight","rule":"{skręć w prawo}"},{"id":"mobLocalRoadActionBearRight","rule":"{skręć lekko w prawo}"},{"id":"mobRoadSplitActionToProceedLeft","rule":"{trzymaj się}"},{"id":"mobLocalRoadActionMakeSharpLeft","rule":"{skręć ostro w lewo}"},{"id":"mobUTurnRampActionAtForkLeft","rule":"{zjedź z lewej strony}"},{"id":"mobLocalRoadActionTurnLeft","rule":"{skręć w lewo}"},{"id":"mobLocalRoadActionBearLeft","rule":"{skręć lekko w lewo}"},{"id":"mobLocalRoadActionGo","rule":"{jedź}"},{"id":"mobHighwayActionBearRight","rule":"{skręć lekko w prawo}"},{"id":"mobSkipHighwayRampActionMakeSharpRight","rule":"{skręć ostro w prawo na wjazd}"},{"id":"mobSkipHighwayRampActionTakeRamp","rule":"{zjedź}"},{"id":"mobSkipHighwayRampActionAtForkLeft","rule":"{zjedź z lewej strony}"},{"id":"mobSkipHighwayRampActionAtForkRight","rule":"{zjedź z prawej strony}"},{"id":"mobSkipSignpostRampActionAtFork","rule":"#Select(#SkipSignpostRampActionAtFork, {zjedź})"},{"id":"mobSkipSignpostRampActionBearRight","rule":"{skręć lekko w prawo na wjazd}"},{"id":"mobForkActionLeft","rule":"{trzymaj się}"},{"id":"StopTimeWindow","rule":"{Okno czasu: } #StopTimeWindowStart { - } #StopTimeWindowEnd"},{"id":"mobSkipSignpostRampActionTurnRight","rule":"{skręć w prawo na wjazd}"},{"id":"mobSkipSignpostRampActionMakeSharpRight","rule":"{skręć ostro w prawo na wjazd}"},{"id":"mobSkipSignpostRampActionMakeSharpLeft","rule":"{skręć ostro w lewo na wjazd}"},{"id":"mobSkipSignpostRampActionTurnLeft","rule":"{skręć w prawo na wjazd}"},{"id":"mobSkipSignpostRampActionBearLeft","rule":"{skręć lekko w lewo na wjazd}"},{"id":"mobSkipSignpostRampActionTakeRamp","rule":"{zjedź}"},{"id":"mobSkipSignpostRampActionAtForkLeft","rule":"{zjedź z lewej strony}"},{"id":"mobSkipSignpostRampActionAtForkRight","rule":"{zjedź z prawej strony}"},{"id":"mobUTurnRampActionFork","rule":"#Select(#UTurnRampActionAtFork, {zjedź})"},{"id":"mobUTurnRampActionBearRight","rule":"{skręć lekko w prawo na wjazd}"},{"id":"mobUTurnRampActionTurnRight","rule":"{skręć w prawo na wjazd}"},{"id":"mobUTurnRampActionMakeSharpRight","rule":"{skręć ostro w prawo na wjazd}"},{"id":"mobUTurnRampActionMakeSharpLeft","rule":"{skręć ostro w lewo na wjazd}"},{"id":"mobUTurnRampActionTurnLeft","rule":"{skręć w lewo na wjazd}"},{"id":"mobUTurnRampActionBearLeft","rule":"{skręć lekko w lewo na wjazd}"},{"id":"mobUTurnRampActionTakeRamp","rule":"{zjedź}"},{"id":"mobUTurnRampActionAtForkRight","rule":"{zjedź z prawej strony}"},{"id":"mobHighwayActionGo","rule":"{jedź}"},{"id":"DirectionStreet","rule":"NAME"},{"id":"mobHighwayActionTurnRight","rule":"{skręć w prawo}"},{"id":"mobEndOfFerryActionBearRight","rule":"{skręć lekko w prawo}"},{"id":"mobHighwayActionMakeSharpRight","rule":"{skręć ostro w prawo}"},{"id":"mobHighwayActionMakeSharpLeft","rule":"{skręć ostro w lewo}"},{"id":"mobHighwayActionTurnLeft","rule":"{skręć w lewo}"},{"id":"mobHighwayActionBearLeft","rule":"{skręć lekko w lewo}"},{"id":"mobEndOfFerryActionMakeSharpRight","rule":"{skręć ostro w prawo}"},{"id":"mobEndOfFerryActionMakeSharpLeft","rule":"{skręć ostro w lewo}"},{"id":"mobEndOfFerryActionTurnLeft","rule":"{skręć w lewo}"},{"id":"mobEndOfFerryActionBearLeft","rule":"{skręć lekko w lewo}"},{"id":"mobStopArriveActionContinue","rule":"{kontynuuj jazdę}"},{"id":"DirectionETA","rule":"#ArriveTime"},{"id":"mobStopArriveActionGo","rule":"{jedź}"},{"id":"mobForkActionRight","rule":"{trzymaj się}"},{"id":"mobForkActionStraight","rule":"{jedź}"},{"id":"mobForkSideLeft","rule":"{z lewej}"},{"id":"mobForkSideRight","rule":"{z prawej}"},{"id":"mobForkSideStraight","rule":"{prosto}"},{"id":"mobRoadSplitActionToProceedRight","rule":"{trzymaj się}"},{"id":"mobRoadSplitActionToProceedStraight","rule":"{jedź}"},{"id":"mobRoadSplitSideToProceedLeft","rule":"{z lewej strony}"},{"id":"mobRoadSplitSideToProceedRight","rule":"{z prawej strony}"},{"id":"mobRoadSplitSideToProceedStraight","rule":"{prosto}"},{"id":"mobRoadSplitActionToStayLeft","rule":"{trzymaj się}"},{"id":"mobRoadSplitActionToStayRight","rule":"{trzymaj się}"},{"id":"mobRoadSplitActionToStayStraight","rule":"{jedź}"},{"id":"mobRoadSplitSideToStayLeft","rule":"{z lewej strony}"},{"id":"mobRoadSplitSideToStayRight","rule":"{z prawej strony}"},{"id":"mobRoadSplitSideToStayStraight","rule":"{prosto}"},{"id":"mobCrossingBorderTurnActionContinue","rule":"{kontynuuj}"},{"id":"mobCrossingBorderTurnActionTurnRight","rule":"{skręć w prawo}"},{"id":"mobCrossingBorderTurnActionMakeSharpRight","rule":"{skręć ostro w prawo}"},{"id":"mobCrossingBorderTurnActionTurnLeft","rule":"{skręć w lewo}"},{"id":"mobCrossingBorderTurnActionBearLeft","rule":"{skręć lekko w lewo}"},{"id":"mobCrossingBorderFerryActionTurnRight","rule":"{skręć w prawo}"},{"id":"mobCrossingBorderFerryActionMakeSharpRight","rule":"{skręć ostro w prawo}"},{"id":"mobCrossingBorderFerryActionMakeSharpLeft","rule":"{skręć ostro w lewo}"},{"id":"mobCrossingBorderFerryActionTurnLeft","rule":"{skręć w lewo}"},{"id":"mobCrossingBorderFerryActionBearLeft","rule":"{skręć lekko w lewo}"},{"id":"mobCrossingBorderFerryActionGo","rule":"{jedź}"},{"id":"mobDistanceShort","rule":"{< } #MinDistance(1) ({ } #DistanceUnits)"},{"id":"mobDistanceLong","rule":"#Distance(1) ({ } #DistanceUnits)"},{"id":"mobCumulativeDistanceLong","rule":"#Select(#Distance(1), {0}) ({ } #DistanceUnits)"},{"id":"mobTimeShort","rule":"{< 1 minuta}"},{"id":"mobTimeLong","rule":"(#TotalHours(0) { godzin(a)(y) }) (#RoundedMinutesOfHour(0) { minut(a)(y))})"},{"id":"mobStopTimeLong","rule":"(#TotalHours(0) { godzin(a) }) (#RoundedMinutesOfHour(0) { minut(a)(y))})"},{"id":"mobTravelTimeShort","rule":"{< 1 minuta}"},{"id":"mobTravelTimeLong","rule":"(#Days(0) { dzień(dni) }) (#HoursOfDay(0) { godzin(a)(y) }) (#RoundedMinutesOfHour(0) { minuta(a)(y)})"},{"id":"mobSignpostDestination","rule":"#String(0) ({ / } #String(1)) ({ / } #String(2)) ({ / } #String(3)) ({ / } #String(4))"},{"id":"mobStopSideLeft","rule":"{ z lewej strony}"},{"id":"mobStopSideRight","rule":"{ z prawej strony}"},{"id":"mobCrossNames","rule":"#String(0)"},{"id":"mobLandmarkOnTheLeft","rule":"{po lewej stronie}"},{"id":"mobLandmarkOnTheRight","rule":"{po prawej stronie}"},{"id":"mobLandmarkOnTheFarLeft","rule":"{w oddali z lewej strony}"},{"id":"mobLandmarkOnTheFarRight","rule":"{w oddali z prawej strony}"},{"id":"mobLandmarkOnTheNearLeft","rule":"{w pobliżu z lewej strony}"},{"id":"mobUnitMileSingular","rule":"{mila}"},{"id":"mobUnitMilePlural","rule":"{mile}"},{"id":"mobUnitMileNeutral","rule":"{mil}"},{"id":"mobUnitKilometerSingular","rule":"{kilometr}"},{"id":"mobUnitKilometerPlural","rule":"{kilometry}"},{"id":"mobUnitKilometerNeutral","rule":"{kilometrów}"},{"id":"mobUnitMeterSingular","rule":"{metr}"},{"id":"mobUnitMeterPlural","rule":"{metry}"},{"id":"mobUnitMeterNeutral","rule":"{metrów}"},{"id":"mobUnitFootSingular","rule":"{stopa}"},{"id":"mobUnitFootPlural","rule":"{stopy}"},{"id":"mobUnitFootNeutral","rule":"{stóp}"},{"id":"mobUnitYardSingular","rule":"{jard}"},{"id":"mobUnitYardPlural","rule":"{jardy}"},{"id":"mobUnitYardNeutral","rule":"{jardów}"},{"id":"mobUnitNauticalNeutral","rule":"{mil morskich}"},{"id":"mobUnitSecondSingular","rule":"{sekunda}"},{"id":"mobUnitSecondPlural","rule":"{sekundy}"},{"id":"StopSummary","rule":"{Odległość: } #StopLength"},{"id":"StopStayTime","rule":"{Czas obsługi: } #StopStayTime"},{"id":"StopFullTime","rule":"#StopFullTime"},{"id":"StopWaitTime","rule":"{Czas oczekiwania: } #StopWaitTime"},{"id":"StopViolationTime","rule":"{Czas opóźnienia: } #StopViolationTime"},{"id":"StopLength","rule":"#StopLength"},{"id":"mobDirectionDrive","rule":"{Trasa} ({ } #ItemLength)"},{"id":"DirectionLength","rule":"#ItemLength"},{"id":"DirectionTime","rule":"#ItemTime"},{"id":"DirectionCumulativeLength","rule":"#CumulativeDistance"},{"id":"DirectionBranch","rule":"#Branch"},{"id":"DirectionCrossStreet","rule":"#CrossNames"},{"id":"DirectionExitName","rule":"#SignpostExit"},{"id":"mobDirectionAltNames","rule":"ALT_NAME"},{"id":"mobDirectionDayEnd","rule":"{Koniec dnia}"},{"id":"mobDirectionRestBreak","rule":"{ Pozostało przerwy}"},{"id":"mobDirectionAfterBreak","rule":"{Pozostań} ({ na } NAME)"},{"id":"mobEventLandmarkManeuverGuidance","rule":"{Wykonaj manewr } @@LandmarkPrepositionString(#LandmarkPreposition) { } #FirstUpper(#LandmarkName)"},{"id":"mobEventLandmarkPassageVerification","rule":"{Przejedź } @@LandmarkPrepositionString(#LandmarkPreposition) { } #LandmarkName ({. Obiekt będzie się znajdował } #LandmarkPosition)"}],"lookupMapping":[{"id":"ExitNumberString","value":[{"key":"1","value":"{1-szym}"},{"key":"2","value":"{2-gim}"},{"key":"3","value":"{3-cim}"},{"key":"4","value":"{4-tym}"},{"key":"5","value":"{5-tym}"},{"key":"6","value":"{6-tym}"},{"key":"7","value":"{7-tym}"},{"key":"8","value":"{8-mym}"},{"key":"9","value":"{9-tym}"},{"key":"10","value":"{10-tym}"}]},{"id":"LandmarkPrepositionString","value":[{"key":"AFTER","value":"{po}"},{"key":"AT","value":"{przy}"},{"key":"BEFORE","value":"{przed}"},{"key":"ONTO","value":"{na}"},{"key":"OVER","value":"{przez}"},{"key":"PAST","value":"{po}"},{"key":"THROUGH","value":"{przez}"},{"key":"UNDER","value":"{pod}"},{"key":"BY","value":"{obok}"},{"key":"NEAR","value":"{w pobliżu}"}]}]}}}]}}