{"directions":{"settings":[{"style":{"id":"NA Navigation","language":{"id":"sv","description":"Svenska","strings":[{"id":"mobManeuverHeader","rule":"{Åk från} ({ } #StopName)"},{"id":"mobAtExit","rule":"{vid avfart } #SignpostExit { }"},{"id":"mobLandmarkOnTheNearRight","rule":"{nära till höger}"},{"id":"mobManeuverFooter","rule":"{Anländ vid destination} ({, på } #StopSide)"},{"id":"mobManeuverDepart","rule":"{Åk från} ({ } #StopName)"},{"id":"mobPathCurveActionMakeSharpRight","rule":"{gör en skarp högersväng}"},{"id":"mobManeuverStopArrive","rule":"#FirstUpper((#StopArriveAction ({ } #Azimuth) ({ på } NAME) ))"},{"id":"mobCrossingBorderTurnActionMakeSharpLeft","rule":"{gör en skarp vänstersväng}"},{"id":"mobManeuverArrive","rule":"{Anländ vid destination} ({, på } #StopSide)"},{"id":"mobAzimuthSW","rule":"{sydväst}"},{"id":"mobManeuverUTurnViaRamp","rule":"#FirstUpper((#UTurnRampAction {. Gör en tillåten U-sväng och kör tillbaka} ({ på } NAME) ))"},{"id":"Names","rule":"NAME ({ (} ALT_NAME {)})"},{"id":"ManeuverFerry","rule":"{Ta} ({ } @@Names) { färjan}"},{"id":"mobSkipHighwayRampActionBearLeft","rule":"{sväng vänster till avfart}"},{"id":"mobManeuverAnyRoad","rule":"#FirstUpper(({kör} ({ } #Azimuth) ({ på } NAME) ({ mot } #CrossNames) ))"},{"id":"mobManeuverCrossingBorderFerry","rule":"#FirstUpper(( ({Kör in i } CROSSADMINBORDER {, }) @mobAtExit #CrossingBorderFerryAction ({ på} ({ } NAME ({ (} ALT_NAME {)})) { färjan}) ))"},{"id":"mobManeuverFerryBypass","rule":"{Stanna på färjan i} ({ } #ItemTime) ({ ~ } #ItemLength)"},{"id":"mobEndOfFerryActionGo","rule":"{kör}"},{"id":"mobManeuverOntoHighway","rule":"#FirstUpper(( @mobAtExit #HighwayAction #Select(({ på } #Branch), ({ på } NAME)) ))"},{"id":"mobHighwayChanges","rule":"#FirstUpper(( @mobAtExit {Byt väg} #Select(({ till } #Branch), ({ till } NAME)) ))"},{"id":"mobStopArriveActionBack","rule":"{ kör tillbaka }"},{"id":"mobSkipHighwayRampActionMakeSharpLeft","rule":"{gör en skarp vänstersväng till avfart}"},{"id":"mobCrossingBorderFerryActionBearRight","rule":"{sväng höger}"},{"id":"mobPathCurveActionBearLeft","rule":"{sväng vänster}"},{"id":"mobLocalRoadActionMakeSharpRight","rule":"{gör en skarp högersväng}"},{"id":"mobManeuverPathCurves","rule":"#FirstUpper(( @mobAtExit #PathCurveAction @mobAtIntersectionOrCrossNames ({ att stanna på } NAME) ))"},{"id":"mobLocalRoadActionTurnRight","rule":"{sväng höger}"},{"id":"mobAzimuthS","rule":"{söderut}"},{"id":"mobAtIntersectionOrCrossNames","rule":"#Select(@mobAtIntersectionNames, ({ vid } #CrossNames))"},{"id":"mobSkipHighwayRampActionTurnRight","rule":"{sväng höger till avfart}"},{"id":"mobCrossingBorderTurnActionGo","rule":"{Kör}"},{"id":"mobSkipHighwayRampActionBearRight","rule":"{sväng höger till avfart}"},{"id":"mobManeuverSkipHighwayRamps","rule":"#FirstUpper(( @mobAtExit #SkipHighwayRampAction #Select(({ och fortsätt } #Branch), ({ och fortsätt } NAME)) ))"},{"id":"mobManeuverFork","rule":"#FirstUpper((#Select(@mobAtExit, {vid förgrening }) #ForkAction ({ } #ForkSide) #Select(({ på } #Branch), ({ på } NAME)) ))"},{"id":"mobStopTimeShort","rule":"{< 1 minut}"},{"id":"mobAtIntersectionNames","rule":"{ vid } #Intersection(NAME) ({ (} #Intersection(ALT_NAME) {)})"},{"id":"mobManeuverTurnOntoLocalRoad","rule":"#FirstUpper(( @mobAtExit #LocalRoadAction @mobAtIntersectionNames ({ på } NAME) ))"},{"id":"mobPathCurveActionContinue","rule":"{fortsätt}"},{"id":"mobManeuverCrossingBorderTurn","rule":"#FirstUpper(( ({Kör in i } CROSSADMINBORDER {, }) @mobAtExit #CrossingBorderTurnAction ({ på } NAME) ))"},{"id":"mobManeuverCrossingBorder","rule":"{Enter} ({ } CROSSADMINBORDER)"},{"id":"mobPathCurveActionTurnLeft","rule":"{sväng vänster}"},{"id":"mobManeuverUTurnViaRoundabout","rule":"@mobRoundaboutHeaderGoBack ({ på } NAME)"},{"id":"mobManeuverRoadSplitToProceed","rule":"#FirstUpper( (@mobAtExit #RoadSplitActionToProceed ({ } #RoadSplitSideToProceed) { för att fortsätta} #Select(({ på } #Branch), ({ på } NAME))) ) "},{"id":"mobRoundaboutHeaderGoBack","rule":"#Select(({I rondellen, ta } @@ExitNumberString(#ExitNumber) { kör ut för att åka tillbaka}), {I rondellen, kör tillbaka})"},{"id":"mobUnitSecondNeutral","rule":"{sekund (er)}"},{"id":"mobManeuverUTurn","rule":"{Gör en tillåten U-sväng} @mobAtIntersectionNames { och kör tillbaka} ({ på } NAME)"},{"id":"mobManeuverFerry","rule":"{Ta} ({ } NAME ({ (} ALT_NAME {)})) { färjan}"},{"id":"mobLocalRoadActionContinue","rule":"{fortsätt}"},{"id":"mobManeuverEndOfFerry","rule":"#FirstUpper(( @mobAtExit {ta av färjan och } #EndOfFerryAction #Select(({ på } #Branch), ({ på } NAME)) ))"},{"id":"mobManeuverRoadSplitToStay","rule":"#FirstUpper( (@mobAtExit #RoadSplitActionToStay ({ } #RoadSplitSideToStay) { för att fortsätta} #Select(({ on } #Branch), ({ on } NAME))) ) "},{"id":"mobUnitNauticalPlural","rule":"{nautiska mil}"},{"id":"mobManeuverStopOnRoundabout","rule":"{I rondellen}"},{"id":"mobManeuverSkipRoundabout","rule":"@mobRoundaboutHeader @mobToProceed"},{"id":"mobRoundaboutHeader","rule":"#Select(({I rondellen, ta } @@ExitNumberString(#ExitNumber) { avfart till}), {I rondellen})"},{"id":"mobPathCurveActionMakeSharpLeft","rule":"{gör en skarp vänstersväng}"},{"id":"mobEndOfFerryActionTurnRight","rule":"{sväng höger}"},{"id":"mobCrossingBorderFerryActionContinue","rule":"{fortsätt}"},{"id":"DirectionToward","rule":"#Destination"},{"id":"mobToProceed","rule":"{ för att fortsätta} #Select(({ på } #Branch), ({ på } NAME))"},{"id":"mobSkipHighwayRampActionTurnLeft","rule":"{sväng vänster till avfart}"},{"id":"mobSkipHighwayRampActionAtFork","rule":"#Select(#SkipHighwayRampActionAtFork, {ta avfart})"},{"id":"mobManeuverSkipRoundaboutRamp","rule":"@mobRoundaboutHeader (#Select(({ till } #Branch), ({ till } NAME)) )"},{"id":"mobManeuverSkipSignpostRamps","rule":"#FirstUpper(( @mobAtExit #SkipSignpostRampAction #Select(({ till } #Branch), ({ till } NAME)) ))"},{"id":"mobAzimuthNE","rule":"{nordost}"},{"id":"mobAzimuthN","rule":"{norrut}"},{"id":"mobUnitNauticalSingular","rule":"{nautiska mil}"},{"id":"mobPathCurveActionBearRight","rule":"{sväng höger}"},{"id":"mobAzimuthE","rule":"{österut}"},{"id":"mobAzimuthSE","rule":"{sydost}"},{"id":"mobCrossingBorderTurnActionBearRight","rule":"{sväng höger}"},{"id":"mobAzimuthW","rule":"{väst}"},{"id":"mobAzimuthNW","rule":"{nordväst}"},{"id":"mobPathCurveActionTurnRight","rule":"{sväng höger}"},{"id":"mobLocalRoadActionBearRight","rule":"{sväng höger}"},{"id":"mobRoadSplitActionToProceedLeft","rule":"{håll}"},{"id":"mobLocalRoadActionMakeSharpLeft","rule":"{gör en skarp vänstersväng}"},{"id":"mobUTurnRampActionAtForkLeft","rule":"{ta avfart på vänster sida}"},{"id":"mobLocalRoadActionTurnLeft","rule":"{sväng vänster}"},{"id":"mobLocalRoadActionBearLeft","rule":"{sväng vänster}"},{"id":"mobLocalRoadActionGo","rule":"{kör}"},{"id":"mobHighwayActionBearRight","rule":"{sväng höger}"},{"id":"mobSkipHighwayRampActionMakeSharpRight","rule":"{gör en skarp högersväng till avfart}"},{"id":"mobSkipHighwayRampActionTakeRamp","rule":"{ ta avfart }"},{"id":"mobSkipHighwayRampActionAtForkLeft","rule":"{ta avfart på vänster sida}"},{"id":"mobSkipHighwayRampActionAtForkRight","rule":"{ta avfart på höger sida}"},{"id":"mobSkipSignpostRampActionAtFork","rule":"#Select(#SkipSignpostRampActionAtFork, { ta avfart })"},{"id":"mobSkipSignpostRampActionBearRight","rule":"{sväng höger till avfart}"},{"id":"mobForkActionLeft","rule":"{håll}"},{"id":"StopTimeWindow","rule":"{Tidsfönster: } #StopTimeWindowStart { - } #StopTimeWindowEnd"},{"id":"mobSkipSignpostRampActionTurnRight","rule":"{sväng höger till avfart}"},{"id":"mobSkipSignpostRampActionMakeSharpRight","rule":"{gör en skarp högersväng till avfart}"},{"id":"mobSkipSignpostRampActionMakeSharpLeft","rule":"{gör en skarp vänstersväng till avfart}"},{"id":"mobSkipSignpostRampActionTurnLeft","rule":"{sväng vänster till avfart}"},{"id":"mobSkipSignpostRampActionBearLeft","rule":"{sväng vänster till avfart}"},{"id":"mobSkipSignpostRampActionTakeRamp","rule":"{ ta avfart }"},{"id":"mobSkipSignpostRampActionAtForkLeft","rule":"{ta avfart på vänster sida}"},{"id":"mobSkipSignpostRampActionAtForkRight","rule":"{ta avfart på höger sida}"},{"id":"mobUTurnRampActionFork","rule":"#Select(#UTurnRampActionAtFork, { ta avfart })"},{"id":"mobUTurnRampActionBearRight","rule":"{sväng höger till avfart}"},{"id":"mobUTurnRampActionTurnRight","rule":"{sväng höger till avfart}"},{"id":"mobUTurnRampActionMakeSharpRight","rule":"{gör en skarp högersväng till avfart}"},{"id":"mobUTurnRampActionMakeSharpLeft","rule":"{gör en skarp vänstersväng till avfart}"},{"id":"mobUTurnRampActionTurnLeft","rule":"{sväng vänster till avfart}"},{"id":"mobUTurnRampActionBearLeft","rule":"{sväng vänster till avfart}"},{"id":"mobUTurnRampActionTakeRamp","rule":"{ta avfart}"},{"id":"mobUTurnRampActionAtForkRight","rule":"{ta avfart på höger sida}"},{"id":"mobHighwayActionGo","rule":"{kör}"},{"id":"DirectionStreet","rule":"NAME"},{"id":"mobHighwayActionTurnRight","rule":"{sväng höger}"},{"id":"mobEndOfFerryActionBearRight","rule":"{håll höger}"},{"id":"mobHighwayActionMakeSharpRight","rule":"{gör en skarp högersväng}"},{"id":"mobHighwayActionMakeSharpLeft","rule":"{gör en skarp vänstersväng}"},{"id":"mobHighwayActionTurnLeft","rule":"{sväng vänster}"},{"id":"mobHighwayActionBearLeft","rule":"{sväng vänster}"},{"id":"mobEndOfFerryActionMakeSharpRight","rule":"{gör en skarp högersväng}"},{"id":"mobEndOfFerryActionMakeSharpLeft","rule":"{gör en skarp vänstersväng}"},{"id":"mobEndOfFerryActionTurnLeft","rule":"{sväng vänster}"},{"id":"mobEndOfFerryActionBearLeft","rule":"{sväng vänster}"},{"id":"mobStopArriveActionContinue","rule":"{fortsätt}"},{"id":"DirectionETA","rule":"#ArriveTime"},{"id":"mobStopArriveActionGo","rule":"{kör}"},{"id":"mobForkActionRight","rule":"{håll}"},{"id":"mobForkActionStraight","rule":"{kör}"},{"id":"mobForkSideLeft","rule":"{vänster}"},{"id":"mobForkSideRight","rule":"{höger}"},{"id":"mobForkSideStraight","rule":"{rakt}"},{"id":"mobRoadSplitActionToProceedRight","rule":"{håll}"},{"id":"mobRoadSplitActionToProceedStraight","rule":"{kör}"},{"id":"mobRoadSplitSideToProceedLeft","rule":"{vänster}"},{"id":"mobRoadSplitSideToProceedRight","rule":"{höger}"},{"id":"mobRoadSplitSideToProceedStraight","rule":"{rakt fram}"},{"id":"mobRoadSplitActionToStayLeft","rule":"{håll}"},{"id":"mobRoadSplitActionToStayRight","rule":"{håll}"},{"id":"mobRoadSplitActionToStayStraight","rule":"{kör}"},{"id":"mobRoadSplitSideToStayLeft","rule":"{vänster}"},{"id":"mobRoadSplitSideToStayRight","rule":"{höger}"},{"id":"mobRoadSplitSideToStayStraight","rule":"{rakt fram}"},{"id":"mobCrossingBorderTurnActionContinue","rule":"{fortsätt}"},{"id":"mobCrossingBorderTurnActionTurnRight","rule":"{sväng höger}"},{"id":"mobCrossingBorderTurnActionMakeSharpRight","rule":"{gör en skarp högersväng}"},{"id":"mobCrossingBorderTurnActionTurnLeft","rule":"{sväng vänster}"},{"id":"mobCrossingBorderTurnActionBearLeft","rule":"{sväng vänster}"},{"id":"mobCrossingBorderFerryActionTurnRight","rule":"{sväng höger}"},{"id":"mobCrossingBorderFerryActionMakeSharpRight","rule":"{gör en skarp högersväng}"},{"id":"mobCrossingBorderFerryActionMakeSharpLeft","rule":"{gör en skarp vänstersväng}"},{"id":"mobCrossingBorderFerryActionTurnLeft","rule":"{sväng vänster}"},{"id":"mobCrossingBorderFerryActionBearLeft","rule":"{sväng vänster}"},{"id":"mobCrossingBorderFerryActionGo","rule":"{kör}"},{"id":"mobDistanceShort","rule":"{< } #MinDistance(1) ({ } #DistanceUnits)"},{"id":"mobDistanceLong","rule":"#Distance(1) ({ } #DistanceUnits)"},{"id":"mobCumulativeDistanceLong","rule":"#Select(#Distance(1), {0}) ({ } #DistanceUnits)"},{"id":"mobTimeShort","rule":"{< 1 minut}"},{"id":"mobTimeLong","rule":"(#TotalHours(0) { timme(ar) }) (#RoundedMinutesOfHour(0) { minut(er)})"},{"id":"mobStopTimeLong","rule":"(#TotalHours(0) { timme(ar)  }) (#RoundedMinutesOfHour(0) { minut(er)})"},{"id":"mobTravelTimeShort","rule":"{< 1 minut}"},{"id":"mobTravelTimeLong","rule":"(#Days(0) { dag(ar) }) (#HoursOfDay(0) { timme(ar)  }) (#RoundedMinutesOfHour(0) { minut(er)})"},{"id":"mobSignpostDestination","rule":"#String(0) ({ / } #String(1)) ({ / } #String(2)) ({ / } #String(3)) ({ / } #String(4))"},{"id":"mobStopSideLeft","rule":"{vänster}"},{"id":"mobStopSideRight","rule":"{höger}"},{"id":"mobCrossNames","rule":"#String(0)"},{"id":"mobLandmarkOnTheLeft","rule":"{till vänster}"},{"id":"mobLandmarkOnTheRight","rule":"{till höger}"},{"id":"mobLandmarkOnTheFarLeft","rule":"{längt till vänster}"},{"id":"mobLandmarkOnTheFarRight","rule":"{längst till höger}"},{"id":"mobLandmarkOnTheNearLeft","rule":"{nära till vänster}"},{"id":"mobUnitMileSingular","rule":"{eng. mil}"},{"id":"mobUnitMilePlural","rule":"{eng. mil}"},{"id":"mobUnitMileNeutral","rule":"{eng. mil}"},{"id":"mobUnitKilometerSingular","rule":"{kilometer}"},{"id":"mobUnitKilometerPlural","rule":"{kilometer}"},{"id":"mobUnitKilometerNeutral","rule":"{kilometer}"},{"id":"mobUnitMeterSingular","rule":"{meter}"},{"id":"mobUnitMeterPlural","rule":"{meter}"},{"id":"mobUnitMeterNeutral","rule":"{meter}"},{"id":"mobUnitFootSingular","rule":"{fot}"},{"id":"mobUnitFootPlural","rule":"{fot}"},{"id":"mobUnitFootNeutral","rule":"{fot}"},{"id":"mobUnitYardSingular","rule":"{yard}"},{"id":"mobUnitYardPlural","rule":"{yard}"},{"id":"mobUnitYardNeutral","rule":"{yard}"},{"id":"mobUnitNauticalNeutral","rule":"{nautiska mil}"},{"id":"mobUnitSecondSingular","rule":"{sekund}"},{"id":"mobUnitSecondPlural","rule":"{sekunder}"},{"id":"StopSummary","rule":"{Avstånd: } #StopLength"},{"id":"StopStayTime","rule":"{Servicetid:} #StopStayTime"},{"id":"StopFullTime","rule":"#StopFullTime"},{"id":"StopWaitTime","rule":"{Väntetid:} #StopWaitTime"},{"id":"StopViolationTime","rule":"{Tidsavbrott: } #StopViolationTime"},{"id":"StopLength","rule":"#StopLength"},{"id":"mobDirectionDrive","rule":"{Kör} ({ } #ItemLength)"},{"id":"DirectionLength","rule":"#ItemLength"},{"id":"DirectionTime","rule":"#ItemTime"},{"id":"DirectionCumulativeLength","rule":"#CumulativeDistance"},{"id":"DirectionBranch","rule":"#Branch"},{"id":"DirectionCrossStreet","rule":"#CrossNames"},{"id":"DirectionExitName","rule":"#SignpostExit"},{"id":"mobDirectionAltNames","rule":"ALT_NAME"},{"id":"mobDirectionDayEnd","rule":"{Slutet av dagen}"},{"id":"mobDirectionRestBreak","rule":"{Paus}"},{"id":"mobDirectionAfterBreak","rule":"{Stanna} ({ på } NAME)"},{"id":"mobEventLandmarkManeuverGuidance","rule":"{Utför manövern } @@LandmarkPrepositionString(#LandmarkPreposition) { } #FirstUpper(#LandmarkName)"},{"id":"mobEventLandmarkPassageVerification","rule":"{Passera } @@LandmarkPrepositionString(#LandmarkPreposition) { } #LandmarkName ({. Det ligger } #LandmarkPosition)"}],"lookupMapping":[{"id":"ExitNumberString","value":[{"key":"1","value":"{1:a}"},{"key":"2","value":"{2:a}"},{"key":"3","value":"{3:e}"},{"key":"4","value":"{4:e}"},{"key":"5","value":"{5:e}"},{"key":"6","value":"{6:e}"},{"key":"7","value":"{7:e}"},{"key":"8","value":"{8:e}"},{"key":"9","value":"{9:e}"},{"key":"10","value":"{10:e}"}]},{"id":"LandmarkPrepositionString","value":[{"key":"AFTER","value":"{efter}"},{"key":"AT","value":"{vid}"},{"key":"BEFORE","value":"{före}"},{"key":"ONTO","value":"{på}"},{"key":"OVER","value":"{över}"},{"key":"PAST","value":"{förbi}"},{"key":"THROUGH","value":"{genom}"},{"key":"UNDER","value":"{under}"},{"key":"BY","value":"{vid}"},{"key":"NEAR","value":"{nära}"}]}]}}}]}}