{"directions":{"settings":[{"style":{"id":"NA Navigation","language":{"id":"tr","description":"Türkçe","strings":[{"id":"mobManeuverHeader","rule":"{ Kalkış} ({ } #StopName)"},{"id":"mobAtExit","rule":"#SignpostExit { çıkısında }"},{"id":"mobLandmarkOnTheNearRight","rule":"{ yakın sağa}"},{"id":"mobManeuverFooter","rule":"#StopSide { da } { varış yerine ulaş}"},{"id":"mobManeuverDepart","rule":"{ Kalkış} ({ } #StopName)"},{"id":"mobPathCurveActionMakeSharpRight","rule":"{ sağa keskin dönüş yap}"},{"id":"mobManeuverStopArrive","rule":"#FirstUpper((({ } #Azimuth) ( NAME { üzerinde }) )) #StopArriveAction "},{"id":"mobCrossingBorderTurnActionMakeSharpLeft","rule":"{ sola keskin dönüş yap}"},{"id":"mobManeuverArrive","rule":"#StopSide { da } { Varış yerine ulaş}"},{"id":"mobAzimuthSW","rule":"{ Güney Bati}"},{"id":"mobManeuverUTurnViaRamp","rule":"#FirstUpper((#UTurnRampAction { yasal bir U dönüşü yap ve } ( NAME { üzerinde geri dön }) )) "},{"id":"Names","rule":"NAME ({ (} ALT_NAME {)})"},{"id":"ManeuverFerry","rule":"(@@Names) { feribotuna} { geç}"},{"id":"mobSkipHighwayRampActionBearLeft","rule":"{ rampa üzerinden sola gir}"},{"id":"mobManeuverAnyRoad","rule":"#FirstUpper((({ } #Azimuth) ( NAME { üzerinde }) ( #CrossNames { yönünde }) )) { ilerle} "},{"id":"mobManeuverCrossingBorderFerry","rule":"#FirstUpper(( (CROSSADMINBORDER { gir }) #FirstUpper(@mobAtExit (({ } NAME ({ (} ALT_NAME {)})) { üzerinde } { }) ))) #CrossingBorderFerryAction "},{"id":"mobManeuverFerryBypass","rule":"{Feribot üzerinde bekleme} ({ } #ItemTime) ({ ~ } #ItemLength)"},{"id":"mobEndOfFerryActionGo","rule":"{ ilerle}"},{"id":"mobManeuverOntoHighway","rule":"#FirstUpper(( @mobAtExit #Select(({ } #Branch { üzerinde }), ({ üzerinde } NAME)) )) #HighwayAction"},{"id":"mobHighwayChanges","rule":"#FirstUpper(( @mobAtExit  #Select(({ } #Branch { doğru }), (NAME { doğru })) )) {yol değiştir}"},{"id":"mobStopArriveActionBack","rule":"{ geri gön}"},{"id":"mobSkipHighwayRampActionMakeSharpLeft","rule":"{ rampa üzerinden sola keskin dönüş yap}"},{"id":"mobCrossingBorderFerryActionBearRight","rule":"{ sağa gir}"},{"id":"mobPathCurveActionBearLeft","rule":"{ sola gir}"},{"id":"mobLocalRoadActionMakeSharpRight","rule":"{ sağa keskin dönüş yap}"},{"id":"mobManeuverPathCurves","rule":"#FirstUpper(( @mobAtIntersectionOrCrossNames (NAME) { üzerinde bekle }  )) @mobAtExit #PathCurveAction"},{"id":"mobLocalRoadActionTurnRight","rule":"{ sağa dön}"},{"id":"mobAzimuthS","rule":"{ Güney}"},{"id":"mobAtIntersectionOrCrossNames","rule":"#Select(@mobAtIntersectionNames, ({ } #CrossNames {konumunda}))"},{"id":"mobSkipHighwayRampActionTurnRight","rule":"{ rampa üzerinden sağa dön}"},{"id":"mobCrossingBorderTurnActionGo","rule":"{ ilerle}"},{"id":"mobSkipHighwayRampActionBearRight","rule":"{ rampa üzerinden sağa gir}"},{"id":"mobManeuverSkipHighwayRamps","rule":"#FirstUpper(( @mobAtExit { } #Branch #SkipHighwayRampAction #Select(({ ve devam et }), ({ } NAME { ve devam et })) ))"},{"id":"mobManeuverFork","rule":"#FirstUpper((#Select(@mobAtExit, { yol ayrımında })  { }  #Branch #Select((  { üzerinde }), ( NAME { üzerinde })) )) ({ } #ForkSide) #ForkAction "},{"id":"mobStopTimeShort","rule":"{< 1 dakika}"},{"id":"mobAtIntersectionNames","rule":"#Intersection(NAME) { konumunda } ({ (} #Intersection(ALT_NAME) {)})"},{"id":"mobManeuverTurnOntoLocalRoad","rule":"#FirstUpper(( @mobAtExit  @mobAtIntersectionNames ( NAME { üzerinde }) )) #LocalRoadAction"},{"id":"mobPathCurveActionContinue","rule":"{ devam et}"},{"id":"mobManeuverCrossingBorderTurn","rule":"#FirstUpper(( (CROSSADMINBORDER { gir }) #FirstUpper(@mobAtExit ( NAME { üzerinde }) ))) #CrossingBorderTurnAction"},{"id":"mobManeuverCrossingBorder","rule":"(CROSSADMINBORDER) {Gir}"},{"id":"mobPathCurveActionTurnLeft","rule":"{ sola dön}"},{"id":"mobManeuverUTurnViaRoundabout","rule":"@mobRoundaboutHeaderGoBack ( NAME) { üzerinde }"},{"id":"mobManeuverRoadSplitToProceed","rule":"#FirstUpper( (@mobAtExit  ({ } ) { ilerlemek için } { }  #Branch #Select(({ üzerinde } #RoadSplitSideToProceed), ( NAME { üzerinde }))) ) #RoadSplitActionToProceed "},{"id":"mobRoundaboutHeaderGoBack","rule":"#Select(({Döner Kavşağa Gir } @@ExitNumberString(#ExitNumber) { geri dönüş için çık}), {Döner Kavsağa gir ve geri dön})"},{"id":"mobUnitSecondNeutral","rule":"{saniye(s)}"},{"id":"mobManeuverUTurn","rule":"{ Yasal bir U dönüş yap} @mobAtIntersectionNames { ve } ( NAME { üzerinde geri dön })"},{"id":"mobManeuverFerry","rule":" ({ } NAME ({ (} ALT_NAME {)})) { feribot} { kullan}"},{"id":"mobLocalRoadActionContinue","rule":"{ devam et}"},{"id":"mobManeuverEndOfFerry","rule":"#FirstUpper(( @mobAtExit { feribottan in ve} {  } #Branch #Select(({ üzerinde } ), (NAME { üzerinde })) )) #EndOfFerryAction"},{"id":"mobManeuverRoadSplitToStay","rule":"#FirstUpper( (@mobAtExit  ({ } #Branch) { hedef} #Select(( { rotada  }  #RoadSplitSideToStay), ( NAME { rotada  }))) ) #RoadSplitActionToStay"},{"id":"mobUnitNauticalPlural","rule":"{nmi}"},{"id":"mobManeuverStopOnRoundabout","rule":"{Döner Kavşağa Gir}"},{"id":"mobManeuverSkipRoundabout","rule":"@mobRoundaboutHeader @mobToProceed"},{"id":"mobRoundaboutHeader","rule":"#Select(({ Döner Ada da } @@ExitNumberString(#ExitNumber) { çıkış}), {Döner Kavşağa Gir})"},{"id":"mobPathCurveActionMakeSharpLeft","rule":"{ sola keskin dönüş yap}"},{"id":"mobEndOfFerryActionTurnRight","rule":"{ sağa dön}"},{"id":"mobCrossingBorderFerryActionContinue","rule":"{ devam et}"},{"id":"DirectionToward","rule":"#Destination"},{"id":"mobToProceed","rule":"#Select(( #Branch { üzerinde }), ( NAME { üzerinde })) { devam et} "},{"id":"mobSkipHighwayRampActionTurnLeft","rule":"{ rampa üzerinden sola dön}"},{"id":"mobSkipHighwayRampActionAtFork","rule":"#Select(#SkipHighwayRampActionAtFork, { rampayı çık})"},{"id":"mobManeuverSkipRoundaboutRamp","rule":"#Select((#Branch { doğru }), (NAME { doğru } ))  @mobRoundaboutHeader "},{"id":"mobManeuverSkipSignpostRamps","rule":"#FirstUpper((#Select(({ } #Branch { doğru }), (NAME { doğru } )) )) @mobAtExit #SkipSignpostRampAction"},{"id":"mobAzimuthNE","rule":"{ Kuzey Doğu}"},{"id":"mobAzimuthN","rule":"{ Kuzey}"},{"id":"mobUnitNauticalSingular","rule":"{nmi}"},{"id":"mobPathCurveActionBearRight","rule":"{ sağa gir}"},{"id":"mobAzimuthE","rule":"{ Doğu}"},{"id":"mobAzimuthSE","rule":"{ Güney Dogu}"},{"id":"mobCrossingBorderTurnActionBearRight","rule":"{ sağa gir}"},{"id":"mobAzimuthW","rule":"{ Batiı}"},{"id":"mobAzimuthNW","rule":"{ Kuzey Batı}"},{"id":"mobPathCurveActionTurnRight","rule":"{ sağa dön}"},{"id":"mobLocalRoadActionBearRight","rule":"{ sağa gir}"},{"id":"mobRoadSplitActionToProceedLeft","rule":"{ kal}"},{"id":"mobLocalRoadActionMakeSharpLeft","rule":"{ sola keskin dönüş yap}"},{"id":"mobUTurnRampActionAtForkLeft","rule":"{ rampadan sola dön}"},{"id":"mobLocalRoadActionTurnLeft","rule":"{ sola dön}"},{"id":"mobLocalRoadActionBearLeft","rule":"{ sola gir}"},{"id":"mobLocalRoadActionGo","rule":"{ ilerle}"},{"id":"mobHighwayActionBearRight","rule":"{ sağa gir}"},{"id":"mobSkipHighwayRampActionMakeSharpRight","rule":"{ rampa üzerinden sağa keskin dönüş yap}"},{"id":"mobSkipHighwayRampActionTakeRamp","rule":"{ rampayı çık}"},{"id":"mobSkipHighwayRampActionAtForkLeft","rule":"{ soldaki rampayı çık}"},{"id":"mobSkipHighwayRampActionAtForkRight","rule":"{ sağdaki rampayı çık}"},{"id":"mobSkipSignpostRampActionAtFork","rule":"#Select(#SkipSignpostRampActionAtFork, { rampayı çık})"},{"id":"mobSkipSignpostRampActionBearRight","rule":"{ rampa üzerinden sağa gir}"},{"id":"mobForkActionLeft","rule":"{ devam et}"},{"id":"StopTimeWindow","rule":"{ Zaman Penceresi: } #StopTimeWindowStart { - } #StopTimeWindowEnd"},{"id":"mobSkipSignpostRampActionTurnRight","rule":"{ rampa üzerinden sağa dön}"},{"id":"mobSkipSignpostRampActionMakeSharpRight","rule":"{ rampa üzerinden sağa keskin dönüş yap}"},{"id":"mobSkipSignpostRampActionMakeSharpLeft","rule":"{ rampa üzerinden sola keskin dönüş yap}"},{"id":"mobSkipSignpostRampActionTurnLeft","rule":"{ rampa üzerinden sola sön}"},{"id":"mobSkipSignpostRampActionBearLeft","rule":"{ rampa üzerinden sola gir}"},{"id":"mobSkipSignpostRampActionTakeRamp","rule":"{ rampayı çık}"},{"id":"mobSkipSignpostRampActionAtForkLeft","rule":"{ soldaki rampayı çık}"},{"id":"mobSkipSignpostRampActionAtForkRight","rule":"{ sağdaki rampayı çık}"},{"id":"mobUTurnRampActionFork","rule":"#Select(#UTurnRampActionAtFork, { Rampayi çik})"},{"id":"mobUTurnRampActionBearRight","rule":"{ rampanın üzerinden sağa gir}"},{"id":"mobUTurnRampActionTurnRight","rule":"{ rampanin üzerinden sağa dön}"},{"id":"mobUTurnRampActionMakeSharpRight","rule":"{ rampanın üzerinden sağa keskin dönüş yap}"},{"id":"mobUTurnRampActionMakeSharpLeft","rule":"{ rampanın üzerinden sola keskin dönüş yap}"},{"id":"mobUTurnRampActionTurnLeft","rule":"{ rampanın üzerinden sola dön}"},{"id":"mobUTurnRampActionBearLeft","rule":"{ rampanın üzerinden sola gir}"},{"id":"mobUTurnRampActionTakeRamp","rule":"{ rapmayı çık}"},{"id":"mobUTurnRampActionAtForkRight","rule":"{ rampadan sağa dön}"},{"id":"mobHighwayActionGo","rule":"{ ilerle}"},{"id":"DirectionStreet","rule":"NAME"},{"id":"mobHighwayActionTurnRight","rule":"{ sağa dön}"},{"id":"mobEndOfFerryActionBearRight","rule":"{ sağa gir}"},{"id":"mobHighwayActionMakeSharpRight","rule":"{ sağa keskin dönüş yap}"},{"id":"mobHighwayActionMakeSharpLeft","rule":"{ sola keskin dönüş yap}"},{"id":"mobHighwayActionTurnLeft","rule":"{ sola dön}"},{"id":"mobHighwayActionBearLeft","rule":"{ sola gir}"},{"id":"mobEndOfFerryActionMakeSharpRight","rule":"{ sağa keskin dönüş yap}"},{"id":"mobEndOfFerryActionMakeSharpLeft","rule":"{ sola keskin dönüş yap}"},{"id":"mobEndOfFerryActionTurnLeft","rule":"{ sola dön}"},{"id":"mobEndOfFerryActionBearLeft","rule":"{ sola gir}"},{"id":"mobStopArriveActionContinue","rule":"{ devam et}"},{"id":"DirectionETA","rule":"#ArriveTime"},{"id":"mobStopArriveActionGo","rule":"{ ilerle}"},{"id":"mobForkActionRight","rule":"{ devam et}"},{"id":"mobForkActionStraight","rule":"{ ilerle}"},{"id":"mobForkSideLeft","rule":"{ sola}"},{"id":"mobForkSideRight","rule":"{ sağa}"},{"id":"mobForkSideStraight","rule":"{ düz}"},{"id":"mobRoadSplitActionToProceedRight","rule":"{ kal}"},{"id":"mobRoadSplitActionToProceedStraight","rule":"{ ilerle}"},{"id":"mobRoadSplitSideToProceedLeft","rule":"{ solda}"},{"id":"mobRoadSplitSideToProceedRight","rule":"{ sağda}"},{"id":"mobRoadSplitSideToProceedStraight","rule":"{ düz}"},{"id":"mobRoadSplitActionToStayLeft","rule":"{ kal}"},{"id":"mobRoadSplitActionToStayRight","rule":"{ kal}"},{"id":"mobRoadSplitActionToStayStraight","rule":"{ ilerle}"},{"id":"mobRoadSplitSideToStayLeft","rule":"{ solda}"},{"id":"mobRoadSplitSideToStayRight","rule":"{ sağda}"},{"id":"mobRoadSplitSideToStayStraight","rule":"{ düz}"},{"id":"mobCrossingBorderTurnActionContinue","rule":"{ devam et}"},{"id":"mobCrossingBorderTurnActionTurnRight","rule":"{ sağa dön}"},{"id":"mobCrossingBorderTurnActionMakeSharpRight","rule":"{ sağa keskin dönüş yap}"},{"id":"mobCrossingBorderTurnActionTurnLeft","rule":"{ sola dön}"},{"id":"mobCrossingBorderTurnActionBearLeft","rule":"{ sola gir}"},{"id":"mobCrossingBorderFerryActionTurnRight","rule":"{ sağa dön}"},{"id":"mobCrossingBorderFerryActionMakeSharpRight","rule":"{ sağa keskin dönüş yap}"},{"id":"mobCrossingBorderFerryActionMakeSharpLeft","rule":"{ sola keskin dönüş yap}"},{"id":"mobCrossingBorderFerryActionTurnLeft","rule":"{ sola dön}"},{"id":"mobCrossingBorderFerryActionBearLeft","rule":"{ sola gir}"},{"id":"mobCrossingBorderFerryActionGo","rule":"{ ilerle}"},{"id":"mobDistanceShort","rule":"{< } #MinDistance(1) ({ } #DistanceUnits)"},{"id":"mobDistanceLong","rule":"#Distance(1) ({ } #DistanceUnits)"},{"id":"mobCumulativeDistanceLong","rule":"#Select(#Distance(1), {0}) ({ } #DistanceUnits)"},{"id":"mobTimeShort","rule":"{< 1 dakika}"},{"id":"mobTimeLong","rule":"(#TotalHours(0) { saat(s) }) (#RoundedMinutesOfHour(0) { dakika(dk)})"},{"id":"mobStopTimeLong","rule":"(#TotalHours(0) { saat(s) }) (#RoundedMinutesOfHour(0) { dakika(dk)})"},{"id":"mobTravelTimeShort","rule":"{< 1 dakika}"},{"id":"mobTravelTimeLong","rule":"(#Days(0) { gün(g) }) (#HoursOfDay(0) { saat(s) }) (#RoundedMinutesOfHour(0) { dakika(dk)})"},{"id":"mobSignpostDestination","rule":"#String(0) ({ / } #String(1)) ({ / } #String(2)) ({ / } #String(3)) ({ / } #String(4))"},{"id":"mobStopSideLeft","rule":"{ sol}"},{"id":"mobStopSideRight","rule":"{ sağ}"},{"id":"mobCrossNames","rule":"#String(0)"},{"id":"mobLandmarkOnTheLeft","rule":"{ sola}"},{"id":"mobLandmarkOnTheRight","rule":"{ sağa}"},{"id":"mobLandmarkOnTheFarLeft","rule":"{ en sola}"},{"id":"mobLandmarkOnTheFarRight","rule":"{ en sağa}"},{"id":"mobLandmarkOnTheNearLeft","rule":"{ yakın sola}"},{"id":"mobUnitMileSingular","rule":"{mil}"},{"id":"mobUnitMilePlural","rule":"{mil}"},{"id":"mobUnitMileNeutral","rule":"{mil(s)}"},{"id":"mobUnitKilometerSingular","rule":"{kilometre}"},{"id":"mobUnitKilometerPlural","rule":"{kilometre}"},{"id":"mobUnitKilometerNeutral","rule":"{kilometre(s)}"},{"id":"mobUnitMeterSingular","rule":"{metre}"},{"id":"mobUnitMeterPlural","rule":"{metre}"},{"id":"mobUnitMeterNeutral","rule":"{metre(s)}"},{"id":"mobUnitFootSingular","rule":"{adım}"},{"id":"mobUnitFootPlural","rule":"{fit}"},{"id":"mobUnitFootNeutral","rule":"{fit}"},{"id":"mobUnitYardSingular","rule":"{yard}"},{"id":"mobUnitYardPlural","rule":"{yards}"},{"id":"mobUnitYardNeutral","rule":"{yard(s)}"},{"id":"mobUnitNauticalNeutral","rule":"{nmi}"},{"id":"mobUnitSecondSingular","rule":"{saniye}"},{"id":"mobUnitSecondPlural","rule":"{saniye}"},{"id":"StopSummary","rule":"{ Mesafe: } #StopLength"},{"id":"StopStayTime","rule":"{ Servis Süresi: } #StopStayTime"},{"id":"StopFullTime","rule":"#StopFullTime"},{"id":"StopWaitTime","rule":"{ Bekleme Zamanı: } #StopWaitTime"},{"id":"StopViolationTime","rule":"{ Aksama Zamani: } #StopViolationTime"},{"id":"StopLength","rule":"#StopLength"},{"id":"mobDirectionDrive","rule":"(#ItemLength) { sür }"},{"id":"DirectionLength","rule":"#ItemLength"},{"id":"DirectionTime","rule":"#ItemTime"},{"id":"DirectionCumulativeLength","rule":"#CumulativeDistance"},{"id":"DirectionBranch","rule":"#Branch"},{"id":"DirectionCrossStreet","rule":"#CrossNames"},{"id":"DirectionExitName","rule":"#SignpostExit"},{"id":"mobDirectionAltNames","rule":"ALT_NAME"},{"id":"mobDirectionDayEnd","rule":"{Günün sonu}"},{"id":"mobDirectionRestBreak","rule":"{ Ara dinlenme}"},{"id":"mobDirectionAfterBreak","rule":"( NAME { üzerinde bekle})"},{"id":"mobEventLandmarkManeuverGuidance","rule":" #FirstUpper(#LandmarkName { }) @@LandmarkPrepositionString(#LandmarkPreposition) { } {dönüş yap }"},{"id":"mobEventLandmarkPassageVerification","rule":"@@LandmarkPrepositionString(#LandmarkPreposition) #LandmarkPosition { } #LandmarkName { üzerinden }  {geç}"}],"lookupMapping":[{"id":"ExitNumberString","value":[{"key":"1","value":"{birinci}"},{"key":"2","value":"{ikinci}"},{"key":"3","value":"{üçüncü}"},{"key":"4","value":"{dördüncü}"},{"key":"5","value":"{beşinci}"},{"key":"6","value":"{altıncı}"},{"key":"7","value":"{yedinci}"},{"key":"8","value":"{sekizinci}"},{"key":"9","value":"{dokuzuncu}"},{"key":"10","value":"{onuncu}"}]},{"id":"LandmarkPrepositionString","value":[{"key":"AFTER","value":"{sonra}"},{"key":"AT","value":"{noktasından}"},{"key":"BEFORE","value":"{önce}"},{"key":"ONTO","value":"{önce}"},{"key":"OVER","value":"{üzerinden}"},{"key":"PAST","value":"{geçince}"},{"key":"THROUGH","value":"{geçince}"},{"key":"UNDER","value":"{altından}"},{"key":"BY","value":"{civarından}"},{"key":"NEAR","value":"{yanından}"}]}]}}}]}}