{"directions":{"settings":[{"style":{"id":"NA Desktop","language":{"id":"ar","description":"العربية","strings":[{"id":"AzimuthSE","rule":"{جنوب شرق}"},{"id":"ManeuverStopOnRoundabout","rule":"{سُلوك ساحة الدوران}"},{"id":"ManeuverHeader","rule":"{البداية} ({ من } #StopName)"},{"id":"ManeuverAnyRoad","rule":"#FirstUpper(({السير } ({ نحو } #Azimuth) ({ على } @@Names) ({ باتجاه } #CrossNames)))"},{"id":"ForkSideStraight","rule":"{الأمام}"},{"id":"RoadSplitSideToStayStraight","rule":"{الأمام}"},{"id":"StopArrivalFinish","rule":"{ } #StopArrival({مُبكرة},{مُتأخرة})"},{"id":"ManeuverFooter","rule":"{النهاية} @StopArrivalFinish ({ عند } #StopName) (#StopSide)"},{"id":"EventLandmarkManeuverGuidance","rule":"{عمل مناورة } @@LandmarkPrepositionString(#LandmarkPreposition) { } #FirstUpper(#LandmarkName)"},{"id":"ManeuverDepart","rule":"{المغادرة } ({ من} #StopName)"},{"id":"ManeuverFerryBypass","rule":"{البقاء على العَبّارة } ({ لمدة تُقارب } #ItemTime) ({ لمسافة } #ItemLength)"},{"id":"Names","rule":"NAME ({ (} ALT_NAME {)})"},{"id":"AzimuthNE","rule":"{شمال شرق}"},{"id":"ManeuverFerry","rule":"{استخدام عَبّارة} ({ } @@Names) { }"},{"id":"ManeuverUTurn","rule":"{الاستدارة إلى الخلف} @AtIntersectionOrCrossNames { والرجوع} ({ على } @@Names)"},{"id":"ManeuverArrive","rule":"{الوصول} @StopArrival ({ إلى } #StopName) (#StopSide)"},{"id":"StopArrival","rule":"{ } #StopArrival({مُبكر},{مُتأخر})"},{"id":"ManeuverStopArrive","rule":"#FirstUpper((#StopArriveAction ({ نحو } #Azimuth) ({ على } @@Names)))"},{"id":"ManeuverTurnOntoLocalRoad","rule":"#FirstUpper( (@AtExit #LocalRoadAction @AtIntersectionNames ({ على } @@Names) ({ باتجاه } #Destination)) )"},{"id":"AtExit","rule":"{عند مَخرج } #SignpostExit {،} { }"},{"id":"AtIntersectionNames","rule":"{ عند } #Intersection(NAME) ({ (} #Intersection(ALT_NAME) {)})"},{"id":"ManeuverPathCurves","rule":"#FirstUpper( (@AtExit #PathCurveAction @AtIntersectionOrCrossNames ({ للبقاء على } @@Names) ({ باتجاه } #Destination)) )"},{"id":"UTurnRampActionTurnLeft","rule":"{الاستدارة نحو اليسار إلى مَنفَذ الطريق السريع}"},{"id":"AtIntersectionOrCrossNames","rule":"#Select(@AtIntersectionNames, ({ عند } #CrossNames))"},{"id":"PathCurveActionTurnLeft","rule":"{الاستدارة نحو اليسار}"},{"id":"TimeZoneChange","rule":"#Sign (#TotalHours(0) { ساعة }) (#RoundedMinutesOfHour(0) { دقيقة})"},{"id":"ManeuverOntoHighway","rule":"#FirstUpper( @AtExit #HighwayAction @AtIntersectionNames #Select(@OnBranchDestination, ({ على } @@Names)) )"},{"id":"OnBranchDestination","rule":"({ على } #Branch) ({ باتجاه } #Destination)"},{"id":"ManeuverDoubleTurn","rule":"#FirstUpper( (#FirstTurn(#FirstActionBearing) { ثُم } #SecondTurn(#SecondActionBearing)) )"},{"id":"UnitFootPlural","rule":"{قدم}"},{"id":"LocalRoadActionTurnRight","rule":"{الاستدارة نحو اليمين}"},{"id":"ManeuverUTurnViaRamp","rule":"#FirstUpper( (#UTurnRampAction { للاستدارة إلى الخلف والرجوع} ({ على } @@Names)) )"},{"id":"ManeuverUTurnViaRoundabout","rule":"@RoundaboutHeaderGoBack ({ على } @@Names)"},{"id":"RoundaboutHeaderGoBack","rule":"#Select(({عند ساحة الدوران، سُلوك المخرج } @@ExitNumberString(#ExitNumber) {  للرجوع}), {سُلوك ساحة الدوران والرجوع})"},{"id":"AzimuthS","rule":"{الجنوب}"},{"id":"ManeuverEndOfFerry","rule":"#FirstUpper( @AtExit #EndOfFerryAction #Select(@OnBranchDestination,  ({ على } @@Names)) )"},{"id":"UnitNauticalPlural","rule":"{ميل بحري}"},{"id":"PathCurveActionMakeSharpRight","rule":"{الاستدارة بحدة نحو اليمين}"},{"id":"ManeuverFork","rule":"#FirstUpper( (#Select(@AtExit, {عند المَفرق، }) #ForkAction ({ نحو } #ForkSide) #Select(@OnBranchDestination, ({ على } @@Names))) )"},{"id":"LocalRoadActionBearRight","rule":"{الانعطاف نحو اليمين}"},{"id":"ManeuverSkipSignpostRamps","rule":"#FirstUpper( @AtExit #SkipSignpostRampAction #Select(@ToBranchDestination, ({ المؤدي إلى } @@Names)) )"},{"id":"TravelTimeShort","rule":"{< 1 دقيقة}"},{"id":"UnitMilePlural","rule":"{ميل}"},{"id":"ManeuverRoadSplitToProceed","rule":"#FirstUpper( (@AtExit #RoadSplitActionToProceed ({ } #RoadSplitSideToProceed) { للاستمرار} #Select(@OnBranchDestination, ({ على } @@Names))) ) "},{"id":"RoundaboutToBranchDestination","rule":"({ إلى } #Branch) ({ باتجاه } #Destination)"},{"id":"FirstActionTurnRight","rule":"{الاستدارة نحو اليمين} @AtIntersectionNames ({ على } NAME)"},{"id":"ManeuverRoadSplitToStay","rule":"#FirstUpper( (@AtExit #RoadSplitActionToStay ({ } #RoadSplitSideToStay) { للبقاء} #Select(@OnBranchDestination, ({ على } @@Names))) ) "},{"id":"UTurnRampActionAtForkRight","rule":"{سُلوك مَنفَذ الطريق السريع نحو اليمين}"},{"id":"LocalRoadActionGo","rule":"{السير}"},{"id":"EventTakeRoundaboutToStay","rule":"{سُلوك ساحة الدوران} ({ للاستمرار على } @@Names)"},{"id":"DirectionCumulativeLength","rule":"#CumulativeDistance"},{"id":"AzimuthSW","rule":"{جنوب غرب}"},{"id":"ToProceed","rule":"{ للاستمرار} #Select(@OnBranchDestination, ({ على } @@Names))"},{"id":"ManeuverSkipRoundabout","rule":"@RoundaboutHeader @ToProceed"},{"id":"AzimuthW","rule":"{الغرب}"},{"id":"RoundaboutHeader","rule":"#Select(({عند ساحة الدوران، سُلوك المخرج } @@ExitNumberString(#ExitNumber) { }), {سُلوك ساحة الدوران})"},{"id":"ManeuverSkipRoundaboutRamp","rule":"@RoundaboutHeader #Select(@RoundaboutToBranchDestination, ({ إلى } @@Names))"},{"id":"EventRestrictionViolation","rule":"{القيود: } #Restriction"},{"id":"ManeuverSkipHighwayRamps","rule":"#FirstUpper( @AtExit #SkipHighwayRampAction #Select(@AndGoOnBranchDestination, ({ والسير على } @@Names)) )"},{"id":"AndGoOnBranchDestination","rule":"({ والسير على } #Branch) ({ باتجاه } #Destination)"},{"id":"ToBranchDestination","rule":"({ المؤدي إلى } #Branch) ({ باتجاه } #Destination)"},{"id":"EventTimeChanged","rule":"{الدخول ٳلى منطقة زمنية جديدة.} ({ فرق الوقت: } #TZChange)"},{"id":"FirstActionBearRight","rule":"{الانعطاف نحو اليمين} @AtIntersectionNames ({ على } NAME)"},{"id":"PathCurveActionContinue","rule":"{الاستمرار}"},{"id":"EventCrossingBorder","rule":"{الدخول } ({ إلى} CROSSADMINBORDER)"},{"id":"AzimuthN","rule":"{الشمال}"},{"id":"AzimuthE","rule":"{الشرق}"},{"id":"AzimuthNW","rule":"{شمال غرب}"},{"id":"RoadSplitSideToStayLeft","rule":"{اليسار}"},{"id":"PathCurveActionBearRight","rule":"{الانعطاف نحو اليمين}"},{"id":"LocalRoadActionContinue","rule":"{الاستمرار}"},{"id":"LocalRoadActionMakeSharpRight","rule":"{الاستدارة بحدة نحو اليمين}"},{"id":"LocalRoadActionMakeSharpLeft","rule":"{الاستدارة بحدة نحو اليسار}"},{"id":"PathCurveActionBearLeft","rule":"{الانعطاف نحو اليسار}"},{"id":"LocalRoadActionTurnLeft","rule":"{الاستدارة نحو اليسار}"},{"id":"LandmarkOnTheNearRight","rule":"{اليمين}"},{"id":"LocalRoadActionBearLeft","rule":"{الانعطاف نحو اليسار}"},{"id":"PathCurveActionTurnRight","rule":"{الاستدارة نحو اليمين}"},{"id":"PathCurveActionMakeSharpLeft","rule":"{الاستدارة بحدة نحو اليسار}"},{"id":"FirstActionMakeSharpRight","rule":"{الاستدارة بحدة نحو اليمين} @AtIntersectionNames ({ على } NAME)"},{"id":"FirstActionMakeSharpLeft","rule":"{الاستدارة بحدة نحو اليسار} @AtIntersectionNames ({ على } NAME)"},{"id":"FirstActionTurnLeft","rule":"{الاستدارة نحو اليسار} @AtIntersectionNames ({ على } NAME)"},{"id":"FirstActionBearLeft","rule":"{الانعطاف نحو اليسار} @AtIntersectionNames ({ على } NAME)"},{"id":"FirstActionContinue","rule":"{الاستمرار} @AtIntersectionNames ({ على } NAME)"},{"id":"SecondActionBearRight","rule":"{الانعطاف نحو اليمين مباشرةً} ({ على } NAME)"},{"id":"DirectionAfterBreak","rule":"(#DepartTime { }) {الاستمرار} { على } @@Names"},{"id":"SecondActionTurnRight","rule":"{الاستدارة نحو اليمين مباشرةً} ({ على } NAME)"},{"id":"SecondActionMakeSharpRight","rule":"{الاستدارة بحدة نحو اليمين مباشرةً} ({ على } NAME)"},{"id":"SkipHighwayRampActionAtForkRight","rule":"{سُلوك مَنفَذ الطريق السريع نحو اليمين}"},{"id":"SecondActionMakeSharpLeft","rule":"{الاستدارة بحدة نحو اليسار مباشرةً} ({ على } NAME)"},{"id":"EndOfFerryActionTurnLeft","rule":"{الاستدارة نحو اليسار}"},{"id":"SecondActionTurnLeft","rule":"{الاستدارة نحو اليسار مباشرةً} ({ على } NAME)"},{"id":"SecondActionBearLeft","rule":"{الانعطاف نحو اليسار مباشرةً} ({ على } NAME)"},{"id":"SecondActionContinue","rule":"{الاستمرار مباشرةً} ({ على } NAME)"},{"id":"HighwayActionBearRight","rule":"{الانعطاف نحو اليمين}"},{"id":"DistanceLong","rule":"#Distance(1) ({ } #DistanceUnits)"},{"id":"SkipHighwayRampActionAtFork","rule":"#Select(#SkipHighwayRampActionAtFork, {سُلوك مَنفَذ الطريق السريع})"},{"id":"UnitNauticalNeutral","rule":"{ميل بحري}"},{"id":"SkipHighwayRampActionBearRight","rule":"{الانعطاف نحو اليمين إلى مَنفَذ الطريق السريع}"},{"id":"SkipHighwayRampActionTurnRight","rule":"{الاستدارة نحو اليمين إلى مَنفَذ الطريق السريع}"},{"id":"SkipHighwayRampActionMakeSharpRight","rule":"{الاستدارة بحدة نحو اليمين إلى مَنفَذ الطريق السريع}"},{"id":"SkipHighwayRampActionMakeSharpLeft","rule":"{الاستدارة بحدة نحو اليسار إلى مَنفَذ الطريق السريع}"},{"id":"SkipHighwayRampActionTurnLeft","rule":"{الاستدارة نحو اليسار إلى مَنفَذ الطريق السريع}"},{"id":"SkipHighwayRampActionBearLeft","rule":"{الانعطاف نحو اليسار إلى مَنفَذ الطريق السريع}"},{"id":"SkipHighwayRampActionTakeRamp","rule":"{سُلوك مَنفَذ الطريق السريع}"},{"id":"SkipHighwayRampActionAtForkLeft","rule":"{سُلوك مَنفَذ الطريق السريع نحو اليسار}"},{"id":"SkipSignpostRampActionAtFork","rule":"#Select(#SkipSignpostRampActionAtFork, {سُلوك مَنفَذ الطريق السريع})"},{"id":"SkipSignpostRampActionBearRight","rule":"{الانعطاف نحو اليمين إلى مَنفَذ الطريق السريع}"},{"id":"SkipSignpostRampActionTurnRight","rule":"{الاستدارة نحو اليمين إلى مَنفَذ الطريق السريع}"},{"id":"UnitYardNeutral","rule":"{ياردة}"},{"id":"SkipSignpostRampActionMakeSharpRight","rule":"{الاستدارة بحدة نحو اليمين إلى مَنفَذ الطريق السريع}"},{"id":"UTurnRampActionTakeRamp","rule":"{سُلوك مَنفَذ الطريق السريع}"},{"id":"SkipSignpostRampActionMakeSharpLeft","rule":"{الاستدارة بحدة نحو اليسار إلى مَنفَذ الطريق السريع}"},{"id":"SkipSignpostRampActionTurnLeft","rule":"{الاستدارة نحو اليسار إلى مَنفَذ الطريق السريع}"},{"id":"SkipSignpostRampActionBearLeft","rule":"{الانعطاف نحو اليسار إلى مَنفَذ الطريق السريع}"},{"id":"SkipSignpostRampActionTakeRamp","rule":"{سُلوك مَنفَذ الطريق السريع}"},{"id":"SkipSignpostRampActionAtForkLeft","rule":"{سُلوك مَنفَذ الطريق السريع نحو اليسار}"},{"id":"SkipSignpostRampActionAtForkRight","rule":"{سُلوك مَنفَذ الطريق السريع نحو اليمين}"},{"id":"UTurnRampActionFork","rule":"#Select(#UTurnRampActionAtFork, {سُلوك مَنفَذ الطريق السريع})"},{"id":"UTurnRampActionBearRight","rule":"{الانعطاف نحو اليمين إلى مَنفَذ الطريق السريع}"},{"id":"UTurnRampActionTurnRight","rule":"{الاستدارة نحو اليمين إلى مَنفَذ الطريق السريع}"},{"id":"LandmarkOnTheFarRight","rule":"{أقصى اليمين}"},{"id":"UTurnRampActionMakeSharpRight","rule":"{الاستدارة بحدة نحو اليمين إلى مَنفَذ الطريق السريع}"},{"id":"UTurnRampActionMakeSharpLeft","rule":"{الاستدارة بحدة نحو اليسار إلى مَنفَذ الطريق السريع}"},{"id":"UTurnRampActionBearLeft","rule":"{الانعطاف نحو اليسار إلى مَنفَذ الطريق السريع}"},{"id":"UTurnRampActionAtForkLeft","rule":"{سُلوك مَنفَذ الطريق السريع نحو اليسار}"},{"id":"HighwayActionGo","rule":"{السير}"},{"id":"LandmarkOnTheFarLeft","rule":"{أقصى اليسار}"},{"id":"HighwayActionTurnRight","rule":"{الاستدارة نحو اليمين}"},{"id":"HighwayActionMakeSharpRight","rule":"{الاستدارة بحدة نحو اليمين}"},{"id":"ForkActionLeft","rule":"{الاستمرار}"},{"id":"HighwayActionMakeSharpLeft","rule":"{الاستدارة بحدة نحو اليسار}"},{"id":"HighwayActionTurnLeft","rule":"{الاستدارة نحو اليسار}"},{"id":"HighwayActionBearLeft","rule":"{الانعطاف نحو اليسار}"},{"id":"CrossNames","rule":"#String(0) ({ / } #String(1))"},{"id":"EndOfFerryActionGo","rule":"{السير}"},{"id":"EndOfFerryActionBearRight","rule":"{الانعطاف نحو اليمين}"},{"id":"EndOfFerryActionTurnRight","rule":"{الاستدارة نحو اليمين}"},{"id":"EndOfFerryActionMakeSharpRight","rule":"{الاستدارة بحدة نحو اليمين}"},{"id":"EndOfFerryActionMakeSharpLeft","rule":"{الاستدارة بحدة نحو اليسار}"},{"id":"EndOfFerryActionBearLeft","rule":"{الانعطاف نحو اليسار}"},{"id":"StopArriveActionContinue","rule":"{الاستمرار}"},{"id":"StopArriveActionGo","rule":"{السير}"},{"id":"StopArriveActionBack","rule":"{الرجوع}"},{"id":"ForkActionRight","rule":"{الاستمرار}"},{"id":"ForkActionStraight","rule":"{السير}"},{"id":"UnitSecondNeutral","rule":"{ثانية}"},{"id":"ForkSideLeft","rule":"{اليسار}"},{"id":"RoadSplitSideToProceedLeft","rule":"{اليسار}"},{"id":"ForkSideRight","rule":"{اليمين}"},{"id":"RoadSplitActionToProceedLeft","rule":"{الاستمرار}"},{"id":"RoadSplitActionToProceedRight","rule":"{الاستمرار}"},{"id":"RoadSplitActionToProceedStraight","rule":"{السير}"},{"id":"RoadSplitSideToProceedRight","rule":"{اليمين}"},{"id":"RoadSplitSideToProceedStraight","rule":"{الأمام}"},{"id":"RoadSplitActionToStayLeft","rule":"{الاستمرار}"},{"id":"RoadSplitActionToStayRight","rule":"{الاستمرار}"},{"id":"RoadSplitActionToStayStraight","rule":"{السير}"},{"id":"RoadSplitSideToStayRight","rule":"{اليمين}"},{"id":"DistanceShort","rule":"{< } #MinDistance(1) ({ } #DistanceUnits)"},{"id":"CumulativeDistanceLong","rule":"#Select(#Distance(1), {0}) ({ } #DistanceUnits)"},{"id":"TimeShort","rule":"{< 1 دقيقة}"},{"id":"TimeLong","rule":"(#TotalHours(0) { ساعة }) (#RoundedMinutesOfHour(0) { دقيقة})"},{"id":"TravelTimeLong","rule":"(#Days(0) { يوم }) (#HoursOfDay(0) { ساعة }) (#RoundedMinutesOfHour(0) { دقيقة})"},{"id":"StopTimeShort","rule":"{< 1 دقيقة}"},{"id":"StopTimeLong","rule":"(#TotalHours(0) { ساعة }) (#RoundedMinutesOfHour(0) { دقيقة})"},{"id":"SignpostDestination","rule":"#String(0) ({ / } #String(1)) ({ / } #String(2)) ({ / } #String(3)) ({ / } #String(4))"},{"id":"StopSideLeft","rule":"{، إلى اليسار}"},{"id":"StopSideRight","rule":"{، إلى اليمين}"},{"id":"LandmarkOnTheLeft","rule":"{اليسار}"},{"id":"LandmarkOnTheRight","rule":"{اليمين}"},{"id":"LandmarkOnTheNearLeft","rule":"{اليسار}"},{"id":"UnitMileSingular","rule":"{ميل}"},{"id":"UnitMileNeutral","rule":"{ميل}"},{"id":"UnitKilometerSingular","rule":"{كيلومتر}"},{"id":"UnitKilometerPlural","rule":"{كيلومتر}"},{"id":"UnitKilometerNeutral","rule":"{كيلومتر}"},{"id":"UnitMeterSingular","rule":"{متر}"},{"id":"UnitMeterPlural","rule":"{متر}"},{"id":"UnitMeterNeutral","rule":"{متر}"},{"id":"UnitFootSingular","rule":"{قدم}"},{"id":"UnitFootNeutral","rule":"{قدم}"},{"id":"UnitYardSingular","rule":"{ياردة}"},{"id":"DirectionTime","rule":"#ItemTime"},{"id":"UnitYardPlural","rule":"{ياردة}"},{"id":"UnitNauticalSingular","rule":"{ميل بحري}"},{"id":"UnitSecondSingular","rule":"{ثانية}"},{"id":"UnitSecondPlural","rule":"{ثانية}"},{"id":"StopSummary","rule":"{المسافة: } #StopLength"},{"id":"StopTimeWindow","rule":"{الفترة الزمنية: } #StopTimeWindowStart { - } #StopTimeWindowEnd"},{"id":"StopStayTime","rule":"{زمن الرحلة: } #StopStayTime"},{"id":"StopFullTime","rule":"#StopFullTime"},{"id":"StopWaitTime","rule":"{زمن الانتظار: } #StopWaitTime"},{"id":"StopViolationTime","rule":"{المخالفة الزمنية: } #StopViolationTime"},{"id":"StopLength","rule":"#StopLength"},{"id":"DirectionDrive","rule":"{السير } ({ لمسافة} #ItemLength) ({ لمدة تُقارب } #ItemTime)"},{"id":"DirectionLength","rule":"#ItemLength"},{"id":"DirectionETA","rule":"#ArriveTime"},{"id":"DirectionBranch","rule":"#Branch"},{"id":"DirectionToward","rule":"#Destination"},{"id":"DirectionCrossStreet","rule":"#CrossNames"},{"id":"DirectionExitName","rule":"#SignpostExit"},{"id":"DirectionRestBreak","rule":"#ArriveTime ({-} #DepartTime) { فترة الاستراحة}"},{"id":"DirectionStreet","rule":"NAME"},{"id":"DirectionAltNames","rule":"ALT_NAME ({ / } ALT_NAME2)"},{"id":"DirectionDayEnd","rule":"(#ArriveTime { }) {نهاية اليوم}"},{"id":"EventLandmarkPassageVerification","rule":"{مرور } @@LandmarkPrepositionString(#LandmarkPreposition) { } #LandmarkName ({. يَقَع المعلم على } #LandmarkPosition)"}],"lookupMapping":[{"id":"ExitNumberString","value":[{"key":"1","value":"{الأول}"},{"key":"2","value":"{الثاني}"},{"key":"3","value":"{الثالث}"},{"key":"4","value":"{الرابع}"},{"key":"5","value":"{الخامس}"},{"key":"6","value":"{السادس}"},{"key":"7","value":"{السابع}"},{"key":"8","value":"{الثامن}"},{"key":"9","value":"{التاسع}"},{"key":"10","value":"{العاشر}"}]},{"id":"LandmarkPrepositionString","value":[{"key":"AFTER","value":"{بعد}"},{"key":"AT","value":"{عند}"},{"key":"BEFORE","value":"{قبل}"},{"key":"ONTO","value":"{إلى}"},{"key":"OVER","value":"{فوق}"},{"key":"PAST","value":"{سابق}"},{"key":"THROUGH","value":"{عبر}"},{"key":"UNDER","value":"{أسفل}"},{"key":"BY","value":"{بجانب}"},{"key":"NEAR","value":"{بالقرب من}"}]}]}}}]}}