{"directions":{"settings":[{"style":{"id":"NA Desktop","language":{"id":"et","description":"Estonian","strings":[{"id":"AzimuthSE","rule":"{kagu}"},{"id":"ManeuverStopOnRoundabout","rule":"{Ringteel}"},{"id":"ManeuverHeader","rule":"{Alusta} ({ asukohast } #StopName)"},{"id":"ManeuverAnyRoad","rule":"#FirstUpper(({liigu} ({ } #Azimuth) ({ paigale } @@Names) ({ edasi } #CrossNames)))"},{"id":"ForkSideStraight","rule":"{otse}"},{"id":"RoadSplitSideToStayStraight","rule":"{otse}"},{"id":"ManeuverFooter","rule":"{Lõpeta} @StopArrival ({ asukohas } #StopName) (#StopSide)"},{"id":"EventLandmarkManeuverGuidance","rule":"{Tee manööver } @@LandmarkPrepositionString(#LandmarkPreposition) { } #FirstUpper(#LandmarkName)"},{"id":"StopArrival","rule":"{ } #StopArrival({vara},{hilja})"},{"id":"ManeuverDepart","rule":"{Lahku} ({ } #StopName)"},{"id":"ManeuverFerryBypass","rule":"{Sõit parvlaevaga} ({ kestab ~ } #ItemTime) ({ } #ItemLength)"},{"id":"Names","rule":"NAME ({ (} ALT_NAME {)})"},{"id":"AzimuthNE","rule":"{kirre}"},{"id":"ManeuverFerry","rule":"{Kasuta} ({liikumiseks} @@Names) { parvlaeva}"},{"id":"ManeuverUTurn","rule":"{Tee U-pööre} @AtIntersectionOrCrossNames { ja liigu tagasi} ({ asukohale } @@Names)"},{"id":"ManeuverArrive","rule":"{Saabu} @StopArrival ({ asukohta } #StopName) (#StopSide)"},{"id":"ManeuverStopArrive","rule":"#FirstUpper((#StopArriveAction ({ } #Azimuth) ({ paigal } @@Names)))"},{"id":"ManeuverTurnOntoLocalRoad","rule":"#FirstUpper( (@AtExit #LocalRoadAction @AtIntersectionNames ({ asukohaga } @@Names) ({ suunal } #Destination)) )"},{"id":"AtExit","rule":"{väljumisel } #SignpostExit { }"},{"id":"AtIntersectionNames","rule":"{ kohas } #Intersection(NAME) ({ (} #Intersection(ALT_NAME) {)})"},{"id":"FirstActionMakeSharpRight","rule":"{tee järsk parempööre} @AtIntersectionNames ({ asukohal } NAME)"},{"id":"ManeuverPathCurves","rule":"#FirstUpper( (@AtExit #PathCurveAction @AtIntersectionOrCrossNames ({ püsimaks } @@Names) ({ suunal } #Destination)) )"},{"id":"UTurnRampActionTurnLeft","rule":"{pöördu rambi vasakule poolele}"},{"id":"AtIntersectionOrCrossNames","rule":"#Select(@AtIntersectionNames, ({ asukohaga } #CrossNames))"},{"id":"PathCurveActionTurnLeft","rule":"{pööra vasakule}"},{"id":"TimeZoneChange","rule":"#Sign (#TotalHours(0) { t }) (#RoundedMinutesOfHour(0) { min})"},{"id":"ManeuverOntoHighway","rule":"#FirstUpper( @AtExit #HighwayAction @AtIntersectionNames #Select(@OnBranchDestination, ({ asukohal } @@Names)) )"},{"id":"OnBranchDestination","rule":"({ hargnemisest } #Branch) ({ suunaga } #Destination)"},{"id":"ManeuverDoubleTurn","rule":"#FirstUpper( (#FirstTurn(#FirstActionBearing) { ja } #SecondTurn(#SecondActionBearing)) )"},{"id":"UnitFootPlural","rule":"{jlg}"},{"id":"LocalRoadActionTurnRight","rule":"{pööra paremale}"},{"id":"ManeuverUTurnViaRamp","rule":"#FirstUpper( (#UTurnRampAction { ,et teha U-pööre ja liikuda tagasi} ({ asukohale } @@Names)) )"},{"id":"ManeuverUTurnViaRoundabout","rule":"@RoundaboutHeaderGoBack ({ asukohale } @@Names)"},{"id":"RoundaboutHeaderGoBack","rule":"#Select(({Ringteel, suundu } @@ExitNumberString(#ExitNumber) { tagasi liikumiseks välju}), {Suundu ringteele ja liigu tagasi})"},{"id":"AzimuthS","rule":"{lõuna}"},{"id":"ManeuverEndOfFerry","rule":"#FirstUpper( @AtExit #EndOfFerryAction #Select(@OnBranchDestination,  ({ asukohal } @@Names)) )"},{"id":"UnitNauticalPlural","rule":"{nmi}"},{"id":"PathCurveActionMakeSharpRight","rule":"{tee järsk parempööre}"},{"id":"ManeuverFork","rule":"#FirstUpper( (#Select(@AtExit, {hargnemiskohal }) #ForkAction ({ } #ForkSide) #Select(@OnBranchDestination, ({ asukohal } @@Names))) )"},{"id":"LocalRoadActionBearRight","rule":"{suundu paremale}"},{"id":"ManeuverSkipSignpostRamps","rule":"#FirstUpper( @AtExit #SkipSignpostRampAction #Select(@ToBranchDestination, ({ asukohale } @@Names)) )"},{"id":"TravelTimeShort","rule":"{< 1 min}"},{"id":"UnitMilePlural","rule":"{mi}"},{"id":"ManeuverRoadSplitToProceed","rule":"#FirstUpper( (@AtExit #RoadSplitActionToProceed ({ } #RoadSplitSideToProceed) { edasi liikumiseks} #Select(@OnBranchDestination, ({ asukohal } @@Names))) ) "},{"id":"FirstActionTurnRight","rule":"{pööra paremale} @AtIntersectionNames ({ asukohal } NAME)"},{"id":"ManeuverRoadSplitToStay","rule":"#FirstUpper( (@AtExit #RoadSplitActionToStay ({ } #RoadSplitSideToStay) { hoidmiseks} #Select(@OnBranchDestination, ({ asukohal } @@Names))) ) "},{"id":"UTurnRampActionAtForkRight","rule":"{kasuta rampi paremal}"},{"id":"LocalRoadActionGo","rule":"{liigu}"},{"id":"EventTakeRoundaboutToStay","rule":"{Suundu ringteele} ({ püsimaks } @@Names)"},{"id":"DirectionCumulativeLength","rule":"#CumulativeDistance"},{"id":"AzimuthSW","rule":"{edel}"},{"id":"ToProceed","rule":"{ jätkamisel} #Select(@OnBranchDestination, ({ asukohas } @@Names))"},{"id":"ManeuverSkipRoundabout","rule":"@RoundaboutHeader @ToProceed"},{"id":"AzimuthW","rule":"{lääs}"},{"id":"RoundaboutHeader","rule":"#Select(({Ringteel, vali } @@ExitNumberString(#ExitNumber) { välju}), {Vali ringtee})"},{"id":"ManeuverSkipRoundaboutRamp","rule":"@RoundaboutHeader #Select(@ToBranchDestination, ({ asukohale } @@Names))"},{"id":"ToBranchDestination","rule":"({ hargnemiseni } #Branch) ({ suunaga } #Destination)"},{"id":"EventRestrictionViolation","rule":"{Piirang: } #Restriction"},{"id":"ManeuverSkipHighwayRamps","rule":"#FirstUpper( @AtExit #SkipHighwayRampAction #Select(@AndGoOnBranchDestination, ({ ja liigu edasi } @@Names)) )"},{"id":"AndGoOnBranchDestination","rule":"({ ja liigu edasi } #Branch) ({ suunal } #Destination)"},{"id":"EventTimeChanged","rule":"{Uude ajatsooni sisenemine.} ({ Aja muutumine: } #TZChange)"},{"id":"FirstActionBearRight","rule":"{suundu paremale} @AtIntersectionNames ({ asukohal } NAME)"},{"id":"PathCurveActionContinue","rule":"{jätka}"},{"id":"EventCrossingBorder","rule":"{Sisenemine} ({ } CROSSADMINBORDER)"},{"id":"AzimuthN","rule":"{põhi}"},{"id":"AzimuthE","rule":"{ida}"},{"id":"AzimuthNW","rule":"{loe}"},{"id":"RoadSplitSideToStayLeft","rule":"{vasakule}"},{"id":"PathCurveActionBearRight","rule":"{suundu paremale}"},{"id":"LocalRoadActionContinue","rule":"{jätka}"},{"id":"LocalRoadActionMakeSharpRight","rule":"{tee järsk parempööre}"},{"id":"LocalRoadActionMakeSharpLeft","rule":"{tee järsk vasakpööre}"},{"id":"PathCurveActionBearLeft","rule":"{suundu vasakule}"},{"id":"LocalRoadActionTurnLeft","rule":"{pööra vasakule}"},{"id":"LandmarkOnTheNearRight","rule":"{lähedal paremal}"},{"id":"LocalRoadActionBearLeft","rule":"{suundu vasakule}"},{"id":"PathCurveActionTurnRight","rule":"{pööra paremale}"},{"id":"PathCurveActionMakeSharpLeft","rule":"{tee järsk vasakpööre}"},{"id":"FirstActionMakeSharpLeft","rule":"{tee järsk vasakpööre} @AtIntersectionNames ({ asukohal } NAME)"},{"id":"FirstActionTurnLeft","rule":"{pööra vasakule} @AtIntersectionNames ({ asukohal } NAME)"},{"id":"FirstActionBearLeft","rule":"{suundu vasakule} @AtIntersectionNames ({ asukohal } NAME)"},{"id":"FirstActionContinue","rule":"{jätka} @AtIntersectionNames ({ asukohal } NAME)"},{"id":"SecondActionBearRight","rule":"{suundu kohe paremale} ({ asukohal } NAME)"},{"id":"DirectionAfterBreak","rule":"(#DepartTime { }) {Seismine} { asukohas } @@Names"},{"id":"SecondActionTurnRight","rule":"{pööra kohe paremale} ({ asukohal } NAME)"},{"id":"SecondActionMakeSharpRight","rule":"{Tee kohe järsk parempööre} ({ asukohal } NAME)"},{"id":"SkipHighwayRampActionAtForkRight","rule":"{kasuta rampi paremal}"},{"id":"SecondActionMakeSharpLeft","rule":"{Tee kohe järsk vasakpööre} ({ asukohal } NAME)"},{"id":"EndOfFerryActionTurnLeft","rule":"{pööra vasakule}"},{"id":"SecondActionTurnLeft","rule":"{Pööra kohe vasakule} ({ asukohal } NAME)"},{"id":"SecondActionBearLeft","rule":"{Suundu kohe vasakule} ({ asukohal } NAME)"},{"id":"SecondActionContinue","rule":"{Jätka kohe} ({ asukohal } NAME)"},{"id":"HighwayActionBearRight","rule":"{suundu paremale}"},{"id":"DistanceLong","rule":"#Distance(1) ({ } #DistanceUnits)"},{"id":"SkipHighwayRampActionAtFork","rule":"#Select(#SkipHighwayRampActionAtFork, {vali ramp})"},{"id":"UnitNauticalNeutral","rule":"{nmi}"},{"id":"SkipHighwayRampActionBearRight","rule":"{suundu rambi paremale poole}"},{"id":"SkipHighwayRampActionTurnRight","rule":"{pööra rambi paremale poolele}"},{"id":"SkipHighwayRampActionMakeSharpRight","rule":"{tee järsk parempööre rambi suunas}"},{"id":"SkipHighwayRampActionMakeSharpLeft","rule":"{tee järsk vasakpööre rambi suunas}"},{"id":"SkipHighwayRampActionTurnLeft","rule":"{pöördu rambi vasakule poolele}"},{"id":"SkipHighwayRampActionBearLeft","rule":"{suundu rambi vasakule poole}"},{"id":"SkipHighwayRampActionTakeRamp","rule":"{kasuta rampi}"},{"id":"SkipHighwayRampActionAtForkLeft","rule":"{kasuta rampi vasakul}"},{"id":"SkipSignpostRampActionAtFork","rule":"#Select(#SkipSignpostRampActionAtFork, {kasuta rampi})"},{"id":"SkipSignpostRampActionBearRight","rule":"{suundu rambi paremale poole}"},{"id":"SkipSignpostRampActionTurnRight","rule":"{pööra rambi paremale poolele}"},{"id":"UnitYardNeutral","rule":"{jd}"},{"id":"SkipSignpostRampActionMakeSharpRight","rule":"{tee järsk parempööre rambi suunas}"},{"id":"UTurnRampActionTakeRamp","rule":"{kasuta rampi}"},{"id":"SkipSignpostRampActionMakeSharpLeft","rule":"{tee järsk vasakpööre rambi suunas}"},{"id":"SkipSignpostRampActionTurnLeft","rule":"{pöördu rambi vasakule poolele}"},{"id":"SkipSignpostRampActionBearLeft","rule":"{suundu rambi vasakule poole}"},{"id":"SkipSignpostRampActionTakeRamp","rule":"{kasuta rampi}"},{"id":"SkipSignpostRampActionAtForkLeft","rule":"{kasuta rampi vasakul}"},{"id":"SkipSignpostRampActionAtForkRight","rule":"{kasuta rampi paremal}"},{"id":"UTurnRampActionFork","rule":"#Select(#UTurnRampActionAtFork, {kasuta rampi})"},{"id":"UTurnRampActionBearRight","rule":"{suundu rambi paremale poole}"},{"id":"UTurnRampActionTurnRight","rule":"{pööra rambi paremale poolele}"},{"id":"LandmarkOnTheFarRight","rule":"{eemal paremal}"},{"id":"UTurnRampActionMakeSharpRight","rule":"{tee järsk parempööre rambi suunas}"},{"id":"UTurnRampActionMakeSharpLeft","rule":"{tee järsk vasakpööre rambi suunas}"},{"id":"UTurnRampActionBearLeft","rule":"{suundu rambi vasakule poole}"},{"id":"UTurnRampActionAtForkLeft","rule":"{kasuta rampi vasakul}"},{"id":"HighwayActionGo","rule":"{liigu}"},{"id":"LandmarkOnTheFarLeft","rule":"{eemal vasakul}"},{"id":"HighwayActionTurnRight","rule":"{pööra paremale}"},{"id":"HighwayActionMakeSharpRight","rule":"{tee järsk parempööre}"},{"id":"ForkActionLeft","rule":"{hoia}"},{"id":"HighwayActionMakeSharpLeft","rule":"{tee järsk vasakpööre}"},{"id":"HighwayActionTurnLeft","rule":"{pööra vasakule}"},{"id":"HighwayActionBearLeft","rule":"{suundu vasakule}"},{"id":"CrossNames","rule":"#String(0) ({ / } #String(1))"},{"id":"EndOfFerryActionGo","rule":"{liigu}"},{"id":"EndOfFerryActionBearRight","rule":"{suundu paremale}"},{"id":"EndOfFerryActionTurnRight","rule":"{pööra paremale}"},{"id":"EndOfFerryActionMakeSharpRight","rule":"{tee järsk parempööre}"},{"id":"EndOfFerryActionMakeSharpLeft","rule":"{tee järsk vasakpööre}"},{"id":"EndOfFerryActionBearLeft","rule":"{suundu vasakule}"},{"id":"StopArriveActionContinue","rule":"{jätka}"},{"id":"StopArriveActionGo","rule":"{liigu}"},{"id":"StopArriveActionBack","rule":"{liigu tagasi}"},{"id":"ForkActionRight","rule":"{hoia}"},{"id":"ForkActionStraight","rule":"{liigu}"},{"id":"UnitSecondNeutral","rule":"{sek}"},{"id":"ForkSideLeft","rule":"{vasakule}"},{"id":"RoadSplitSideToProceedLeft","rule":"{vasakule}"},{"id":"ForkSideRight","rule":"{paremale}"},{"id":"RoadSplitActionToProceedLeft","rule":"{hoia}"},{"id":"RoadSplitActionToProceedRight","rule":"{hoia}"},{"id":"RoadSplitActionToProceedStraight","rule":"{liigu}"},{"id":"RoadSplitSideToProceedRight","rule":"{paremale}"},{"id":"RoadSplitSideToProceedStraight","rule":"{otse}"},{"id":"RoadSplitActionToStayLeft","rule":"{hoia}"},{"id":"RoadSplitActionToStayRight","rule":"{hoia}"},{"id":"RoadSplitActionToStayStraight","rule":"{liigu}"},{"id":"RoadSplitSideToStayRight","rule":"{paremale}"},{"id":"DistanceShort","rule":"{< } #MinDistance(1) ({ } #DistanceUnits)"},{"id":"CumulativeDistanceLong","rule":"#Select(#Distance(1), {0}) ({ } #DistanceUnits)"},{"id":"TimeShort","rule":"{< 1 min}"},{"id":"TimeLong","rule":"(#TotalHours(0) { t }) (#RoundedMinutesOfHour(0) { min})"},{"id":"TravelTimeLong","rule":"(#Days(0) { p }) (#HoursOfDay(0) { t }) (#RoundedMinutesOfHour(0) { min})"},{"id":"StopTimeShort","rule":"{< 1 min}"},{"id":"StopTimeLong","rule":"(#TotalHours(0) { t }) (#RoundedMinutesOfHour(0) { min})"},{"id":"SignpostDestination","rule":"#String(0) ({ / } #String(1)) ({ / } #String(2)) ({ / } #String(3)) ({ / } #String(4))"},{"id":"StopSideLeft","rule":"{, vasakul}"},{"id":"StopSideRight","rule":"{, paremal}"},{"id":"LandmarkOnTheLeft","rule":"{vasakul}"},{"id":"LandmarkOnTheRight","rule":"{paremal}"},{"id":"LandmarkOnTheNearLeft","rule":"{lähedal vasakul}"},{"id":"UnitMileSingular","rule":"{mi}"},{"id":"UnitMileNeutral","rule":"{mi}"},{"id":"UnitKilometerSingular","rule":"{km}"},{"id":"UnitKilometerPlural","rule":"{km}"},{"id":"UnitKilometerNeutral","rule":"{km}"},{"id":"UnitMeterSingular","rule":"{m}"},{"id":"UnitMeterPlural","rule":"{m}"},{"id":"UnitMeterNeutral","rule":"{m}"},{"id":"UnitFootSingular","rule":"{jlg}"},{"id":"UnitFootNeutral","rule":"{ft}"},{"id":"UnitYardSingular","rule":"{jd}"},{"id":"DirectionTime","rule":"#ItemTime"},{"id":"UnitYardPlural","rule":"{jd}"},{"id":"UnitNauticalSingular","rule":"{nmi}"},{"id":"UnitSecondSingular","rule":"{sek}"},{"id":"UnitSecondPlural","rule":"{sek}"},{"id":"StopSummary","rule":"{Distants: } #StopLength"},{"id":"StopTimeWindow","rule":"{Aja aken: } #StopTimeWindowStart { - } #StopTimeWindowEnd"},{"id":"StopStayTime","rule":"{Teenuse aeg: } #StopStayTime"},{"id":"StopFullTime","rule":"#StopFullTime"},{"id":"StopWaitTime","rule":"{Ooteaeg: } #StopWaitTime"},{"id":"StopViolationTime","rule":"{Ajapiirang: } #StopViolationTime"},{"id":"StopLength","rule":"#StopLength"},{"id":"DirectionDrive","rule":"{Sõidu} ({ } #ItemLength) ({ ~ } #ItemTime)"},{"id":"DirectionLength","rule":"#ItemLength"},{"id":"DirectionETA","rule":"#ArriveTime"},{"id":"DirectionBranch","rule":"#Branch"},{"id":"DirectionToward","rule":"#Destination"},{"id":"DirectionCrossStreet","rule":"#CrossNames"},{"id":"DirectionExitName","rule":"#SignpostExit"},{"id":"DirectionRestBreak","rule":"#ArriveTime ({-} #DepartTime) { Puhkepaus}"},{"id":"DirectionStreet","rule":"NAME"},{"id":"DirectionAltNames","rule":"ALT_NAME ({ / } ALT_NAME2)"},{"id":"DirectionDayEnd","rule":"(#ArriveTime { }) {Päeva lõpp}"},{"id":"EventLandmarkPassageVerification","rule":"{Pass } @@LandmarkPrepositionString(#LandmarkPreposition) { } #LandmarkName ({. See võib olla } #LandmarkPosition)"}],"lookupMapping":[{"id":"ExitNumberString","value":[{"key":"1","value":"{esimene}"},{"key":"2","value":"{teine}"},{"key":"3","value":"{kolmas}"},{"key":"4","value":"{neljas}"},{"key":"5","value":"{viies}"},{"key":"6","value":"{kuues}"},{"key":"7","value":"{seitsmes}"},{"key":"8","value":"{kaheksas}"},{"key":"9","value":"{üheksas}"},{"key":"10","value":"{kümnes}"}]},{"id":"LandmarkPrepositionString","value":[{"key":"AFTER","value":"{pärast}"},{"key":"AT","value":"{kl}"},{"key":"BEFORE","value":"{enne}"},{"key":"ONTO","value":"{peale}"},{"key":"OVER","value":"{üle}"},{"key":"PAST","value":"{mööda}"},{"key":"THROUGH","value":"{läbi}"},{"key":"UNDER","value":"{alt}"},{"key":"BY","value":"{kõrval}"},{"key":"NEAR","value":"{lähedal}"}]}]}}}]}}