{"directions":{"settings":[{"style":{"id":"NA Desktop","language":{"id":"he","description":"עברית","strings":[{"id":"AzimuthSE","rule":"{דרום מזרחה}"},{"id":"ManeuverStopOnRoundabout","rule":"{עקוף}"},{"id":"ManeuverHeader","rule":"{נקודת מוצא: } ({ } #StopName)"},{"id":"ManeuverAnyRoad","rule":"#FirstUpper(({סע} ({ } #Azimuth) ({ ב} @@Names) ({ לכיוון } #CrossNames)))"},{"id":"ForkSideStraight","rule":"{ישירות}"},{"id":"RoadSplitSideToStayStraight","rule":"{ישר}"},{"id":"ManeuverFooter","rule":"{נקודת סיום: } @StopArrival ({} #StopName) (#StopSide)"},{"id":"EventLandmarkManeuverGuidance","rule":"{תמרן } @@LandmarkPrepositionString(#LandmarkPreposition) { } #FirstUpper(#LandmarkName)"},{"id":"StopArrival","rule":"{ } #StopArrival({מוקדם},{מאוחר})"},{"id":"ManeuverDepart","rule":"{יציאה} ({ מ} #StopName)"},{"id":"ManeuverFerryBypass","rule":"{ השאר במעבורת ל} ({ ~ } #ItemTime) ({ } #ItemLength)"},{"id":"Names","rule":"NAME ({ (} ALT_NAME {)})"},{"id":"AzimuthNE","rule":"{צפון מזרחה}"},{"id":"ManeuverFerry","rule":"{קח} ({ } @@Names) { מעבורת}"},{"id":"ManeuverUTurn","rule":"{פנה פניית פרסה} @AtIntersectionOrCrossNames { וחזור} ({ אל } @@Names)"},{"id":"ManeuverArrive","rule":"{הגעה} @StopArrival ({ ל} #StopName) (#StopSide)"},{"id":"ManeuverStopArrive","rule":"#FirstUpper((#StopArriveAction ({ } #Azimuth) ({ ב} @@Names)))"},{"id":"ManeuverTurnOntoLocalRoad","rule":"#FirstUpper( (@AtExit #LocalRoadAction @AtIntersectionNames ({ ב} @@Names) ({ לכיוון } #Destination)) )"},{"id":"AtExit","rule":"{ביציאה } #SignpostExit { }"},{"id":"AtIntersectionNames","rule":"{ ב} #Intersection(NAME) ({ (} #Intersection(ALT_NAME) {)})"},{"id":"FirstActionMakeSharpRight","rule":"{פנה פניה חדה ימינה} @AtIntersectionNames ({ ב} NAME)"},{"id":"ManeuverPathCurves","rule":"#FirstUpper( (@AtExit #PathCurveAction @AtIntersectionOrCrossNames ({ והשאר ב} @@Names) ({ לכיוון } #Destination)) )"},{"id":"UTurnRampActionTurnLeft","rule":"{פנה במחלף שמאלה}"},{"id":"AtIntersectionOrCrossNames","rule":"#Select(@AtIntersectionNames, ({ ב} #CrossNames))"},{"id":"PathCurveActionTurnLeft","rule":"{פנה שמאלה}"},{"id":"TimeZoneChange","rule":"#Sign (#TotalHours(0) { שעות }) (#RoundedMinutesOfHour(0) { דק'})"},{"id":"ManeuverOntoHighway","rule":"#FirstUpper( @AtExit #HighwayAction @AtIntersectionNames #Select(@OnBranchDestination, ({ ב} @@Names)) )"},{"id":"OnBranchDestination","rule":"({ ב} #Branch) ({ לכיוון } #Destination)"},{"id":"ManeuverDoubleTurn","rule":"#FirstUpper( (#FirstTurn(#FirstActionBearing) { ו} #SecondTurn(#SecondActionBearing)) )"},{"id":"UnitFootPlural","rule":"{רגל}"},{"id":"LocalRoadActionTurnRight","rule":"{פנה ימינה}"},{"id":"ManeuverUTurnViaRamp","rule":"#FirstUpper( (#UTurnRampAction { פנה פנית פרסה וחזור} ({ אל } @@Names)) )"},{"id":"ManeuverUTurnViaRoundabout","rule":"@RoundaboutHeaderGoBack ({ אל } @@Names)"},{"id":"RoundaboutHeaderGoBack","rule":"#Select(({בכיכר, צא ביציאה ה} @@ExitNumberString(#ExitNumber) { }), {וחזור חזרה})"},{"id":"AzimuthS","rule":"{דרומה}"},{"id":"ManeuverEndOfFerry","rule":"#FirstUpper( @AtExit #EndOfFerryAction #Select(@OnBranchDestination,  ({ ב} @@Names)) )"},{"id":"UnitNauticalPlural","rule":"{מייל ימי}"},{"id":"PathCurveActionMakeSharpRight","rule":"{פנה פניה חדה ימינה}"},{"id":"ManeuverFork","rule":"#FirstUpper( (#Select(@AtExit, {במזלג }) #ForkAction ({ } #ForkSide) #Select(@OnBranchDestination, ({ ב} @@Names))) )"},{"id":"LocalRoadActionBearRight","rule":"{פנה פניה קלה ימינה}"},{"id":"ManeuverSkipSignpostRamps","rule":"#FirstUpper( @AtExit #SkipSignpostRampAction #Select(@ToBranchDestination, ({ אל } @@Names)) )"},{"id":"TravelTimeShort","rule":"{< 1 דק'}"},{"id":"UnitMilePlural","rule":"{מייל}"},{"id":"ManeuverRoadSplitToProceed","rule":"#FirstUpper( (@AtExit #RoadSplitActionToProceed ({ } #RoadSplitSideToProceed) { כדי להמשיך} #Select(@OnBranchDestination, ({ב } @@Names))) ) "},{"id":"FirstActionTurnRight","rule":"{פנה ימינה} @AtIntersectionNames ({ ב} NAME)"},{"id":"ManeuverRoadSplitToStay","rule":"#FirstUpper( (@AtExit #RoadSplitActionToStay ({ } #RoadSplitSideToStay) { להשאר} #Select(@OnBranchDestination, ({ב } @@Names))) ) "},{"id":"UTurnRampActionAtForkRight","rule":"{צא במחלף ימינה}"},{"id":"LocalRoadActionGo","rule":"{סע}"},{"id":"EventTakeRoundaboutToStay","rule":"{ הכנס לכיכר} ({ והשאר על} @@Names)"},{"id":"DirectionCumulativeLength","rule":"#CumulativeDistance"},{"id":"AzimuthSW","rule":"{דרום מערבה}"},{"id":"ToProceed","rule":"{ והמשך } #Select(@OnBranchDestination, ({ב} @@Names))"},{"id":"ManeuverSkipRoundabout","rule":"@RoundaboutHeader @ToProceed"},{"id":"AzimuthW","rule":"{מערבה}"},{"id":"RoundaboutHeader","rule":"#Select(({בכיכר, צא ביציאה ה} @@ExitNumberString(#ExitNumber) { }), {המשך בכיכר})"},{"id":"ManeuverSkipRoundaboutRamp","rule":"@RoundaboutHeader #Select(@ToBranchDestination, ({ אל } @@Names))"},{"id":"ToBranchDestination","rule":"({ אל } #Branch) ({ לכיוון } #Destination)"},{"id":"EventRestrictionViolation","rule":"{איסור: } #Restriction"},{"id":"ManeuverSkipHighwayRamps","rule":"#FirstUpper( @AtExit #SkipHighwayRampAction #Select(@AndGoOnBranchDestination, ({ והמשך ב} @@Names)) )"},{"id":"AndGoOnBranchDestination","rule":"({ והמשך } #Branch) ({ לכיוון } #Destination)"},{"id":"EventTimeChanged","rule":"{כניסה לאזור זמן חדש.} ({ הבדל השעות: } #TZChange)"},{"id":"FirstActionBearRight","rule":"{פנה פניה קלה ימינה} @AtIntersectionNames ({ ב} NAME)"},{"id":"PathCurveActionContinue","rule":"{המשך}"},{"id":"EventCrossingBorder","rule":"{כניסה ל} ({ } CROSSADMINBORDER)"},{"id":"AzimuthN","rule":"{צפונה}"},{"id":"AzimuthE","rule":"{מזרחה}"},{"id":"AzimuthNW","rule":"{צפון מערבה}"},{"id":"RoadSplitSideToStayLeft","rule":"{שמאלה}"},{"id":"PathCurveActionBearRight","rule":"{פנה פניה קלה ימינה}"},{"id":"LocalRoadActionContinue","rule":"{המשך}"},{"id":"LocalRoadActionMakeSharpRight","rule":"{פנה פניה חדה ימינה}"},{"id":"LocalRoadActionMakeSharpLeft","rule":"{פנה פניה חדה שמאלה}"},{"id":"PathCurveActionBearLeft","rule":"{פנה פניה קלה שמאלה}"},{"id":"LocalRoadActionTurnLeft","rule":"{פנה שמאלה}"},{"id":"LandmarkOnTheNearRight","rule":"{קרוב מימין}"},{"id":"LocalRoadActionBearLeft","rule":"{פנה פניה קלה שמאלה}"},{"id":"PathCurveActionTurnRight","rule":"{פנה ימינה}"},{"id":"PathCurveActionMakeSharpLeft","rule":"{פנה פניה חדה שמאלה}"},{"id":"FirstActionMakeSharpLeft","rule":"{פנה פניה חדה שמאלה} @AtIntersectionNames ({ ב} NAME)"},{"id":"FirstActionTurnLeft","rule":"{פנה שמאלה} @AtIntersectionNames ({ ב} NAME)"},{"id":"FirstActionBearLeft","rule":"{פנה פניה קלה שמאלה} @AtIntersectionNames ({ ב} NAME)"},{"id":"FirstActionContinue","rule":"{המשך} @AtIntersectionNames ({ ב} NAME)"},{"id":"SecondActionBearRight","rule":"{פנה מיד פניה קלה ימינה} ({ ב} NAME)"},{"id":"DirectionAfterBreak","rule":"(#DepartTime { }) {השאר} { ב} @@Names"},{"id":"SecondActionTurnRight","rule":"{פנה מיד ימינה} ({ ב} NAME)"},{"id":"SecondActionMakeSharpRight","rule":"{פנה מיד פניה חדה ימינה} ({ ב} NAME)"},{"id":"SkipHighwayRampActionAtForkRight","rule":"{צא במחלף ימינה}"},{"id":"SecondActionMakeSharpLeft","rule":"{פנה מיד פניה חדה שמאלה} ({ ב} NAME)"},{"id":"EndOfFerryActionTurnLeft","rule":"{פנה שמאלה}"},{"id":"SecondActionTurnLeft","rule":"{פנה מיד שמאלה} ({ ב} NAME)"},{"id":"SecondActionBearLeft","rule":"{פנה מיד פניה קלה שמאלה} ({ ב} NAME)"},{"id":"SecondActionContinue","rule":"{המשך מיד} ({ ב} NAME)"},{"id":"HighwayActionBearRight","rule":"{פנה פניה קלה ימינה}"},{"id":"DistanceLong","rule":"#Distance(1) ({ } #DistanceUnits)"},{"id":"SkipHighwayRampActionAtFork","rule":"#Select(#SkipHighwayRampActionAtFork, {צא במחלף})"},{"id":"UnitNauticalNeutral","rule":"{מייל ימי}"},{"id":"SkipHighwayRampActionBearRight","rule":"{פנה במחלף פניה קלה ימינה}"},{"id":"SkipHighwayRampActionTurnRight","rule":"{פנה במחלף ימינה}"},{"id":"SkipHighwayRampActionMakeSharpRight","rule":"{פנה במחלף פניה חדה ימינה}"},{"id":"SkipHighwayRampActionMakeSharpLeft","rule":"{פנה במחלף פניה חדה שמאלה}"},{"id":"SkipHighwayRampActionTurnLeft","rule":"{פנה במחלף שמאלה}"},{"id":"SkipHighwayRampActionBearLeft","rule":"{פנה במחלף פניה קלה שמאלה}"},{"id":"SkipHighwayRampActionTakeRamp","rule":"{צא במחלף}"},{"id":"SkipHighwayRampActionAtForkLeft","rule":"{צא במחלף שמאלה}"},{"id":"SkipSignpostRampActionAtFork","rule":"#Select(#SkipSignpostRampActionAtFork, {צא במחלף})"},{"id":"SkipSignpostRampActionBearRight","rule":"{פנה במחלף פניה קלה ימינה}"},{"id":"SkipSignpostRampActionTurnRight","rule":"{פנה במחלף ימינה}"},{"id":"UnitYardNeutral","rule":"{יארד}"},{"id":"SkipSignpostRampActionMakeSharpRight","rule":"{פנה במחלף פניה חדה ימינה}"},{"id":"UTurnRampActionTakeRamp","rule":"{צא במחלף}"},{"id":"SkipSignpostRampActionMakeSharpLeft","rule":"{פנה במחלף פניה חדה שמאלה}"},{"id":"SkipSignpostRampActionTurnLeft","rule":"{פנה במחלף שמאלה}"},{"id":"SkipSignpostRampActionBearLeft","rule":"{פנה במחלף פניה קלה שמאלה}"},{"id":"SkipSignpostRampActionTakeRamp","rule":"{צא במחלף}"},{"id":"SkipSignpostRampActionAtForkLeft","rule":"{צא שמאלה}"},{"id":"SkipSignpostRampActionAtForkRight","rule":"{צא במחלף ימינה}"},{"id":"UTurnRampActionFork","rule":"#Select(#UTurnRampActionAtFork, {צא במחלף})"},{"id":"UTurnRampActionBearRight","rule":"{פנה במחלף פניה קלה ימינה}"},{"id":"UTurnRampActionTurnRight","rule":"{פנה במחלף ימינה}"},{"id":"LandmarkOnTheFarRight","rule":"{מרחוק מימין}"},{"id":"UTurnRampActionMakeSharpRight","rule":"{פנה במחלף פניה חדה ימינה}"},{"id":"UTurnRampActionMakeSharpLeft","rule":"{פנה במחלף פניה חדה שמאלה}"},{"id":"UTurnRampActionBearLeft","rule":"{פנה במחלף פניה קלה שמאלה}"},{"id":"UTurnRampActionAtForkLeft","rule":"{צא במחלף שמאלה}"},{"id":"HighwayActionGo","rule":"{סע}"},{"id":"LandmarkOnTheFarLeft","rule":"{מרחוק משמאל}"},{"id":"HighwayActionTurnRight","rule":"{פנה ימינה}"},{"id":"HighwayActionMakeSharpRight","rule":"{פנה פניה חדה ימינה}"},{"id":"ForkActionLeft","rule":"{הצמד}"},{"id":"HighwayActionMakeSharpLeft","rule":"{פנה פניה חדה שמאלה}"},{"id":"HighwayActionTurnLeft","rule":"{פנה שמאלה}"},{"id":"HighwayActionBearLeft","rule":"{פנה פניה קלה שמאלה}"},{"id":"CrossNames","rule":"#String(0) ({ / } #String(1))"},{"id":"EndOfFerryActionGo","rule":"{סע}"},{"id":"EndOfFerryActionBearRight","rule":"{פנה פניה קלה ימינה}"},{"id":"EndOfFerryActionTurnRight","rule":"{פנה ימינה}"},{"id":"EndOfFerryActionMakeSharpRight","rule":"{פנה פניה חדה ימינה}"},{"id":"EndOfFerryActionMakeSharpLeft","rule":"{פנה פניה חדה שמאלה}"},{"id":"EndOfFerryActionBearLeft","rule":"{פנה פניה קלה שמאלה}"},{"id":"StopArriveActionContinue","rule":"{המשך}"},{"id":"StopArriveActionGo","rule":"{סע}"},{"id":"StopArriveActionBack","rule":"{חזור}"},{"id":"ForkActionRight","rule":"{הצמד}"},{"id":"ForkActionStraight","rule":"{סע}"},{"id":"UnitSecondNeutral","rule":"{שנ'}"},{"id":"ForkSideLeft","rule":"{שמאלה}"},{"id":"RoadSplitSideToProceedLeft","rule":"{שמאלה}"},{"id":"ForkSideRight","rule":"{ימינה}"},{"id":"RoadSplitActionToProceedLeft","rule":"{סע}"},{"id":"RoadSplitActionToProceedRight","rule":"{סע}"},{"id":"RoadSplitActionToProceedStraight","rule":"{המשך}"},{"id":"RoadSplitSideToProceedRight","rule":"{ימינה}"},{"id":"RoadSplitSideToProceedStraight","rule":"{ישר}"},{"id":"RoadSplitActionToStayLeft","rule":"{המשך}"},{"id":"RoadSplitActionToStayRight","rule":"{המשך}"},{"id":"RoadSplitActionToStayStraight","rule":"{המשך}"},{"id":"RoadSplitSideToStayRight","rule":"{ימינה}"},{"id":"DistanceShort","rule":"{< } #MinDistance(1) ({ } #DistanceUnits)"},{"id":"CumulativeDistanceLong","rule":"#Select(#Distance(1), {0}) ({ } #DistanceUnits)"},{"id":"TimeShort","rule":"{< 1 דק'}"},{"id":"TimeLong","rule":"(#TotalHours(0) { שעות }) (#RoundedMinutesOfHour(0) { דק'})"},{"id":"TravelTimeLong","rule":"(#Days(0) { ימים }) (#HoursOfDay(0) { שעות }) (#RoundedMinutesOfHour(0) { דק'})"},{"id":"StopTimeShort","rule":"{< 1 דק'}"},{"id":"StopTimeLong","rule":"(#TotalHours(0) { שעות }) (#RoundedMinutesOfHour(0) { דק'})"},{"id":"SignpostDestination","rule":"#String(0) ({ / } #String(1)) ({ / } #String(2)) ({ / } #String(3)) ({ / } #String(4))"},{"id":"StopSideLeft","rule":"{, בצד שמאל}"},{"id":"StopSideRight","rule":"{, בצד ימין}"},{"id":"LandmarkOnTheLeft","rule":"{שמאל}"},{"id":"LandmarkOnTheRight","rule":"{ימין}"},{"id":"LandmarkOnTheNearLeft","rule":"{קרוב משמאל}"},{"id":"UnitMileSingular","rule":"{מייל}"},{"id":"UnitMileNeutral","rule":"{מייל}"},{"id":"UnitKilometerSingular","rule":"{ק\"מ}"},{"id":"UnitKilometerPlural","rule":"{ק\"מ}"},{"id":"UnitKilometerNeutral","rule":"{ק\"מ}"},{"id":"UnitMeterSingular","rule":"{מ'}"},{"id":"UnitMeterPlural","rule":"{מ'}"},{"id":"UnitMeterNeutral","rule":"{מ'}"},{"id":"UnitFootSingular","rule":"{רגל}"},{"id":"UnitFootNeutral","rule":"{רגל}"},{"id":"UnitYardSingular","rule":"{יארד}"},{"id":"DirectionTime","rule":"#ItemTime"},{"id":"UnitYardPlural","rule":"{יארד}"},{"id":"UnitNauticalSingular","rule":"{מייל ימי}"},{"id":"UnitSecondSingular","rule":"{שנ'}"},{"id":"UnitSecondPlural","rule":"{שנ'}"},{"id":"StopSummary","rule":"{מרחק: } #StopLength"},{"id":"StopTimeWindow","rule":"{חלון זמן: } #StopTimeWindowStart { - } #StopTimeWindowEnd"},{"id":"StopStayTime","rule":"{זמן שירות: } #StopStayTime"},{"id":"StopFullTime","rule":"#StopFullTime"},{"id":"StopWaitTime","rule":"{זמן המתנה: } #StopWaitTime"},{"id":"StopViolationTime","rule":"{הפרת זמן: } #StopViolationTime"},{"id":"StopLength","rule":"#StopLength"},{"id":"DirectionDrive","rule":"{סע} ({ } #ItemLength) ({ ~ } #ItemTime)"},{"id":"DirectionLength","rule":"#ItemLength"},{"id":"DirectionETA","rule":"#ArriveTime"},{"id":"DirectionBranch","rule":"#Branch"},{"id":"DirectionToward","rule":"#Destination"},{"id":"DirectionCrossStreet","rule":"#CrossNames"},{"id":"DirectionExitName","rule":"#SignpostExit"},{"id":"DirectionRestBreak","rule":"#ArriveTime ({-} #DepartTime) { הפסקת מנוחה}"},{"id":"DirectionStreet","rule":"NAME"},{"id":"DirectionAltNames","rule":"ALT_NAME ({ / } ALT_NAME2)"},{"id":"DirectionDayEnd","rule":"(#ArriveTime { }) {סוף היום}"},{"id":"EventLandmarkPassageVerification","rule":"{עבור } @@LandmarkPrepositionString(#LandmarkPreposition) { } #LandmarkName ({. זה יהיה ב} #LandmarkPosition)"}],"lookupMapping":[{"id":"ExitNumberString","value":[{"key":"1","value":"{ראשונה}"},{"key":"2","value":"{שניה}"},{"key":"3","value":"{שלישית}"},{"key":"4","value":"{רביעית}"},{"key":"5","value":"{חמישית}"},{"key":"6","value":"{שישית}"},{"key":"7","value":"{שביעית}"},{"key":"8","value":"{שמינית}"},{"key":"9","value":"{תשיעית}"},{"key":"10","value":"{עשירית}"}]},{"id":"LandmarkPrepositionString","value":[{"key":"AFTER","value":"{אחרי}"},{"key":"AT","value":"{ליד}"},{"key":"BEFORE","value":"{לפני}"},{"key":"ONTO","value":"{על}"},{"key":"OVER","value":"{לעבר}"},{"key":"PAST","value":"{עבר}"},{"key":"THROUGH","value":"{דרך}"},{"key":"UNDER","value":"{מתחת}"},{"key":"BY","value":"{דרך}"},{"key":"NEAR","value":"{סמוך}"}]}]}}}]}}