{"directions":{"settings":[{"style":{"id":"NA Desktop","language":{"id":"sv","description":"Svenska","strings":[{"id":"AzimuthSE","rule":"{sydost}"},{"id":"ManeuverStopOnRoundabout","rule":"{Ta rondell}"},{"id":"ManeuverHeader","rule":"{Starta} ({ vid } #StopName)"},{"id":"ManeuverAnyRoad","rule":"#FirstUpper(({Kör} ({ } #Azimuth) ({ på } @@Names) ({ i riktning mot } #CrossNames)))"},{"id":"ForkSideStraight","rule":"{rakt fram}"},{"id":"RoadSplitSideToStayStraight","rule":"{rakt fram}"},{"id":"ManeuverFooter","rule":"{Anländ} @StopArrival ({ vid } #StopName) (#StopSide)"},{"id":"EventLandmarkManeuverGuidance","rule":"{Utför manövern } @@LandmarkPrepositionString(#LandmarkPreposition) { } #FirstUpper(#LandmarkName)"},{"id":"StopArrival","rule":"{ } #StopArrival({tidigt},{sent})"},{"id":"ManeuverDepart","rule":"{Åk från} ({ } #StopName)"},{"id":"ManeuverFerryBypass","rule":"{Stanna på färjan i} ({ ~ } #ItemTime) ({ } #ItemLength)"},{"id":"Names","rule":"NAME ({ (} ALT_NAME {)})"},{"id":"AzimuthNE","rule":"{nordost}"},{"id":"ManeuverFerry","rule":"{Ta} ({ } @@Names) { färjan}"},{"id":"ManeuverUTurn","rule":"{Gör en U-sväng} @AtIntersectionOrCrossNames { och åk tillbaka} ({ på } @@Names)"},{"id":"ManeuverArrive","rule":"{Anländ} @StopArrival ({ vid } #StopName) (#StopSide)"},{"id":"ManeuverStopArrive","rule":"#FirstUpper((#StopArriveAction ({ } #Azimuth) ({ på } @@Names)))"},{"id":"ManeuverTurnOntoLocalRoad","rule":"#FirstUpper( (@AtExit #LocalRoadAction @AtIntersectionNames ({ på } @@Names) ({ mot } #Destination)) )"},{"id":"AtExit","rule":"{vid avfart } #SignpostExit { }"},{"id":"AtIntersectionNames","rule":"{ vid } #Intersection(NAME) ({ (} #Intersection(ALT_NAME) {)})"},{"id":"FirstActionMakeSharpRight","rule":"{gör en skarp högersväng} @AtIntersectionNames ({ på } NAME)"},{"id":"ManeuverPathCurves","rule":"#FirstUpper( (@AtExit #PathCurveAction @AtIntersectionOrCrossNames ({ att stanna på} @@Names) ({ mot } #Destination)) )"},{"id":"UTurnRampActionTurnLeft","rule":"{sväng vänster till avfart}"},{"id":"AtIntersectionOrCrossNames","rule":"#Select(@AtIntersectionNames, ({ vid } #CrossNames))"},{"id":"PathCurveActionTurnLeft","rule":"{sväng vänster}"},{"id":"TimeZoneChange","rule":"#Sign (#TotalHours(0) { h }) (#RoundedMinutesOfHour(0) { min})"},{"id":"ManeuverOntoHighway","rule":"#FirstUpper( @AtExit #HighwayAction @AtIntersectionNames #Select(@OnBranchDestination, ({ på } @@Names)) )"},{"id":"OnBranchDestination","rule":"({ på } #Branch) ({ i riktning mot } #Destination)"},{"id":"ManeuverDoubleTurn","rule":"#FirstUpper( (#FirstTurn(#FirstActionBearing) { och } #SecondTurn(#SecondActionBearing)) )"},{"id":"UnitFootPlural","rule":"{fot}"},{"id":"LocalRoadActionTurnRight","rule":"{sväng höger}"},{"id":"ManeuverUTurnViaRamp","rule":"#FirstUpper( (#UTurnRampAction { för att göra en U-sväng och åka tillbaka} ({ på } @@Names)) )"},{"id":"ManeuverUTurnViaRoundabout","rule":"@RoundaboutHeaderGoBack ({ på } @@Names)"},{"id":"RoundaboutHeaderGoBack","rule":"#Select(({I rondell, ta } @@ExitNumberString(#ExitNumber) { avfart för att köra tillbaka}), {Ta rondell och köra tillbaka})"},{"id":"AzimuthS","rule":"{söderut}"},{"id":"ManeuverEndOfFerry","rule":"#FirstUpper( @AtExit #EndOfFerryAction #Select(@OnBranchDestination,  ({ på } @@Names)) )"},{"id":"UnitNauticalPlural","rule":"{nautiska mil}"},{"id":"PathCurveActionMakeSharpRight","rule":"{gör en skarp högersväng}"},{"id":"ManeuverFork","rule":"#FirstUpper( (#Select(@AtExit, {vid förgrening }) #ForkAction ({ } #ForkSide) #Select(@OnBranchDestination, ({ på } @@Names))) )"},{"id":"LocalRoadActionBearRight","rule":"{sväng höger}"},{"id":"ManeuverSkipSignpostRamps","rule":"#FirstUpper( @AtExit #SkipSignpostRampAction #Select(@ToBranchDestination, ({ till } @@Names)) )"},{"id":"TravelTimeShort","rule":"{< 1 min}"},{"id":"UnitMilePlural","rule":"{eng. mil}"},{"id":"ManeuverRoadSplitToProceed","rule":"#FirstUpper( (@AtExit #RoadSplitActionToProceed ({ } #RoadSplitSideToProceed) { för att fortsätta } #Select(@OnBranchDestination, ({ på } @@Names))) ) "},{"id":"FirstActionTurnRight","rule":"{sväng höger} @AtIntersectionNames ({ på } NAME)"},{"id":"ManeuverRoadSplitToStay","rule":"#FirstUpper( (@AtExit #RoadSplitActionToStay ({ } #RoadSplitSideToStay) { för att fortsätta } #Select(@OnBranchDestination, ({ på } @@Names))) ) "},{"id":"UTurnRampActionAtForkRight","rule":"{ta avfart på höger sida}"},{"id":"LocalRoadActionGo","rule":"{kör}"},{"id":"EventTakeRoundaboutToStay","rule":"{Ta rondellen} ({ att stanna på } @@Names)"},{"id":"DirectionCumulativeLength","rule":"#CumulativeDistance"},{"id":"AzimuthSW","rule":"{sydväst}"},{"id":"ToProceed","rule":"{ För att fortsätta} #Select(@OnBranchDestination, ({ på } @@Names))"},{"id":"ManeuverSkipRoundabout","rule":"@RoundaboutHeader @ToProceed"},{"id":"AzimuthW","rule":"{västerut}"},{"id":"RoundaboutHeader","rule":"#Select(({I rondellen, ta } @@ExitNumberString(#ExitNumber) { avfart till}), {Ta rondellen})"},{"id":"ManeuverSkipRoundaboutRamp","rule":"@RoundaboutHeader #Select(@ToBranchDestination, ({ på } @@Names))"},{"id":"ToBranchDestination","rule":"({ till } #Branch) ({ i riktning mot } #Destination)"},{"id":"EventRestrictionViolation","rule":"{Restriktion: } #Restriction"},{"id":"ManeuverSkipHighwayRamps","rule":"#FirstUpper( @AtExit #SkipHighwayRampAction #Select(@AndGoOnBranchDestination, ({ och fortsätt } @@Names)) )"},{"id":"AndGoOnBranchDestination","rule":"({ och fortsätt } #Branch) ({ mot } #Destination)"},{"id":"EventTimeChanged","rule":"{Kör in i en ny tidszon.} ({ Tidsskillnad: } #TZChange)"},{"id":"FirstActionBearRight","rule":"{sväng höger} @AtIntersectionNames ({ på } NAME)"},{"id":"PathCurveActionContinue","rule":"{fortsätt}"},{"id":"EventCrossingBorder","rule":"{Kör på} ({ } CROSSADMINBORDER)"},{"id":"AzimuthN","rule":"{norrut}"},{"id":"AzimuthE","rule":"{österut}"},{"id":"AzimuthNW","rule":"{nordväst}"},{"id":"RoadSplitSideToStayLeft","rule":"{vänster}"},{"id":"PathCurveActionBearRight","rule":"{sväng höger}"},{"id":"LocalRoadActionContinue","rule":"{fortsätt}"},{"id":"LocalRoadActionMakeSharpRight","rule":"{gör en skarp högersväng}"},{"id":"LocalRoadActionMakeSharpLeft","rule":"{gör en skarp vänstersväng}"},{"id":"PathCurveActionBearLeft","rule":"{sväng vänster}"},{"id":"LocalRoadActionTurnLeft","rule":"{sväng vänster}"},{"id":"LandmarkOnTheNearRight","rule":"{nära till höger}"},{"id":"LocalRoadActionBearLeft","rule":"{sväng vänster}"},{"id":"PathCurveActionTurnRight","rule":"{sväng höger}"},{"id":"PathCurveActionMakeSharpLeft","rule":"{gör en skarp vänstersväng}"},{"id":"FirstActionMakeSharpLeft","rule":"{gör en skarp vänstersväng} @AtIntersectionNames ({ på } NAME)"},{"id":"FirstActionTurnLeft","rule":"{sväng vänster} @AtIntersectionNames ({ på } NAME)"},{"id":"FirstActionBearLeft","rule":"{sväng vänster} @AtIntersectionNames ({ på } NAME)"},{"id":"FirstActionContinue","rule":"{fortsätt} @AtIntersectionNames ({ på } NAME)"},{"id":"SecondActionBearRight","rule":"{håll omedelbart höger} ({ på } NAME)"},{"id":"DirectionAfterBreak","rule":"(#DepartTime { }) {Stanna} { på } @@Names"},{"id":"SecondActionTurnRight","rule":"{sväng omedelbart höger} ({ på } NAME)"},{"id":"SecondActionMakeSharpRight","rule":"{gör omedelbart en skarp högersväng} ({ på } NAME)"},{"id":"SkipHighwayRampActionAtForkRight","rule":"{ta avfart på höger sida}"},{"id":"SecondActionMakeSharpLeft","rule":"{gör omedelbart en skarp vänstersväng} ({ på } NAME)"},{"id":"EndOfFerryActionTurnLeft","rule":"{sväng vänster}"},{"id":"SecondActionTurnLeft","rule":"{sväng omedelbart vänster} ({ på } NAME)"},{"id":"SecondActionBearLeft","rule":"{håll omedelbart vänster} ({ på } NAME)"},{"id":"SecondActionContinue","rule":"{fortsätt} ({ på } NAME)"},{"id":"HighwayActionBearRight","rule":"{sväng höger}"},{"id":"DistanceLong","rule":"#Distance(1) ({ } #DistanceUnits)"},{"id":"SkipHighwayRampActionAtFork","rule":"#Select(#SkipHighwayRampActionAtFork, {ta avfart})"},{"id":"UnitNauticalNeutral","rule":"{nautiska mil}"},{"id":"SkipHighwayRampActionBearRight","rule":"{sväng höger till avfart}"},{"id":"SkipHighwayRampActionTurnRight","rule":"{sväng höger till avfart}"},{"id":"SkipHighwayRampActionMakeSharpRight","rule":"{gör en skarp högersväng till avfart}"},{"id":"SkipHighwayRampActionMakeSharpLeft","rule":"{gör en skarp vänstersväng till avfart}"},{"id":"SkipHighwayRampActionTurnLeft","rule":"{sväng vänster till avfart}"},{"id":"SkipHighwayRampActionBearLeft","rule":"{sväng vänster till avfart}"},{"id":"SkipHighwayRampActionTakeRamp","rule":"{ta avfart}"},{"id":"SkipHighwayRampActionAtForkLeft","rule":"{ta avfart på vänster sida}"},{"id":"SkipSignpostRampActionAtFork","rule":"#Select(#SkipSignpostRampActionAtFork, {ta avfart})"},{"id":"SkipSignpostRampActionBearRight","rule":"{sväng höger till avfart}"},{"id":"SkipSignpostRampActionTurnRight","rule":"{sväng höger till avfart}"},{"id":"UnitYardNeutral","rule":"{yard}"},{"id":"SkipSignpostRampActionMakeSharpRight","rule":"{gör en skarp högersväng till avfart}"},{"id":"UTurnRampActionTakeRamp","rule":"{ta avfart}"},{"id":"SkipSignpostRampActionMakeSharpLeft","rule":"{gör en skarp vänstersväng till avfart}"},{"id":"SkipSignpostRampActionTurnLeft","rule":"{sväng vänster till avfart}"},{"id":"SkipSignpostRampActionBearLeft","rule":"{sväng vänster till avfart}"},{"id":"SkipSignpostRampActionTakeRamp","rule":"{ta avfart}"},{"id":"SkipSignpostRampActionAtForkLeft","rule":"{ta avfart på vänster sida}"},{"id":"SkipSignpostRampActionAtForkRight","rule":"{ta avfart på höger sida}"},{"id":"UTurnRampActionFork","rule":"#Select(#UTurnRampActionAtFork, {ta avfart})"},{"id":"UTurnRampActionBearRight","rule":"{sväng höger till avfart}"},{"id":"UTurnRampActionTurnRight","rule":"{sväng höger till avfart}"},{"id":"LandmarkOnTheFarRight","rule":"{längst till höger}"},{"id":"UTurnRampActionMakeSharpRight","rule":"{gör en skarp högersväng till avfart}"},{"id":"UTurnRampActionMakeSharpLeft","rule":"{gör en skarp vänstersväng till avfart}"},{"id":"UTurnRampActionBearLeft","rule":"{sväng vänster till avfart}"},{"id":"UTurnRampActionAtForkLeft","rule":"{ta avfart på vänster sida}"},{"id":"HighwayActionGo","rule":"{kör}"},{"id":"LandmarkOnTheFarLeft","rule":"{längst till vänster}"},{"id":"HighwayActionTurnRight","rule":"{sväng höger}"},{"id":"HighwayActionMakeSharpRight","rule":"{gör en skarp högersväng}"},{"id":"ForkActionLeft","rule":"{håll}"},{"id":"HighwayActionMakeSharpLeft","rule":"{gör en skarp vänstersväng}"},{"id":"HighwayActionTurnLeft","rule":"{sväng vänster}"},{"id":"HighwayActionBearLeft","rule":"{sväng vänster}"},{"id":"CrossNames","rule":"#String(0) ({ / } #String(1))"},{"id":"EndOfFerryActionGo","rule":"{kör}"},{"id":"EndOfFerryActionBearRight","rule":"{sväng höger}"},{"id":"EndOfFerryActionTurnRight","rule":"{sväng höger}"},{"id":"EndOfFerryActionMakeSharpRight","rule":"{gör en skarp högersväng}"},{"id":"EndOfFerryActionMakeSharpLeft","rule":"{gör en skarp vänstersväng}"},{"id":"EndOfFerryActionBearLeft","rule":"{sväng vänster}"},{"id":"StopArriveActionContinue","rule":"{Fortsätt}"},{"id":"StopArriveActionGo","rule":"{Kör}"},{"id":"StopArriveActionBack","rule":"{Åk tillbaka}"},{"id":"ForkActionRight","rule":"{håll}"},{"id":"ForkActionStraight","rule":"{kör}"},{"id":"UnitSecondNeutral","rule":"{s}"},{"id":"ForkSideLeft","rule":"{vänster}"},{"id":"RoadSplitSideToProceedLeft","rule":"{vänster}"},{"id":"ForkSideRight","rule":"{höger}"},{"id":"RoadSplitActionToProceedLeft","rule":"{håll}"},{"id":"RoadSplitActionToProceedRight","rule":"{håll}"},{"id":"RoadSplitActionToProceedStraight","rule":"{kör}"},{"id":"RoadSplitSideToProceedRight","rule":"{höger}"},{"id":"RoadSplitSideToProceedStraight","rule":"{rakt fram}"},{"id":"RoadSplitActionToStayLeft","rule":"{håll}"},{"id":"RoadSplitActionToStayRight","rule":"{håll}"},{"id":"RoadSplitActionToStayStraight","rule":"{kör}"},{"id":"RoadSplitSideToStayRight","rule":"{höger}"},{"id":"DistanceShort","rule":"{< } #MinDistance(1) ({ } #DistanceUnits)"},{"id":"CumulativeDistanceLong","rule":"#Select(#Distance(1), {0}) ({ } #DistanceUnits)"},{"id":"TimeShort","rule":"{< 1 min}"},{"id":"TimeLong","rule":"(#TotalHours(0) { h }) (#RoundedMinutesOfHour(0) { min})"},{"id":"TravelTimeLong","rule":"(#Days(0) { d }) (#HoursOfDay(0) { h }) (#RoundedMinutesOfHour(0) { min})"},{"id":"StopTimeShort","rule":"{< 1 min}"},{"id":"StopTimeLong","rule":"(#TotalHours(0) { h }) (#RoundedMinutesOfHour(0) { min})"},{"id":"SignpostDestination","rule":"#String(0) ({ / } #String(1)) ({ / } #String(2)) ({ / } #String(3)) ({ / } #String(4))"},{"id":"StopSideLeft","rule":"{ på vänster sida}"},{"id":"StopSideRight","rule":"{ på höger sida}"},{"id":"LandmarkOnTheLeft","rule":"{till vänster}"},{"id":"LandmarkOnTheRight","rule":"{till höger}"},{"id":"LandmarkOnTheNearLeft","rule":"{nära till vänster}"},{"id":"UnitMileSingular","rule":"{eng. mil}"},{"id":"UnitMileNeutral","rule":"{eng. mil}"},{"id":"UnitKilometerSingular","rule":"{km}"},{"id":"UnitKilometerPlural","rule":"{km}"},{"id":"UnitKilometerNeutral","rule":"{km}"},{"id":"UnitMeterSingular","rule":"{m}"},{"id":"UnitMeterPlural","rule":"{m}"},{"id":"UnitMeterNeutral","rule":"{m}"},{"id":"UnitFootSingular","rule":"{fot}"},{"id":"UnitFootNeutral","rule":"{fot}"},{"id":"UnitYardSingular","rule":"{yard}"},{"id":"DirectionTime","rule":"#ItemTime"},{"id":"UnitYardPlural","rule":"{yard}"},{"id":"UnitNauticalSingular","rule":"{nautiska mil}"},{"id":"UnitSecondSingular","rule":"{s}"},{"id":"UnitSecondPlural","rule":"{s}"},{"id":"StopSummary","rule":"{Avstånd: } #StopLength"},{"id":"StopTimeWindow","rule":"{Tidsfönster: } #StopTimeWindowStart { - } #StopTimeWindowEnd"},{"id":"StopStayTime","rule":"{Servicetid:} #StopStayTime"},{"id":"StopFullTime","rule":"#StopFullTime"},{"id":"StopWaitTime","rule":"{Väntetid:} #StopWaitTime"},{"id":"StopViolationTime","rule":"{Tidsavbrott: } #StopViolationTime"},{"id":"StopLength","rule":"#StopLength"},{"id":"DirectionDrive","rule":"{Kör} ({ } #ItemLength) ({ ~ } #ItemTime)"},{"id":"DirectionLength","rule":"#ItemLength"},{"id":"DirectionETA","rule":"#ArriveTime"},{"id":"DirectionBranch","rule":"#Branch"},{"id":"DirectionToward","rule":"#Destination"},{"id":"DirectionCrossStreet","rule":"#CrossNames"},{"id":"DirectionExitName","rule":"#SignpostExit"},{"id":"DirectionRestBreak","rule":"#ArriveTime ({-} #DepartTime) { Paus}"},{"id":"DirectionStreet","rule":"NAME"},{"id":"DirectionAltNames","rule":"ALT_NAME ({ / } ALT_NAME2)"},{"id":"DirectionDayEnd","rule":"(#ArriveTime { }) {Slutet av dagen}"},{"id":"EventLandmarkPassageVerification","rule":"{Passera } @@LandmarkPrepositionString(#LandmarkPreposition) { } #LandmarkName ({ som ligger } #LandmarkPosition)"}],"lookupMapping":[{"id":"ExitNumberString","value":[{"key":"1","value":"{1:a}"},{"key":"2","value":"{2:a}"},{"key":"3","value":"{3:e}"},{"key":"4","value":"{4:e}"},{"key":"5","value":"{5:e}"},{"key":"6","value":"{6:e}"},{"key":"7","value":"{7:e}"},{"key":"8","value":"{8:e}"},{"key":"9","value":"{9:e}"},{"key":"10","value":"{10:e}"}]},{"id":"LandmarkPrepositionString","value":[{"key":"AFTER","value":"{efter}"},{"key":"AT","value":"{vid}"},{"key":"BEFORE","value":"{före}"},{"key":"ONTO","value":"{på}"},{"key":"OVER","value":"{över}"},{"key":"PAST","value":"{förbi}"},{"key":"THROUGH","value":"{genom}"},{"key":"UNDER","value":"{under}"},{"key":"BY","value":"{vid}"},{"key":"NEAR","value":"{nära}"}]}]}}}]}}