{"directions":{"settings":[{"style":{"id":"NA Desktop","language":{"id":"es","description":"español","strings":[{"id":"AzimuthSE","rule":"{sudeste}"},{"id":"ManeuverStopOnRoundabout","rule":"{Tome la rotonda}"},{"id":"ManeuverHeader","rule":"{Comience} ({ en } #StopName)"},{"id":"ManeuverAnyRoad","rule":"#FirstUpper(({avance} ({ } #Azimuth) ({ en } @@Names) ({ hacia } #CrossNames)))"},{"id":"ForkSideStraight","rule":"{recto}"},{"id":"RoadSplitSideToStayStraight","rule":"{recto}"},{"id":"ManeuverFooter","rule":"{Finalice} @StopArrival ({ en } #StopName) (#StopSide)"},{"id":"EventLandmarkManeuverGuidance","rule":"{Haga la maniobra } @@LandmarkPrepositionString(#LandmarkPreposition) { } #FirstUpper(#LandmarkName)"},{"id":"StopArrival","rule":"{ } #StopArrival({próximamente},{posteriormente})"},{"id":"ManeuverDepart","rule":"{Salga desde} ({ } #StopName)"},{"id":"ManeuverFerryBypass","rule":"{Permanezca en el ferry durante} ({ ~ } #ItemTime) ({ } #ItemLength)"},{"id":"Names","rule":"NAME ({ (} ALT_NAME {)})"},{"id":"AzimuthNE","rule":"{noreste}"},{"id":"ManeuverFerry","rule":"{Tome el} { ferry} ({ } @@Names)"},{"id":"ManeuverUTurn","rule":"{Cambie de sentido} @AtIntersectionOrCrossNames { y regrese} ({ en } @@Names)"},{"id":"ManeuverArrive","rule":"{Llegue} @StopArrival ({ a } #StopName) (#StopSide)"},{"id":"ManeuverStopArrive","rule":"#FirstUpper((#StopArriveAction ({ } #Azimuth) ({ en } @@Names)))"},{"id":"ManeuverTurnOntoLocalRoad","rule":"#FirstUpper( (@AtExit #LocalRoadAction @AtIntersectionNames ({ en } @@Names) ({ hacia } #Destination)) )"},{"id":"AtExit","rule":"{en la salida } #SignpostExit { }"},{"id":"AtIntersectionNames","rule":"{ en } #Intersection(NAME) ({ (} #Intersection(ALT_NAME) {)})"},{"id":"FirstActionMakeSharpRight","rule":"{gire a la derecha} @AtIntersectionNames ({ en } NAME)"},{"id":"ManeuverPathCurves","rule":"#FirstUpper( (@AtExit #PathCurveAction @AtIntersectionOrCrossNames ({ para permanecer en } @@Names) ({ hacia } #Destination)) )"},{"id":"UTurnRampActionTurnLeft","rule":"{gire a la izquierda hacia la rampa}"},{"id":"AtIntersectionOrCrossNames","rule":"#Select(@AtIntersectionNames, ({ en } #CrossNames))"},{"id":"PathCurveActionTurnLeft","rule":"{gire a la izquierda}"},{"id":"TimeZoneChange","rule":"#Sign (#TotalHours(0) { h }) (#RoundedMinutesOfHour(0) { min})"},{"id":"ManeuverOntoHighway","rule":"#FirstUpper( @AtExit #HighwayAction @AtIntersectionNames #Select(@OnBranchDestination, ({ en } @@Names)) )"},{"id":"OnBranchDestination","rule":"({ en } #Branch) ({ hacia } #Destination)"},{"id":"ManeuverDoubleTurn","rule":"#FirstUpper( (#FirstTurn(#FirstActionBearing) { y } #SecondTurn(#SecondActionBearing)) )"},{"id":"UnitFootPlural","rule":"{ft}"},{"id":"LocalRoadActionTurnRight","rule":"{gire a la derecha}"},{"id":"ManeuverUTurnViaRamp","rule":"#FirstUpper( (#UTurnRampAction { para cambiar de sentido y regresar} ({ en } @@Names)) )"},{"id":"ManeuverUTurnViaRoundabout","rule":"@RoundaboutHeaderGoBack ({ en } @@Names)"},{"id":"RoundaboutHeaderGoBack","rule":"#Select(({En la rotonda, tome la } @@ExitNumberString(#ExitNumber) { salida para regresar}), {Tome la rotonda y regrese})"},{"id":"AzimuthS","rule":"{sur}"},{"id":"ManeuverEndOfFerry","rule":"#FirstUpper( @AtExit #EndOfFerryAction #Select(@OnBranchDestination,  ({ en } @@Names)) )"},{"id":"UnitNauticalPlural","rule":"{nmi}"},{"id":"PathCurveActionMakeSharpRight","rule":"{gire a la derecha}"},{"id":"ManeuverFork","rule":"#FirstUpper( (#Select(@AtExit, {en la bifurcación }) #ForkAction ({ } #ForkSide) #Select(@OnBranchDestination, ({ en } @@Names))) )"},{"id":"LocalRoadActionBearRight","rule":"{tome la derecha}"},{"id":"ManeuverSkipSignpostRamps","rule":"#FirstUpper( @AtExit #SkipSignpostRampAction #Select(@ToBranchDestination, ({ a } @@Names)) )"},{"id":"TravelTimeShort","rule":"{< 1 min}"},{"id":"UnitMilePlural","rule":"{mi}"},{"id":"ManeuverRoadSplitToProceed","rule":"#FirstUpper( (@AtExit #RoadSplitActionToProceed ({ } #RoadSplitSideToProceed) { para continuar} #Select(@OnBranchDestination, ({ en } @@Names))) ) "},{"id":"FirstActionTurnRight","rule":"{gire a la derecha} @AtIntersectionNames ({ en } NAME)"},{"id":"ManeuverRoadSplitToStay","rule":"#FirstUpper( (@AtExit #RoadSplitActionToStay ({ } #RoadSplitSideToStay) { para permanecer} #Select(@OnBranchDestination, ({ en } @@Names))) ) "},{"id":"UTurnRampActionAtForkRight","rule":"{tome la rampa a la derecha}"},{"id":"LocalRoadActionGo","rule":"{avance}"},{"id":"EventTakeRoundaboutToStay","rule":"{Tome la rotonda} ({ para permanecer en } @@Names)"},{"id":"DirectionCumulativeLength","rule":"#CumulativeDistance"},{"id":"AzimuthSW","rule":"{sudoeste}"},{"id":"ToProceed","rule":"{ para continuar} #Select(@OnBranchDestination, ({ en } @@Names))"},{"id":"ManeuverSkipRoundabout","rule":"@RoundaboutHeader @ToProceed"},{"id":"AzimuthW","rule":"{oeste}"},{"id":"RoundaboutHeader","rule":"#Select(({En la rotonda, tome la } @ExitNumberString(#ExitNumber) { salida}), {Tome la rotonda})"},{"id":"ManeuverSkipRoundaboutRamp","rule":"@RoundaboutHeader #Select(@ToBranchDestination, ({ a } @@Names))"},{"id":"ToBranchDestination","rule":"({ a } #Branch) ({ hacia } #Destination)"},{"id":"EventRestrictionViolation","rule":"{Restricción: } #Restriction"},{"id":"ManeuverSkipHighwayRamps","rule":"#FirstUpper( @AtExit #SkipHighwayRampAction #Select(@AndGoOnBranchDestination, ({ y continúe por } @@Names)) )"},{"id":"AndGoOnBranchDestination","rule":"({ y continúe por } #Branch) ({ hacia } #Destination)"},{"id":"EventTimeChanged","rule":"{Entrando en una nueva franja horaria.} ({ Cambio de hora: } #TZChange)"},{"id":"FirstActionBearRight","rule":"{tome la derecha} @AtIntersectionNames ({ en } NAME)"},{"id":"PathCurveActionContinue","rule":"{continúe}"},{"id":"EventCrossingBorder","rule":"{Entrando en} ({ } CROSSADMINBORDER)"},{"id":"AzimuthN","rule":"{norte}"},{"id":"AzimuthE","rule":"{este}"},{"id":"AzimuthNW","rule":"{noroeste}"},{"id":"RoadSplitSideToStayLeft","rule":"{a la izquierda}"},{"id":"PathCurveActionBearRight","rule":"{tome la derecha}"},{"id":"LocalRoadActionContinue","rule":"{continúe}"},{"id":"LocalRoadActionMakeSharpRight","rule":"{gire a la derecha}"},{"id":"LocalRoadActionMakeSharpLeft","rule":"{gire a la izquierda}"},{"id":"PathCurveActionBearLeft","rule":"{tome la izquierda}"},{"id":"LocalRoadActionTurnLeft","rule":"{gire a la izquierda}"},{"id":"LandmarkOnTheNearRight","rule":"{derecha más cercana}"},{"id":"LocalRoadActionBearLeft","rule":"{tome la izquierda}"},{"id":"PathCurveActionTurnRight","rule":"{gire a la derecha}"},{"id":"PathCurveActionMakeSharpLeft","rule":"{gire a la izquierda}"},{"id":"FirstActionMakeSharpLeft","rule":"{gire a la izquierda} @AtIntersectionNames ({ en } NAME)"},{"id":"FirstActionTurnLeft","rule":"{gire a la izquierda} @AtIntersectionNames ({ en } NAME)"},{"id":"FirstActionBearLeft","rule":"{tome la izquierda} @AtIntersectionNames ({ en } NAME)"},{"id":"FirstActionContinue","rule":"{continúe} @AtIntersectionNames ({ en } NAME)"},{"id":"SecondActionBearRight","rule":"{seguidamente tome la derecha} ({ en } NAME)"},{"id":"DirectionAfterBreak","rule":"(#DepartTime { }) {Permanezca} { en } NAME ({ (} ALT_NAME {)})"},{"id":"SecondActionTurnRight","rule":"{seguidamente gire a la derecha} ({ en } NAME)"},{"id":"SecondActionMakeSharpRight","rule":"{seguidamente gire a la derecha} ({ en } NAME)"},{"id":"SkipHighwayRampActionAtForkRight","rule":"{tome la rampa a la derecha}"},{"id":"SecondActionMakeSharpLeft","rule":"{seguidamente gire a la izquierda} ({ en } NAME)"},{"id":"EndOfFerryActionTurnLeft","rule":"{gire a la izquierda}"},{"id":"SecondActionTurnLeft","rule":"{seguidamente gire a la izquierda} ({ en } NAME)"},{"id":"SecondActionBearLeft","rule":"{seguidamente tome la izquierda} ({ en } NAME)"},{"id":"SecondActionContinue","rule":"{seguidamente continúe} ({ en } NAME)"},{"id":"HighwayActionBearRight","rule":"{tome la derecha}"},{"id":"DistanceLong","rule":"#Distance(1) ({ } #DistanceUnits)"},{"id":"SkipHighwayRampActionAtFork","rule":"#Select(#SkipHighwayRampActionAtFork, {tome la rampa})"},{"id":"UnitNauticalNeutral","rule":"{nmi}"},{"id":"SkipHighwayRampActionBearRight","rule":"{tome la derecha hacia la rampa}"},{"id":"SkipHighwayRampActionTurnRight","rule":"{gire a la derecha hacia la rampa}"},{"id":"SkipHighwayRampActionMakeSharpRight","rule":"{gire a la derecha hacia la rampa}"},{"id":"SkipHighwayRampActionMakeSharpLeft","rule":"{gire a la izquierda hacia la rampa}"},{"id":"SkipHighwayRampActionTurnLeft","rule":"{gire a la izquierda hacia la rampa}"},{"id":"SkipHighwayRampActionBearLeft","rule":"{tome la izquierda hacia la rampa}"},{"id":"SkipHighwayRampActionTakeRamp","rule":"{tome la rampa}"},{"id":"SkipHighwayRampActionAtForkLeft","rule":"{tome la rampa a la izquierda}"},{"id":"SkipSignpostRampActionAtFork","rule":"#Select(#SkipSignpostRampActionAtFork, {tome la rampa})"},{"id":"SkipSignpostRampActionBearRight","rule":"{tome la derecha hacia la rampa}"},{"id":"SkipSignpostRampActionTurnRight","rule":"{gire a la derecha hacia la rampa}"},{"id":"UnitYardNeutral","rule":"{yd}"},{"id":"SkipSignpostRampActionMakeSharpRight","rule":"{gire a la derecha hacia la rampa}"},{"id":"UTurnRampActionTakeRamp","rule":"{tome la rampa}"},{"id":"SkipSignpostRampActionMakeSharpLeft","rule":"{gire a la izquierda hacia la rampa}"},{"id":"SkipSignpostRampActionTurnLeft","rule":"{gire a la izquierda hacia la rampa}"},{"id":"SkipSignpostRampActionBearLeft","rule":"{tome la izquierda hacia la rampa}"},{"id":"SkipSignpostRampActionTakeRamp","rule":"{tome la rampa}"},{"id":"SkipSignpostRampActionAtForkLeft","rule":"{tome la rampa a la izquierda}"},{"id":"SkipSignpostRampActionAtForkRight","rule":"{tome la rampa a la derecha}"},{"id":"UTurnRampActionFork","rule":"#Select(#UTurnRampActionAtFork, {tome la rampa})"},{"id":"UTurnRampActionBearRight","rule":"{tome la derecha hacia la rampa}"},{"id":"UTurnRampActionTurnRight","rule":"{gire a la derecha hacia la rampa}"},{"id":"LandmarkOnTheFarRight","rule":"{derecha más alejada}"},{"id":"UTurnRampActionMakeSharpRight","rule":"{gire a la derecha hacia la rampa}"},{"id":"UTurnRampActionMakeSharpLeft","rule":"{gire a la izquierda hacia la rampa}"},{"id":"UTurnRampActionBearLeft","rule":"{tome la izquierda hacia la rampa}"},{"id":"UTurnRampActionAtForkLeft","rule":"{tome la rampa a la izquierda}"},{"id":"HighwayActionGo","rule":"{avance}"},{"id":"LandmarkOnTheFarLeft","rule":"{izquierda más alejada}"},{"id":"HighwayActionTurnRight","rule":"{gire a la derecha}"},{"id":"HighwayActionMakeSharpRight","rule":"{gire a la derecha}"},{"id":"ForkActionLeft","rule":"{manténgase}"},{"id":"HighwayActionMakeSharpLeft","rule":"{gire a la izquierda}"},{"id":"HighwayActionTurnLeft","rule":"{gire a la izquierda}"},{"id":"HighwayActionBearLeft","rule":"{tome la izquierda}"},{"id":"CrossNames","rule":"#String(0) ({ / } #String(1))"},{"id":"EndOfFerryActionGo","rule":"{avance}"},{"id":"EndOfFerryActionBearRight","rule":"{tome la derecha}"},{"id":"EndOfFerryActionTurnRight","rule":"{gire a la derecha}"},{"id":"EndOfFerryActionMakeSharpRight","rule":"{gire a la derecha}"},{"id":"EndOfFerryActionMakeSharpLeft","rule":"{gire a la izquierda}"},{"id":"EndOfFerryActionBearLeft","rule":"{tome la izquierda}"},{"id":"StopArriveActionContinue","rule":"{continúe}"},{"id":"StopArriveActionGo","rule":"{avance}"},{"id":"StopArriveActionBack","rule":"{regrese}"},{"id":"ForkActionRight","rule":"{manténgase}"},{"id":"ForkActionStraight","rule":"{avance}"},{"id":"UnitSecondNeutral","rule":"{seg}"},{"id":"ForkSideLeft","rule":"{a la izquierda}"},{"id":"RoadSplitSideToProceedLeft","rule":"{a la izquierda}"},{"id":"ForkSideRight","rule":"{a la derecha}"},{"id":"RoadSplitActionToProceedLeft","rule":"{manténgase}"},{"id":"RoadSplitActionToProceedRight","rule":"{manténgase}"},{"id":"RoadSplitActionToProceedStraight","rule":"{avance}"},{"id":"RoadSplitSideToProceedRight","rule":"{a la derecha}"},{"id":"RoadSplitSideToProceedStraight","rule":"{recto}"},{"id":"RoadSplitActionToStayLeft","rule":"{manténgase}"},{"id":"RoadSplitActionToStayRight","rule":"{manténgase}"},{"id":"RoadSplitActionToStayStraight","rule":"{avance}"},{"id":"RoadSplitSideToStayRight","rule":"{a la derecha}"},{"id":"DistanceShort","rule":"{< } #MinDistance(1) ({ } #DistanceUnits)"},{"id":"CumulativeDistanceLong","rule":"#Select(#Distance(1), {0}) ({ } #DistanceUnits)"},{"id":"TimeShort","rule":"{< 1 min}"},{"id":"TimeLong","rule":"(#TotalHours(0) { h }) (#RoundedMinutesOfHour(0) { min})"},{"id":"TravelTimeLong","rule":"(#Days(0) { d }) (#HoursOfDay(0) { h }) (#RoundedMinutesOfHour(0) { min})"},{"id":"StopTimeShort","rule":"{< 1 min}"},{"id":"StopTimeLong","rule":"(#TotalHours(0) { h }) (#RoundedMinutesOfHour(0) { min})"},{"id":"SignpostDestination","rule":"#String(0) ({ / } #String(1)) ({ / } #String(2)) ({ / } #String(3)) ({ / } #String(4))"},{"id":"StopSideLeft","rule":"{, a la izquierda}"},{"id":"StopSideRight","rule":"{, a la derecha}"},{"id":"LandmarkOnTheLeft","rule":"{izquierda}"},{"id":"LandmarkOnTheRight","rule":"{derecha}"},{"id":"LandmarkOnTheNearLeft","rule":"{izquierda más cercana}"},{"id":"UnitMileSingular","rule":"{mi}"},{"id":"UnitMileNeutral","rule":"{mi}"},{"id":"UnitKilometerSingular","rule":"{km}"},{"id":"UnitKilometerPlural","rule":"{km}"},{"id":"UnitKilometerNeutral","rule":"{km}"},{"id":"UnitMeterSingular","rule":"{m}"},{"id":"UnitMeterPlural","rule":"{m}"},{"id":"UnitMeterNeutral","rule":"{m}"},{"id":"UnitFootSingular","rule":"{ft}"},{"id":"UnitFootNeutral","rule":"{ft}"},{"id":"UnitYardSingular","rule":"{yd}"},{"id":"DirectionTime","rule":"#ItemTime"},{"id":"UnitYardPlural","rule":"{yd}"},{"id":"UnitNauticalSingular","rule":"{nmi}"},{"id":"UnitSecondSingular","rule":"{seg}"},{"id":"UnitSecondPlural","rule":"{seg}"},{"id":"StopSummary","rule":"{Distancia: } #StopLength"},{"id":"StopTimeWindow","rule":"{Intervalo de tiempo: } #StopTimeWindowStart { - } #StopTimeWindowEnd"},{"id":"StopStayTime","rule":"{Tiempo de servicio: } #StopStayTime"},{"id":"StopFullTime","rule":"#StopFullTime"},{"id":"StopWaitTime","rule":"{Tiempo de espera: } #StopWaitTime"},{"id":"StopViolationTime","rule":"{Tiempo de infracción: } #StopViolationTime"},{"id":"StopLength","rule":"#StopLength"},{"id":"DirectionDrive","rule":"{Conduzca} ({ } #ItemLength) ({ ~ } #ItemTime)"},{"id":"DirectionLength","rule":"#ItemLength"},{"id":"DirectionETA","rule":"#ArriveTime"},{"id":"DirectionBranch","rule":"#Branch"},{"id":"DirectionToward","rule":"#Destination"},{"id":"DirectionCrossStreet","rule":"#CrossNames"},{"id":"DirectionExitName","rule":"#SignpostExit"},{"id":"DirectionRestBreak","rule":"#ArriveTime ({-} #DepartTime) { Descanso}"},{"id":"DirectionStreet","rule":"NAME"},{"id":"DirectionAltNames","rule":"ALT_NAME ({ / } ALT_NAME2)"},{"id":"DirectionDayEnd","rule":"(#ArriveTime { }) {Al final del día}"},{"id":"EventLandmarkPassageVerification","rule":"{Pase } @@LandmarkPrepositionString(#LandmarkPreposition) { } #LandmarkName ({. Estará a la } #LandmarkPosition)"}],"lookupMapping":[{"id":"ExitNumberString","value":[{"key":"1","value":"{primera}"},{"key":"2","value":"{segunda}"},{"key":"3","value":"{tercera}"},{"key":"4","value":"{cuarta}"},{"key":"5","value":"{quinta}"},{"key":"6","value":"{sexta}"},{"key":"7","value":"{séptima}"},{"key":"8","value":"{octava}"},{"key":"9","value":"{novena}"},{"key":"10","value":"{décima}"}]},{"id":"LandmarkPrepositionString","value":[{"key":"AFTER","value":"{después de}"},{"key":"AT","value":"{en}"},{"key":"BEFORE","value":"{antes de}"},{"key":"ONTO","value":"{sobre}"},{"key":"OVER","value":"{por encima de}"},{"key":"PAST","value":"{más allá de}"},{"key":"THROUGH","value":"{a través de}"},{"key":"UNDER","value":"{por debajo de}"},{"key":"BY","value":"{por}"},{"key":"NEAR","value":"{junto a}"}]}]}}}]}}