{"directions":{"settings":[{"style":{"id":"NA Desktop","language":{"id":"fr","description":"français","strings":[{"id":"AzimuthSE","rule":"{vers le sud-est}"},{"id":"ManeuverStopOnRoundabout","rule":"{Prendre le rond-point}"},{"id":"ManeuverHeader","rule":"{Départ} ({ : } #StopName)"},{"id":"ManeuverAnyRoad","rule":"#FirstUpper(({aller} ({ } #Azimuth) ({ sur } @@Names) ({ vers } #CrossNames)))"},{"id":"ForkSideStraight","rule":"{tout droit}"},{"id":"RoadSplitSideToStayStraight","rule":"{tout droit}"},{"id":"ManeuverFooter","rule":"{Arriver} @StopArrival ({ à } #StopName) (#StopSide)"},{"id":"EventLandmarkManeuverGuidance","rule":"{Effectuez la manœuvre } @@LandmarkPrepositionString(#LandmarkPreposition) { } #FirstUpper(#LandmarkName)"},{"id":"StopArrival","rule":"{ } #StopArrival({tôt},{tard})"},{"id":"ManeuverDepart","rule":"{Départ} ({ } #StopName)"},{"id":"ManeuverFerryBypass","rule":"{Rester sur le ferry pendant} ({ } #ItemTime) ({ ~ } #ItemLength)"},{"id":"Names","rule":"NAME ({ (} ALT_NAME {)})"},{"id":"AzimuthNE","rule":"{vers le nord-est}"},{"id":"ManeuverFerry","rule":"{Prendre} ({ } @@Names) { ferry}"},{"id":"ManeuverUTurn","rule":"{Faire demi-tour} @AtIntersectionOrCrossNames { et revenir} ({ sur } @@Names)"},{"id":"ManeuverArrive","rule":"{Arriver} @StopArrival ({ à } #StopName) (#StopSide)"},{"id":"ManeuverStopArrive","rule":"#FirstUpper((#StopArriveAction ({ } #Azimuth) ({ sur } @@Names)))"},{"id":"ManeuverTurnOntoLocalRoad","rule":"#FirstUpper( (@AtExit #LocalRoadAction @AtIntersectionNames ({ sur } @@Names) ({ vers } #Destination)) )"},{"id":"AtExit","rule":"{a la sortie } #SignpostExit { }"},{"id":"AtIntersectionNames","rule":"{ à } #Intersection(NAME) ({ (} #Intersection(ALT_NAME) {)})"},{"id":"FirstActionMakeSharpRight","rule":"{serrer à droite} @AtIntersectionNames ({ sur } NAME)"},{"id":"ManeuverPathCurves","rule":"#FirstUpper( (@AtExit #PathCurveAction @AtIntersectionOrCrossNames ({ pour rester sur } @@Names) ({ vers } #Destination)) )"},{"id":"UTurnRampActionTurnLeft","rule":"{prendre à gauche sur la bretelle}"},{"id":"AtIntersectionOrCrossNames","rule":"#Select(@AtIntersectionNames, ({ à } #CrossNames))"},{"id":"PathCurveActionTurnLeft","rule":"{prendre à gauche}"},{"id":"TimeZoneChange","rule":"#Sign (#TotalHours(0) { h }) (#RoundedMinutesOfHour(0) { min})"},{"id":"ManeuverOntoHighway","rule":"#FirstUpper( @AtExit #HighwayAction @AtIntersectionNames #Select(@OnBranchDestination, ({ sur } @@Names)) )"},{"id":"OnBranchDestination","rule":"({ sur } #Branch) ({ vers } #Destination)"},{"id":"ManeuverDoubleTurn","rule":"#FirstUpper( (#FirstTurn(#FirstActionBearing) { et } #SecondTurn(#SecondActionBearing)) )"},{"id":"UnitFootPlural","rule":"{pd}"},{"id":"LocalRoadActionTurnRight","rule":"{prendre à droite}"},{"id":"ManeuverUTurnViaRamp","rule":"#FirstUpper( (#UTurnRampAction { pour faire demi-tour et revenir} ({ sur } @@Names)) )"},{"id":"ManeuverUTurnViaRoundabout","rule":"@RoundaboutHeaderGoBack ({ sur } @@Names)"},{"id":"RoundaboutHeaderGoBack","rule":"#Select(({Au rond-point, prendre } {la } @@ExitNumberString(#ExitNumber) { sortie pour revenir}), {Prendre le rond-point et revenir})"},{"id":"AzimuthS","rule":"{vers le sud}"},{"id":"ManeuverEndOfFerry","rule":"#FirstUpper( @AtExit #EndOfFerryAction #Select(@OnBranchDestination,  ({ sur } @@Names)) )"},{"id":"UnitNauticalPlural","rule":"{nmi}"},{"id":"PathCurveActionMakeSharpRight","rule":"{serrer à droite}"},{"id":"ManeuverFork","rule":"#FirstUpper( (#Select(@AtExit, {a l'intersection, }) #ForkAction ({ } #ForkSide) #Select(@OnBranchDestination, ({ sur } @@Names))) )"},{"id":"LocalRoadActionBearRight","rule":"{tourner à droite}"},{"id":"ManeuverSkipSignpostRamps","rule":"#FirstUpper( @AtExit #SkipSignpostRampAction #Select(@ToBranchDestination, ({ vers } @@Names)) )"},{"id":"TravelTimeShort","rule":"{< 1 min}"},{"id":"UnitMilePlural","rule":"{mi}"},{"id":"ManeuverRoadSplitToProceed","rule":"#FirstUpper( (@AtExit #RoadSplitActionToProceed ({ } #RoadSplitSideToProceed) { pour continuer} #Select(@OnBranchDestination, ({ sur } @@Names))) ) "},{"id":"FirstActionTurnRight","rule":"{prendre à droite} @AtIntersectionNames ({ sur } NAME)"},{"id":"ManeuverRoadSplitToStay","rule":"#FirstUpper( (@AtExit #RoadSplitActionToStay ({ } #RoadSplitSideToStay) { pour rester} #Select(@OnBranchDestination, ({ sur  } @@Names))) ) "},{"id":"UTurnRampActionAtForkRight","rule":"{prendre la bretelle à droite}"},{"id":"LocalRoadActionGo","rule":"{aller}"},{"id":"EventTakeRoundaboutToStay","rule":"{Prendre le rond-point} ({ pour rester sur } @@Names)"},{"id":"DirectionCumulativeLength","rule":"#CumulativeDistance"},{"id":"AzimuthSW","rule":"{vers le sud-ouest}"},{"id":"ToProceed","rule":"{ pour continuer} #Select(@OnBranchDestination, ({ sur } @@Names))"},{"id":"ManeuverSkipRoundabout","rule":"@RoundaboutHeader @ToProceed"},{"id":"AzimuthW","rule":"{vers l'ouest}"},{"id":"RoundaboutHeader","rule":"#Select(({Au rond-point, prendre } {la } @@ExitNumberString(#ExitNumber) { sortie}), {Prendre le rond-point})"},{"id":"ManeuverSkipRoundaboutRamp","rule":"@RoundaboutHeader #Select(@ToBranchDestination, ({ vers } @@Names))"},{"id":"ToBranchDestination","rule":"({ vers } #Branch) ({ vers } #Destination)"},{"id":"EventRestrictionViolation","rule":"{Restriction: } #Restriction"},{"id":"ManeuverSkipHighwayRamps","rule":"#FirstUpper( @AtExit #SkipHighwayRampAction #Select(@AndGoOnBranchDestination, ({ et allez sur } @@Names)) )"},{"id":"AndGoOnBranchDestination","rule":"({ et allez sur } #Branch) ({ vers } #Destination)"},{"id":"EventTimeChanged","rule":"{Entrer un fuseau horaire.} ({ Changement d’heure: } #TZChange)"},{"id":"FirstActionBearRight","rule":"{tourner à droite} @AtIntersectionNames ({ sur } NAME)"},{"id":"PathCurveActionContinue","rule":"{continuer}"},{"id":"EventCrossingBorder","rule":"{Entrer} ({ } CROSSADMINBORDER)"},{"id":"AzimuthN","rule":"{vers le nord}"},{"id":"AzimuthE","rule":"{vers l'est}"},{"id":"AzimuthNW","rule":"{vers le nord-ouest}"},{"id":"RoadSplitSideToStayLeft","rule":"{à gauche}"},{"id":"PathCurveActionBearRight","rule":"{tourner à droite}"},{"id":"LocalRoadActionContinue","rule":"{continuer}"},{"id":"LocalRoadActionMakeSharpRight","rule":"{serrer à droite}"},{"id":"LocalRoadActionMakeSharpLeft","rule":"{serrer à gauche}"},{"id":"PathCurveActionBearLeft","rule":"{tourner à gauche}"},{"id":"LocalRoadActionTurnLeft","rule":"{prendre à gauche}"},{"id":"LandmarkOnTheNearRight","rule":"{proximité droite}"},{"id":"LocalRoadActionBearLeft","rule":"{tourner à gauche}"},{"id":"PathCurveActionTurnRight","rule":"{prendre à droite}"},{"id":"PathCurveActionMakeSharpLeft","rule":"{serrer à gauche}"},{"id":"FirstActionMakeSharpLeft","rule":"{serrer à gauche} @AtIntersectionNames ({ sur } NAME)"},{"id":"FirstActionTurnLeft","rule":"{prendre à gauche} @AtIntersectionNames ({ sur } NAME)"},{"id":"FirstActionBearLeft","rule":"{tourner à gauche} @AtIntersectionNames ({ sur } NAME)"},{"id":"FirstActionContinue","rule":"{continuer} @AtIntersectionNames ({ sur } NAME)"},{"id":"SecondActionBearRight","rule":"{immédiatement tourner à droite} ({ sur } NAME)"},{"id":"DirectionAfterBreak","rule":"(#DepartTime { }) {Rester} { sur } NAME ({ (} ALT_NAME {)})"},{"id":"SecondActionTurnRight","rule":"{immédiatement prendre à droite} ({ sur } NAME)"},{"id":"SecondActionMakeSharpRight","rule":"{immédiatement serrer à droite} ({ sur } NAME)"},{"id":"SkipHighwayRampActionAtForkRight","rule":"{prendre la bretelle à droite}"},{"id":"SecondActionMakeSharpLeft","rule":"{immédiatement serrer à gauche} ({ sur } NAME)"},{"id":"EndOfFerryActionTurnLeft","rule":"{prendre à gauche}"},{"id":"SecondActionTurnLeft","rule":"{immédiatement prendre à gauche} ({ sur } NAME)"},{"id":"SecondActionBearLeft","rule":"{immédiatement tourner à gauche} ({ sur } NAME)"},{"id":"SecondActionContinue","rule":"{immédiatement continuer} ({ sur } NAME)"},{"id":"HighwayActionBearRight","rule":"{tourner à droite}"},{"id":"DistanceLong","rule":"#Distance(1) ({ } #DistanceUnits)"},{"id":"SkipHighwayRampActionAtFork","rule":"#Select(#SkipHighwayRampActionAtFork, {prendre la bretelle})"},{"id":"UnitNauticalNeutral","rule":"{nmi}"},{"id":"SkipHighwayRampActionBearRight","rule":"{tourner à droite sur la bretelle}"},{"id":"SkipHighwayRampActionTurnRight","rule":"{prendre à droite sur la bretelle}"},{"id":"SkipHighwayRampActionMakeSharpRight","rule":"{serrer à droite sur la bretelle}"},{"id":"SkipHighwayRampActionMakeSharpLeft","rule":"{serrer à gauche sur la bretelle}"},{"id":"SkipHighwayRampActionTurnLeft","rule":"{prendre à gauche sur la bretelle}"},{"id":"SkipHighwayRampActionBearLeft","rule":"{tourner à gauche sur la bretelle}"},{"id":"SkipHighwayRampActionTakeRamp","rule":"{prendre la bretelle}"},{"id":"SkipHighwayRampActionAtForkLeft","rule":"{prendre la bretelle à gauche}"},{"id":"SkipSignpostRampActionAtFork","rule":"#Select(#SkipSignpostRampActionAtFork, {prendre la bretelle})"},{"id":"SkipSignpostRampActionBearRight","rule":"{tourner à droite sur la bretelle}"},{"id":"SkipSignpostRampActionTurnRight","rule":"{prendre à droite sur la bretelle}"},{"id":"UnitYardNeutral","rule":"{yd}"},{"id":"SkipSignpostRampActionMakeSharpRight","rule":"{serrer à droite sur la bretelle}"},{"id":"UTurnRampActionTakeRamp","rule":"{prendre la bretelle}"},{"id":"SkipSignpostRampActionMakeSharpLeft","rule":"{serrer à gauche sur la bretelle}"},{"id":"SkipSignpostRampActionTurnLeft","rule":"{prendre à gauche sur la bretelle}"},{"id":"SkipSignpostRampActionBearLeft","rule":"{tourner à gauche sur la bretelle}"},{"id":"SkipSignpostRampActionTakeRamp","rule":"{prendre la bretelle}"},{"id":"SkipSignpostRampActionAtForkLeft","rule":"{prendre la bretelle à gauche}"},{"id":"SkipSignpostRampActionAtForkRight","rule":"{prendre la bretelle à droite}"},{"id":"UTurnRampActionFork","rule":"#Select(#UTurnRampActionAtFork, {prendre la bretelle})"},{"id":"UTurnRampActionBearRight","rule":"{tourner à droite sur la bretelle}"},{"id":"UTurnRampActionTurnRight","rule":"{prendre à droite sur la bretelle}"},{"id":"LandmarkOnTheFarRight","rule":"{complètement à droite}"},{"id":"UTurnRampActionMakeSharpRight","rule":"{serrer à droite sur la bretelle}"},{"id":"UTurnRampActionMakeSharpLeft","rule":"{serrer à gauche sur la bretelle}"},{"id":"UTurnRampActionBearLeft","rule":"{tourner à gauche sur la bretelle}"},{"id":"UTurnRampActionAtForkLeft","rule":"{prendre la bretelle à gauche}"},{"id":"HighwayActionGo","rule":"{aller}"},{"id":"LandmarkOnTheFarLeft","rule":"{complètement à gauche}"},{"id":"HighwayActionTurnRight","rule":"{prendre à droite}"},{"id":"HighwayActionMakeSharpRight","rule":"{serrer à droite}"},{"id":"ForkActionLeft","rule":"{rester}"},{"id":"HighwayActionMakeSharpLeft","rule":"{serrer à gauche}"},{"id":"HighwayActionTurnLeft","rule":"{prendre à gauche}"},{"id":"HighwayActionBearLeft","rule":"{tourner à gauche}"},{"id":"CrossNames","rule":"#String(0) ({ / } #String(1))"},{"id":"EndOfFerryActionGo","rule":"{aller}"},{"id":"EndOfFerryActionBearRight","rule":"{tourner à droite}"},{"id":"EndOfFerryActionTurnRight","rule":"{prendre à droite}"},{"id":"EndOfFerryActionMakeSharpRight","rule":"{serrer à droite}"},{"id":"EndOfFerryActionMakeSharpLeft","rule":"{serrer à gauche}"},{"id":"EndOfFerryActionBearLeft","rule":"{tourner à gauche}"},{"id":"StopArriveActionContinue","rule":"{continuer}"},{"id":"StopArriveActionGo","rule":"{aller}"},{"id":"StopArriveActionBack","rule":"{revenir}"},{"id":"ForkActionRight","rule":"{rester}"},{"id":"ForkActionStraight","rule":"{aller}"},{"id":"UnitSecondNeutral","rule":"{sec}"},{"id":"ForkSideLeft","rule":"{à gauche}"},{"id":"RoadSplitSideToProceedLeft","rule":"{à gauche}"},{"id":"ForkSideRight","rule":"{à droite}"},{"id":"RoadSplitActionToProceedLeft","rule":"{rester}"},{"id":"RoadSplitActionToProceedRight","rule":"{rester}"},{"id":"RoadSplitActionToProceedStraight","rule":"{aller}"},{"id":"RoadSplitSideToProceedRight","rule":"{à droite}"},{"id":"RoadSplitSideToProceedStraight","rule":"{tout droit}"},{"id":"RoadSplitActionToStayLeft","rule":"{rester}"},{"id":"RoadSplitActionToStayRight","rule":"{rester}"},{"id":"RoadSplitActionToStayStraight","rule":"{aller}"},{"id":"RoadSplitSideToStayRight","rule":"{à droite}"},{"id":"DistanceShort","rule":"{< } #MinDistance(1) ({ } #DistanceUnits)"},{"id":"CumulativeDistanceLong","rule":"#Select(#Distance(1), {0}) ({ } #DistanceUnits)"},{"id":"TimeShort","rule":"{< 1 min}"},{"id":"TimeLong","rule":"(#TotalHours(0) { hr }) (#RoundedMinutesOfHour(0) { min})"},{"id":"TravelTimeLong","rule":"(#Days(0) { d }) (#HoursOfDay(0) { hr }) (#RoundedMinutesOfHour(0) { min})"},{"id":"StopTimeShort","rule":"{< 1 min}"},{"id":"StopTimeLong","rule":"(#TotalHours(0) { hr }) (#RoundedMinutesOfHour(0) { min})"},{"id":"SignpostDestination","rule":"#String(0) ({ / } #String(1)) ({ / } #String(2)) ({ / } #String(3)) ({ / } #String(4))"},{"id":"StopSideLeft","rule":"{, sur la gauche}"},{"id":"StopSideRight","rule":"{, sur la droite}"},{"id":"LandmarkOnTheLeft","rule":"{gauche}"},{"id":"LandmarkOnTheRight","rule":"{droite}"},{"id":"LandmarkOnTheNearLeft","rule":"{proximité gauche}"},{"id":"UnitMileSingular","rule":"{mi}"},{"id":"UnitMileNeutral","rule":"{mi}"},{"id":"UnitKilometerSingular","rule":"{km}"},{"id":"UnitKilometerPlural","rule":"{km}"},{"id":"UnitKilometerNeutral","rule":"{km}"},{"id":"UnitMeterSingular","rule":"{m}"},{"id":"UnitMeterPlural","rule":"{m}"},{"id":"UnitMeterNeutral","rule":"{m}"},{"id":"UnitFootSingular","rule":"{pd}"},{"id":"UnitFootNeutral","rule":"{pd}"},{"id":"UnitYardSingular","rule":"{yd}"},{"id":"DirectionTime","rule":"#ItemTime"},{"id":"UnitYardPlural","rule":"{yd}"},{"id":"UnitNauticalSingular","rule":"{nmi}"},{"id":"UnitSecondSingular","rule":"{sec}"},{"id":"UnitSecondPlural","rule":"{sec}"},{"id":"StopSummary","rule":"{Distance : } #StopLength"},{"id":"StopTimeWindow","rule":"{Fenêtre horaire : } #StopTimeWindowStart { - } #StopTimeWindowEnd"},{"id":"StopStayTime","rule":"{Temps de service : } #StopStayTime"},{"id":"StopFullTime","rule":"#StopFullTime"},{"id":"StopWaitTime","rule":"{Temps d’attente : } #StopWaitTime"},{"id":"StopViolationTime","rule":"{Infraction horaire : } #StopViolationTime"},{"id":"StopLength","rule":"#StopLength"},{"id":"DirectionDrive","rule":"{Conduite} ({ } #ItemLength) ({ ~ } #ItemTime)"},{"id":"DirectionLength","rule":"#ItemLength"},{"id":"DirectionETA","rule":"#ArriveTime"},{"id":"DirectionBranch","rule":"#Branch"},{"id":"DirectionToward","rule":"#Destination"},{"id":"DirectionCrossStreet","rule":"#CrossNames"},{"id":"DirectionExitName","rule":"#SignpostExit"},{"id":"DirectionRestBreak","rule":"#ArriveTime ({-} #DepartTime) { Halte}"},{"id":"DirectionStreet","rule":"NAME"},{"id":"DirectionAltNames","rule":"ALT_NAME ({ / } ALT_NAME2)"},{"id":"DirectionDayEnd","rule":"(#ArriveTime { }) {Fin de journée}"},{"id":"EventLandmarkPassageVerification","rule":"{Passer } @@LandmarkPrepositionString(#LandmarkPreposition) { } #LandmarkName ({, situé à } #LandmarkPosition)"}],"lookupMapping":[{"id":"ExitNumberString","value":[{"key":"1","value":"{première}"},{"key":"2","value":"{deuxième}"},{"key":"3","value":"{troisième}"},{"key":"4","value":"{quatrième}"},{"key":"5","value":"{cinquième}"},{"key":"6","value":"{sixième}"},{"key":"7","value":"{septième}"},{"key":"8","value":"{huitième}"},{"key":"9","value":"{neuvième}"},{"key":"10","value":"{dixième}"}]},{"id":"LandmarkPrepositionString","value":[{"key":"AFTER","value":"{après}"},{"key":"AT","value":"{sur}"},{"key":"BEFORE","value":"{avant}"},{"key":"ONTO","value":"{dans}"},{"key":"OVER","value":"{au-dessus de}"},{"key":"PAST","value":"{devant}"},{"key":"THROUGH","value":"{au}"},{"key":"UNDER","value":"{sous}"},{"key":"BY","value":"{par}"},{"key":"NEAR","value":"{près de}"}]}]}}}]}}