{"directions":{"settings":[{"style":{"id":"NA Campus","language":{"id":"ar","description":"العربية","strings":[{"id":"campusManeuverContinueHallway","rule":"#ContinueHallwayAction ({ من خِلال } @@campusNames)"},{"id":"campusTurnHallwayActionMakeSharpRight","rule":"{الاستدارة بحدة نحو اليمين}"},{"id":"campusTurnToHallwayActionKeepLeft","rule":"{الالتزام بجهة اليسار}"},{"id":"campusTurnToHallwayActionContinue","rule":"{الاستمرار}"},{"id":"campusManeuverHeader","rule":"{البداية} ({ من } #StopName)"},{"id":"campusEventRestrictionViolation","rule":"{القيود: } #Restriction"},{"id":"campusManeuverFooter","rule":"{النهاية} ({ } #StopArrival({مُبكرة},{مُتأخرة})) ({ عند } #StopName) (#StopSide)"},{"id":"campusNames","rule":"NAME ({ (} ALT_NAME {)})"},{"id":"campusManeuverDepart","rule":"{المغادرة } ({ من} #StopName)"},{"id":"campusManeuverArrive","rule":"{الوصول} ({ } #StopArrival({مُبكر},{مُتأخر})) ({ إلى } #StopName) (#StopSide)"},{"id":"campusTurnToHallwayActionBearRight","rule":"{الانعطاف نحو اليمين}"},{"id":"campusManeuverDepartHallway","rule":"{السير إلى الأمام} ({ من خِلال } @@campusNames) ({ باتجاه } #CrossNames)"},{"id":"campusBeforeElevationActionBearLeft","rule":"{الانعطاف نحو اليسار}"},{"id":"campusManeuverContinueWalkway","rule":"#ContinueWalkwayAction ({ على } @@campusNames)"},{"id":"campusManeuverTurnHallway","rule":"#TurnHallwayAction ({ من خِلال } @@campusNames)"},{"id":"campusManeuverDepartWalkway","rule":"{السير إلى الأمام} ({ على } @@campusNames) ({ باتجاه } #CrossNames)"},{"id":"campusManeuverArcTo","rule":"#Select((#ArcToAction ({ والسير باتجاه } #Destination)), {الاستمرار إلى الأمام})"},{"id":"campusEventLeaveBuilding","rule":"{المغادرة } ({ من} #From(CROSSADMINBORDER))"},{"id":"campusManeuverArcToHallway","rule":"#FirstUpper(#Select(@campusArcToHallway, @campusStraightToHallway))"},{"id":"campusArcToHallway","rule":"#ArcToHallwayAction (#Select(({ والسير من خِلال } @@campusToNames), ({ والسير باتجاه } #Destination)))"},{"id":"UnitKilometerSingular","rule":"{كيلومتر}"},{"id":"campusTurnToHallwayActionContinueForward","rule":"{الاستمرار إلى الأمام}"},{"id":"campusTurnWalkwayActionTurnRight","rule":"{الاستدارة نحو اليمين}"},{"id":"campusStraightToHallway","rule":"{الاستمرار إلى الأمام} ({ من خِلال } @@campusToNames) @campusDestination"},{"id":"campusDestination","rule":"{ باتجاه } #Destination"},{"id":"campusTurnWalkwayActionMakeSharpRight","rule":"{الاستدارة بحدة نحو اليمين}"},{"id":"campusManeuverTakeDoorToHallway","rule":"#TakeDoorToHallwayAction ({ } #Select(#Door(NAME), {الباب})) ({ على } #DoorSide) @@campusAndGoTrough"},{"id":"campusToNames","rule":" #To(NAME) ({ (} #To(ALT_NAME) {)})"},{"id":"campusManeuverArcToWalkway","rule":"#FirstUpper(#Select(@campusArcToWalkway, @campusStraightToWalkway))"},{"id":"campusArcToWalkway","rule":"#ArcToWalkwayAction (#Select(({ والسير على } @@campusToNames), ({ والسير باتجاه } #Destination)))"},{"id":"campusStraightToWalkway","rule":"{الاستمرار إلى الأمام} ({ على } @@campusToNames) @campusDestination"},{"id":"campusManeuverTurnToHallway","rule":"#TurnToHallwayAction ({ والمرور من خِلال } @@campusNames) @campusDestination"},{"id":"campusManeuverTurnToWalkway","rule":"#TurnToWalkwayAction ({ والمرور على } @@campusNames) @campusDestination"},{"id":"campusManeuverExit","rule":"{الدخول والاستمرار إلى الأمام} ({ على } @@campusNames)"},{"id":"campusToWalkwayActionGoBack","rule":"{الرجوع}"},{"id":"campusManeuverEnter","rule":"{الدخول والاستمرار إلى الأمام} ({ من خِلال } @@campusNames)"},{"id":"campusManeuverTurnWalkway","rule":"#TurnWalkwayAction ({ على } @@campusNames)"},{"id":"campusTurnWalkwayActionGo","rule":"{السير}"},{"id":"UnitMeterPlural","rule":"{متر}"},{"id":"campusManeuverDoubleTurn","rule":"#FirstTurn(#FirstActionBearing) { ثُم } #SecondTurn(#SecondActionBearing)"},{"id":"campusTurnHallwayActionContinueForward","rule":"{الاستمرار إلى الأمام}"},{"id":"campusManeuverElevation","rule":"@campusBeforeElevation #ElevationName ({ } #ElevationCourse) ({ إلى الطابق } #To(TO_FLOOR_NAME))"},{"id":"campusBeforeElevation","rule":"#Select((#TurnActionBeforeElevation { واستخدام }), {استخدام })"},{"id":"campusManeuverDoorToWalkway","rule":"#DoorToWalkwayAction ({ } #Select(#Door(NAME), {الباب})) @@campusAndToWalkwayGoOn"},{"id":"campusEventEnterBuilding","rule":"{الدخول } ({ إلى} CROSSADMINBORDER)"},{"id":"campusManeuverDoor","rule":"#DoorAction ({ } #Select(#Door(NAME), {الباب}))"},{"id":"campusTurnWalkwayActionKeepRight","rule":"{الالتزام بجهة اليمين}"},{"id":"campusFirstActionTurnLeft","rule":"{الاستدارة نحو اليسار} @campusAtIntersectionNames ({ على } NAME)"},{"id":"campusManeuverDoorTo","rule":"#DoorToAction ({ } #Select(#Door(NAME), {الباب})) @campusAndToAction"},{"id":"campusAndToWalkwayGoOn","rule":"{ ثُم } #ToWalkwayAction ({ على } @@campusNames) @campusDestination"},{"id":"campusAndToAction","rule":"{ ثُم } #ToAction"},{"id":"campusManeuverDoorToHallway","rule":"#DoorToHallwayAction ({ } #Select(#Door(NAME), {الباب})) @@campusAndToHallwayGoThroug"},{"id":"campusTurnWalkwayActionContinue","rule":"{الاستمرار}"},{"id":"campusTurnHallwayActionTurnRight","rule":"{الاستدارة نحو اليمين}"},{"id":"campusElevationElevator","rule":"{المصعد}"},{"id":"campusAndToHallwayGoThroug","rule":"{ ثُم } #ToHallwayAction ({ من خِلال } @@campusNames) @campusDestination"},{"id":"campusManeuverTakeDoorToWalkway","rule":"#TakeDoorToWalkwayAction ({ } #Select(#Door(NAME), {الباب})) ({ على } #DoorSide) @@campusAndGoOn"},{"id":"campusTurnWalkwayActionContinueForward","rule":"{الاستمرار إلى الأمام}"},{"id":"DirectionCumulativeLength","rule":"#CumulativeDistance"},{"id":"campusAndGoOn","rule":"{ ثُم } #GoToWalkwayAction ({ على } @@campusNames) @campusDestination"},{"id":"campusAndGoTrough","rule":"{ ثُم } #GoToHallwayAction ({ من خِلال } @@campusNames) @campusDestination"},{"id":"campusTurnWalkwayActionBearRight","rule":"{الانعطاف نحو اليمين}"},{"id":"campusManeuverTakeDoor","rule":"#TakeDoorAction ({ } #Select(#Door(NAME), {الباب})) ({ على } #DoorSide)"},{"id":"campusTurnHallwayActionKeepRight","rule":"{الالتزام بجهة اليمين}"},{"id":"campusTurnHallwayActionBearRight","rule":"{الانعطاف نحو اليمين}"},{"id":"campusTurnToHallwayActionGo","rule":"{السير}"},{"id":"campusTurnHallwayActionMakeSharpLeft","rule":"{الاستدارة بحدة نحو اليسار}"},{"id":"campusTurnHallwayActionTurnLeft","rule":"{الاستدارة نحو اليسار}"},{"id":"campusTurnHallwayActionBearLeft","rule":"{الانعطاف نحو اليسار}"},{"id":"campusTurnWalkwayActionBearLeft","rule":"{الانعطاف نحو اليسار}"},{"id":"campusTurnHallwayActionKeepLeft","rule":"{الالتزام بجهة اليسار}"},{"id":"campusTurnHallwayActionContinue","rule":"{الاستمرار}"},{"id":"campusTurnHallwayActionGo","rule":"{السير}"},{"id":"campusTurnWalkwayActionMakeSharpLeft","rule":"{الاستدارة بحدة نحو اليسار}"},{"id":"DistanceShort","rule":"{< } #MinDistance(1) ({ } #DistanceUnits)"},{"id":"campusTurnWalkwayActionTurnLeft","rule":"{الاستدارة نحو اليسار}"},{"id":"campusTurnWalkwayActionKeepLeft","rule":"{الالتزام بجهة اليسار}"},{"id":"campusTurnToHallwayActionKeepRight","rule":"{الالتزام بجهة اليمين}"},{"id":"campusTurnToHallwayActionTurnRight","rule":"{الاستدارة نحو اليمين}"},{"id":"campusDoorToHallwayActionGoOutside","rule":"{الخروج من خِلال}"},{"id":"campusTurnToHallwayActionMakeSharpRight","rule":"{الاستدارة بحدة نحو اليمين}"},{"id":"campusTurnToHallwayActionMakeSharpLeft","rule":"{الاستدارة بحدة نحو اليسار}"},{"id":"campusArcToWalkwayActionMakeSharpLeft","rule":"{الاستدارة بحدة نحو اليسار}"},{"id":"campusDoorToWalkwayActionGoInside","rule":"{الدخول من خِلال}"},{"id":"campusTurnToHallwayActionTurnLeft","rule":"{الاستدارة نحو اليسار}"},{"id":"campusTurnToHallwayActionBearLeft","rule":"{الانعطاف نحو اليسار}"},{"id":"campusTurnToWalkwayActionContinueForward","rule":"{الاستمرار إلى الأمام}"},{"id":"campusTurnToWalkwayActionKeepRight","rule":"{الالتزام بجهة اليمين}"},{"id":"campusArcToWalkwayActionMakeSharpRight","rule":"{الاستدارة بحدة نحو اليمين}"},{"id":"campusTurnToWalkwayActionBearRight","rule":"{الانعطاف نحو اليمين}"},{"id":"campusArcToHallwayActionMakeSharpLeft","rule":"{الاستدارة بحدة نحو اليسار}"},{"id":"campusTurnToWalkwayActionTurnRight","rule":"{الاستدارة نحو اليمين}"},{"id":"campusTurnToWalkwayActionMakeSharpRight","rule":"{الاستدارة بحدة نحو اليمين}"},{"id":"campusTurnToWalkwayActionMakeSharpLeft","rule":"{الاستدارة بحدة نحو اليسار}"},{"id":"campusTurnToWalkwayActionTurnLeft","rule":"{الاستدارة نحو اليسار}"},{"id":"campusDoorToHallwayActionGo","rule":"{السير من خِلال}"},{"id":"DirectionExitName","rule":"#SignpostExit"},{"id":"DirectionRestBreak","rule":"#ArriveTime ({-} #DepartTime) { فترة الاستراحة}"},{"id":"campusTurnToWalkwayActionBearLeft","rule":"{الانعطاف نحو اليسار}"},{"id":"campusArcToHallwayActionTurnLeft","rule":"{الاستدارة نحو اليسار}"},{"id":"campusTurnToWalkwayActionKeepLeft","rule":"{الالتزام بجهة اليسار}"},{"id":"campusTurnToWalkwayActionContinue","rule":"{الاستمرار}"},{"id":"Names","rule":"NAME ({ (} ALT_NAME {)})"},{"id":"campusTurnToWalkwayActionGo","rule":"{السير}"},{"id":"campusStopSideLeft","rule":"{، إلى اليسار}"},{"id":"campusArcToHallwayActionKeepRight","rule":"{الالتزام بجهة اليمين}"},{"id":"campusArcToHallwayActionBearRight","rule":"{الانعطاف نحو اليمين}"},{"id":"campusArcToHallwayActionTurnRight","rule":"{الاستدارة نحو اليمين}"},{"id":"campusArcToHallwayActionMakeSharpRight","rule":"{الاستدارة بحدة نحو اليمين}"},{"id":"campusArcToHallwayActionBearLeft","rule":"{الانعطاف نحو اليسار}"},{"id":"campusArcToHallwayActionKeepLeft","rule":"{الالتزام بجهة اليسار}"},{"id":"campusArcToHallwayActionContinueForward","rule":"{الاستمرار إلى الأمام}"},{"id":"campusArcToWalkwayActionKeepRight","rule":"{الالتزام بجهة اليمين}"},{"id":"campusArcToWalkwayActionBearRight","rule":"{الانعطاف نحو اليمين}"},{"id":"StopLength","rule":"#StopLength"},{"id":"campusArcToWalkwayActionTurnRight","rule":"{الاستدارة نحو اليمين}"},{"id":"campusArcToWalkwayActionTurnLeft","rule":"{الاستدارة نحو اليسار}"},{"id":"campusArcToWalkwayActionBearLeft","rule":"{الانعطاف نحو اليسار}"},{"id":"campusArcToWalkwayActionKeepLeft","rule":"{الالتزام بجهة اليسار}"},{"id":"campusArcToWalkwayActionContinueForward","rule":"{الاستمرار إلى الأمام}"},{"id":"TimeShort","rule":"{< 1 دقيقة}"},{"id":"campusArcToActionKeepRight","rule":"{الالتزام بجهة اليمين}"},{"id":"campusArcToActionBearRight","rule":"{الانعطاف نحو اليمين}"},{"id":"campusArcToActionTurnRight","rule":"{الاستدارة نحو اليمين}"},{"id":"campusArcToActionMakeSharpRight","rule":"{الاستدارة بحدة نحو اليمين}"},{"id":"campusArcToActionMakeSharpLeft","rule":"{الاستدارة بحدة نحو اليسار}"},{"id":"campusArcToActionTurnLeft","rule":"{الاستدارة نحو اليسار}"},{"id":"campusArcToActionBearLeft","rule":"{الانعطاف نحو اليسار}"},{"id":"DirectionCrossStreet","rule":"#CrossNames"},{"id":"campusArcToActionKeepLeft","rule":"{الالتزام بجهة اليسار}"},{"id":"campusArcToActionContinueForward","rule":"{الاستمرار إلى الأمام}"},{"id":"campusFirstActionBearRight","rule":"{الانعطاف نحو اليمين} @campusAtIntersectionNames ({ على } NAME)"},{"id":"DistanceLong","rule":"#Distance(1) ({ } #DistanceUnits)"},{"id":"campusBeforeElevationActionBearRight","rule":"{الانعطاف نحو اليمين}"},{"id":"DirectionDayEnd","rule":"(#ArriveTime { }) {نهاية اليوم}"},{"id":"campusBeforeElevationActionTurnRight","rule":"{الاستدارة نحو اليمين}"},{"id":"campusBeforeElevationActionMakeSharpRight","rule":"{الاستدارة بحدة نحو اليمين}"},{"id":"campusGoToHallwayActionGoBack","rule":"{الرجوع}"},{"id":"campusBeforeElevationActionMakeSharpLeft","rule":"{الاستدارة بحدة نحو اليسار}"},{"id":"campusBeforeElevationActionTurnLeft","rule":"{الاستدارة نحو اليسار}"},{"id":"campusRightSide","rule":"{اليمين}"},{"id":"campusLeftSide","rule":"{اليسار}"},{"id":"campusAtIntersectionNames","rule":"{ عند } #Intersection(NAME) ({ (} #Intersection(ALT_NAME) {)})"},{"id":"UnitYardNeutral","rule":"{ياردة}"},{"id":"campusFirstActionTurnRight","rule":"{الاستدارة نحو اليمين} @campusAtIntersectionNames ({ على } NAME)"},{"id":"campusFirstActionMakeSharpRight","rule":"{الاستدارة بحدة نحو اليمين} @campusAtIntersectionNames ({ على } NAME)"},{"id":"campusFirstActionMakeSharpLeft","rule":"{الاستدارة بحدة نحو اليسار} @campusAtIntersectionNames ({ على } NAME)"},{"id":"campusFirstActionBearLeft","rule":"{الانعطاف نحو اليسار} @campusAtIntersectionNames ({ على } NAME)"},{"id":"campusFirstActionContinue","rule":"{الاستمرار} @campusAtIntersectionNames ({ على } NAME)"},{"id":"campusSecondActionBearRight","rule":"{الانعطاف نحو اليمين مباشرةً} ({ على } NAME)"},{"id":"campusToWalkwayActionContinueForward","rule":"{الاستمرار إلى الأمام}"},{"id":"campusSecondActionTurnRight","rule":"{الاستدارة نحو اليمين مباشرةً} ({ على } NAME)"},{"id":"campusSecondActionMakeSharpRight","rule":"{الاستدارة بحدة نحو اليمين مباشرةً} ({ على } NAME)"},{"id":"campusSecondActionMakeSharpLeft","rule":"{الاستدارة بحدة نحو اليسار مباشرةً} ({ على } NAME)"},{"id":"campusSecondActionTurnLeft","rule":"{الاستدارة نحو اليسار مباشرةً} ({ على } NAME)"},{"id":"campusSecondActionBearLeft","rule":"{الانعطاف نحو اليسار مباشرةً} ({ على } NAME)"},{"id":"campusSecondActionContinue","rule":"{الاستمرار مباشرةً} ({ على } NAME)"},{"id":"CumulativeDistanceLong","rule":"#Select(#Distance(1), {0}) ({ } #DistanceUnits)"},{"id":"campusContinueHallwayActionForward","rule":"{الاستمرار إلى الأمام}"},{"id":"campusContinueHallwayActionGoForward","rule":"{السير إلى الأمام}"},{"id":"campusContinueHallwayActionGoBack","rule":"{الرجوع}"},{"id":"campusContinueWalkwayActionForward","rule":"{الاستمرار إلى الأمام}"},{"id":"campusContinueWalkwayActionGoForward","rule":"{السير إلى الأمام}"},{"id":"campusContinueWalkwayActionGoBack","rule":"{الرجوع}"},{"id":"campusGoToHallwayActionContinueForward","rule":"{الاستمرار إلى الأمام}"},{"id":"campusGoToHallwayActionGoForward","rule":"{السير إلى الأمام}"},{"id":"StopWaitTime","rule":"{زمن الانتظار: } #StopWaitTime"},{"id":"campusGoToWalkwayActionContinueForward","rule":"{الاستمرار إلى الأمام}"},{"id":"campusGoToWalkwayActionGoForward","rule":"{السير إلى الأمام}"},{"id":"campusGoToWalkwayActionGoBack","rule":"{الرجوع}"},{"id":"campusToActionContinueForward","rule":"{الاستمرار إلى الأمام}"},{"id":"campusToActionGoForward","rule":"{السير إلى الأمام}"},{"id":"campusToHallwayActionGoBack","rule":"{الرجوع}"},{"id":"campusToActionGoBack","rule":"{الرجوع}"},{"id":"campusToHallwayActionContinueForward","rule":"{الاستمرار إلى الأمام}"},{"id":"campusToHallwayActionGoForward","rule":"{السير إلى الأمام}"},{"id":"UnitMeterSingular","rule":"{متر}"},{"id":"campusToWalkwayActionGoForward","rule":"{السير إلى الأمام}"},{"id":"campusElevationEscalator","rule":"{السلم الدوار}"},{"id":"campusElevationStairs","rule":"{الدرج}"},{"id":"campusElevationRamp","rule":"{المعبر }"},{"id":"campusElevationUp","rule":"{للصعود}"},{"id":"StopViolationTime","rule":"{المخالفة الزمنية: } #StopViolationTime"},{"id":"campusElevationDown","rule":"{للنزول}"},{"id":"UnitKilometerNeutral","rule":"{كيلومتر}"},{"id":"campusTakeDoorActionGoInside","rule":"{الدخول من خِلال}"},{"id":"campusTakeDoorActionGoOutside","rule":"{الخروج من خِلال}"},{"id":"campusTakeDoorToWalkwayActionGoInside","rule":"{الدخول من خِلال}"},{"id":"campusTakeDoorActionGo","rule":"{السير من خِلال}"},{"id":"campusTakeDoorToHallwayActionGoInside","rule":"{الدخول من خِلال}"},{"id":"campusTakeDoorToHallwayActionGoOutside","rule":"{الخروج من خِلال}"},{"id":"campusTakeDoorToHallwayActionGo","rule":"{السير من خِلال}"},{"id":"campusTakeDoorToWalkwayActionGoOutside","rule":"{الخروج من خِلال}"},{"id":"campusTakeDoorToWalkwayActionGo","rule":"{السير من خِلال}"},{"id":"campusDoorActionGoInside","rule":"{الدخول من خِلال}"},{"id":"campusDoorActionGoOutside","rule":"{الخروج من خِلال}"},{"id":"campusDoorActionGo","rule":"{السير من خِلال}"},{"id":"UnitNauticalNeutral","rule":"{ميل بحري}"},{"id":"campusDoorToActionGoInside","rule":"{الدخول من خِلال}"},{"id":"campusDoorToActionGoOutside","rule":"{الخروج من خِلال}"},{"id":"campusDoorToActionGo","rule":"{السير من خِلال}"},{"id":"campusDoorToHallwayActionGoInside","rule":"{الدخول من خِلال}"},{"id":"campusDoorToWalkwayActionGoOutside","rule":"{الخروج من خِلال}"},{"id":"campusDoorToWalkwayActionGo","rule":"{السير من خِلال}"},{"id":"TimeLong","rule":"(#TotalHours(0) { ساعة }) (#RoundedMinutesOfHour(0) { دقيقة})"},{"id":"TravelTimeShort","rule":"{< 1 دقيقة}"},{"id":"UnitMilePlural","rule":"{ميل}"},{"id":"TravelTimeLong","rule":"(#Days(0) { يوم }) (#HoursOfDay(0) { ساعة }) (#RoundedMinutesOfHour(0) { دقيقة})"},{"id":"StopTimeShort","rule":"{< 1 دقيقة}"},{"id":"StopTimeLong","rule":"(#TotalHours(0) { ساعة }) (#RoundedMinutesOfHour(0) { دقيقة})"},{"id":"TimeZoneChange","rule":"#Sign (#TotalHours(0) { ساعة }) (#RoundedMinutesOfHour(0) { دقيقة})"},{"id":"SignpostDestination","rule":"#String(0) ({ / } #String(1)) ({ / } #String(2)) ({ / } #String(3)) ({ / } #String(4))"},{"id":"campusStopSideRight","rule":"{، إلى اليمين}"},{"id":"CrossNames","rule":"#String(0) ({ / } #String(1))"},{"id":"campusLandmarkOnTheLeft","rule":"{اليسار}"},{"id":"DirectionBranch","rule":"#Branch"},{"id":"campusLandmarkOnTheRight","rule":"{اليمين}"},{"id":"campusLandmarkOnTheFarLeft","rule":"{أقصى اليسار}"},{"id":"campusLandmarkOnTheFarRight","rule":"{أقصى اليمين}"},{"id":"campusLandmarkOnTheNearLeft","rule":"{اليسار القريب}"},{"id":"UnitYardPlural","rule":"{ياردة}"},{"id":"campusLandmarkOnTheNearRight","rule":"{ اليمين القريب}"},{"id":"UnitMileSingular","rule":"{ميل}"},{"id":"UnitMileNeutral","rule":"{ميل}"},{"id":"UnitKilometerPlural","rule":"{كيلومتر}"},{"id":"UnitMeterNeutral","rule":"{متر}"},{"id":"UnitFootSingular","rule":"{قدم}"},{"id":"UnitFootPlural","rule":"{قدم}"},{"id":"UnitFootNeutral","rule":"{قدم}"},{"id":"UnitYardSingular","rule":"{ياردة}"},{"id":"DirectionTime","rule":"#ItemTime"},{"id":"UnitNauticalSingular","rule":"{ميل بحري}"},{"id":"UnitNauticalPlural","rule":"{ميل بحري}"},{"id":"UnitSecondSingular","rule":"{ثانية}"},{"id":"UnitSecondPlural","rule":"{ثانية}"},{"id":"UnitSecondNeutral","rule":"{ثانية}"},{"id":"StopSummary","rule":"{المسافة: } #StopLength"},{"id":"StopTimeWindow","rule":"{الفترة الزمنية: } #StopTimeWindowStart { - } #StopTimeWindowEnd"},{"id":"StopStayTime","rule":"{زمن الرحلة: } #StopStayTime"},{"id":"StopFullTime","rule":"#StopFullTime"},{"id":"campusDirectionWalk","rule":"{السير} ({ } #ItemLength) ({ ~ } #ItemTime)"},{"id":"DirectionLength","rule":"#ItemLength"},{"id":"DirectionETA","rule":"#ArriveTime"},{"id":"DirectionToward","rule":"#Destination"},{"id":"DirectionStreet","rule":"NAME"},{"id":"DirectionAltNames","rule":"ALT_NAME ({ / } ALT_NAME2)"},{"id":"DirectionAfterBreak","rule":"(#DepartTime { }) {الاستمرار} { على } @@Names"},{"id":"campusEventLandmarkManeuverGuidance","rule":"#FirstUpper(#LandmarkName) { بالقرب من التقاطع}"},{"id":"campusEventLandmarkPassageVerification","rule":"{المرور بجانب } #LandmarkName ({. يَقَع المعلم على } #LandmarkPosition)"}],"lookupMapping":[]}}}]}}