{"directions":{"settings":[{"style":{"id":"NA Campus","language":{"id":"cs","description":"čeština","strings":[{"id":"campusManeuverContinueHallway","rule":"#ContinueHallwayAction ({ přes } @@campusNames)"},{"id":"campusTurnHallwayActionMakeSharpRight","rule":"{Odbočte ostře vpravo}"},{"id":"campusTurnToHallwayActionKeepLeft","rule":"{Držet se vlevo}"},{"id":"campusTurnToHallwayActionContinue","rule":"{Pokračujte}"},{"id":"campusManeuverHeader","rule":"{Start} ({ v } #StopName)"},{"id":"campusEventRestrictionViolation","rule":"{Omezení: } #Restriction"},{"id":"campusManeuverFooter","rule":"{Cíl} ({ } #StopArrival({brzy},{pozdě})) ({ v } #StopName) (#StopSide)"},{"id":"campusNames","rule":"NAME ({ (} ALT_NAME {)})"},{"id":"campusManeuverDepart","rule":"{Odjezd z} ({ } #StopName)"},{"id":"campusManeuverArrive","rule":"{Příjezd} ({ } #StopArrival({brzy},{pozdě})) ({ do } #StopName) (#StopSide)"},{"id":"campusTurnToHallwayActionBearRight","rule":"{Zahněte vpravo}"},{"id":"campusManeuverDepartHallway","rule":"{Jeďte rovně} ({ přes } @@campusNames) ({ směrem na } #CrossNames)"},{"id":"campusBeforeElevationActionBearLeft","rule":"{Držte se vlevo}"},{"id":"campusManeuverContinueWalkway","rule":"#ContinueWalkwayAction ({ na } @@campusNames)"},{"id":"campusManeuverTurnHallway","rule":"#TurnHallwayAction ({ přes } @@campusNames)"},{"id":"campusManeuverDepartWalkway","rule":"{Jeďte rovně} ({ na } @@campusNames) ({ směrem na } #CrossNames)"},{"id":"campusManeuverArcTo","rule":"#Select((#ArcToAction ({ a jděte k } #Destination)), {Pokračujte rovně})"},{"id":"campusEventLeaveBuilding","rule":"{Opouštíte} ({ } #From(CROSSADMINBORDER))"},{"id":"campusManeuverArcToHallway","rule":"#FirstUpper(#Select(@campusArcToHallway, @campusStraightToHallway))"},{"id":"campusArcToHallway","rule":"#ArcToHallwayAction (#Select(({ a jděte přes } @@campusToNames), ({ a jděte k } #Destination)))"},{"id":"UnitKilometerSingular","rule":"{km}"},{"id":"campusTurnToHallwayActionContinueForward","rule":"{Pokračujte rovně}"},{"id":"campusTurnWalkwayActionTurnRight","rule":"{Odbočte vpravo}"},{"id":"campusStraightToHallway","rule":"{pokračujte rovně} ({ přes } @@campusToNames) @campusDestination"},{"id":"campusDestination","rule":"{ směrem na } #Destination"},{"id":"campusTurnWalkwayActionMakeSharpRight","rule":"{Odbočte ostře vpravo}"},{"id":"campusManeuverTakeDoorToHallway","rule":"#TakeDoorToHallwayAction ({ } #Select(#Door(NAME), {dveře})) ({ na } #DoorSide) @@campusAndGoTrough"},{"id":"campusToNames","rule":" #To(NAME) ({ (} #To(ALT_NAME) {)})"},{"id":"campusManeuverArcToWalkway","rule":"#FirstUpper(#Select(@campusArcToWalkway, @campusStraightToWalkway))"},{"id":"campusArcToWalkway","rule":"#ArcToWalkwayAction (#Select(({ a pokračujte do } @@campusToNames), ({ a jděte k } #Destination)))"},{"id":"campusStraightToWalkway","rule":"{pokračujte rovně} ({ na } @@campusToNames) @campusDestination"},{"id":"campusManeuverTurnToHallway","rule":"#TurnToHallwayAction ({ a pokračujte přes } @@campusNames) @campusDestination"},{"id":"campusManeuverTurnToWalkway","rule":"#TurnToWalkwayAction ({ a pokračujte po } @@campusNames) @campusDestination"},{"id":"campusManeuverExit","rule":"{Vyjděte ven a pokračujte rovně} ({ na } @@campusNames)"},{"id":"campusToWalkwayActionGoBack","rule":"{vraťte se}"},{"id":"campusManeuverEnter","rule":"{Vejděte dovnitř a pokračujte rovně} ({ přes } @@campusNames)"},{"id":"campusManeuverTurnWalkway","rule":"#TurnWalkwayAction ({ na } @@campusNames)"},{"id":"campusTurnWalkwayActionGo","rule":"{Jeďte na}"},{"id":"UnitMeterPlural","rule":"{m}"},{"id":"campusManeuverDoubleTurn","rule":"#FirstTurn(#FirstActionBearing) { a } #SecondTurn(#SecondActionBearing)"},{"id":"campusTurnHallwayActionContinueForward","rule":"{Pokračujte rovně}"},{"id":"campusManeuverElevation","rule":"@campusBeforeElevation #ElevationName ({ } #ElevationCourse) ({ do patra } #To(TO_FLOOR_NAME))"},{"id":"campusBeforeElevation","rule":"#Select((#TurnActionBeforeElevation { a použijte }), {Použijte })"},{"id":"campusManeuverDoorToWalkway","rule":"#DoorToWalkwayAction ({ } #Select(#Door(NAME), {dveře})) @@campusAndToWalkwayGoOn"},{"id":"campusEventEnterBuilding","rule":"{Vstupujete do} ({ } CROSSADMINBORDER)"},{"id":"campusManeuverDoor","rule":"#DoorAction ({ } #Select(#Door(NAME), {dveře}))"},{"id":"campusTurnWalkwayActionKeepRight","rule":"{Držte se vpravo}"},{"id":"campusFirstActionTurnLeft","rule":"{Odbočte vlevo} @campusAtIntersectionNames ({ do } NAME)"},{"id":"campusManeuverDoorTo","rule":"#DoorToAction ({ } #Select(#Door(NAME), {dveře})) @campusAndToAction"},{"id":"campusAndToWalkwayGoOn","rule":"{ a } #ToWalkwayAction ({ na } @@campusNames) @campusDestination"},{"id":"campusAndToAction","rule":"{ a } #ToAction"},{"id":"campusManeuverDoorToHallway","rule":"#DoorToHallwayAction ({ } #Select(#Door(NAME), {dveře})) @@campusAndToHallwayGoThroug"},{"id":"campusTurnWalkwayActionContinue","rule":"{Pokračujte}"},{"id":"campusTurnHallwayActionTurnRight","rule":"{Odbočte vpravo}"},{"id":"campusElevationElevator","rule":"{výtah}"},{"id":"campusAndToHallwayGoThroug","rule":"{ a } #ToHallwayAction ({ přes } @@campusNames) @campusDestination"},{"id":"campusManeuverTakeDoorToWalkway","rule":"#TakeDoorToWalkwayAction ({ } #Select(#Door(NAME), {dveře})) ({ na } #DoorSide) @@campusAndGoOn"},{"id":"campusTurnWalkwayActionContinueForward","rule":"{Pokračujte rovně}"},{"id":"DirectionCumulativeLength","rule":"#CumulativeDistance"},{"id":"campusAndGoOn","rule":"{ a } #GoToWalkwayAction ({ na } @@campusNames) @campusDestination"},{"id":"campusAndGoTrough","rule":"{ a } #GoToHallwayAction ({ přes } @@campusNames) @campusDestination"},{"id":"campusTurnWalkwayActionBearRight","rule":"{Zahněte vpravo}"},{"id":"campusManeuverTakeDoor","rule":"#TakeDoorAction ({ } #Select(#Door(NAME), {dveře})) ({ na } #DoorSide)"},{"id":"campusTurnHallwayActionKeepRight","rule":"{Držte se vpravo}"},{"id":"campusTurnHallwayActionBearRight","rule":"{Zahněte vpravo}"},{"id":"campusTurnToHallwayActionGo","rule":"{Jeďte na}"},{"id":"campusTurnHallwayActionMakeSharpLeft","rule":"{Odbočte ostře vlevo}"},{"id":"campusTurnHallwayActionTurnLeft","rule":"{Odbočte vlevo}"},{"id":"campusTurnHallwayActionBearLeft","rule":"{Zahnete vlevo}"},{"id":"campusTurnWalkwayActionBearLeft","rule":"{Zahnete vlevo}"},{"id":"campusTurnHallwayActionKeepLeft","rule":"{Držet se vlevo}"},{"id":"campusTurnHallwayActionContinue","rule":"{Pokračujte}"},{"id":"campusTurnHallwayActionGo","rule":"{Jeďte na}"},{"id":"campusTurnWalkwayActionMakeSharpLeft","rule":"{Odbočte ostře vlevo}"},{"id":"DistanceShort","rule":"{< } #MinDistance(1) ({ } #DistanceUnits)"},{"id":"campusTurnWalkwayActionTurnLeft","rule":"{Odbočte vlevo}"},{"id":"campusTurnWalkwayActionKeepLeft","rule":"{Držet se vlevo}"},{"id":"campusTurnToHallwayActionKeepRight","rule":"{Držte se vpravo}"},{"id":"campusTurnToHallwayActionTurnRight","rule":"{Odbočte vpravo}"},{"id":"campusDoorToHallwayActionGoOutside","rule":"{Vyjděte přes}"},{"id":"campusTurnToHallwayActionMakeSharpRight","rule":"{Odbočte ostře vpravo}"},{"id":"campusTurnToHallwayActionMakeSharpLeft","rule":"{Odbočte ostře vlevo}"},{"id":"campusArcToWalkwayActionMakeSharpLeft","rule":"{odbočte ostře vlevo}"},{"id":"campusDoorToWalkwayActionGoInside","rule":"{Vejděte přes}"},{"id":"campusTurnToHallwayActionTurnLeft","rule":"{Odbočte vlevo}"},{"id":"campusTurnToHallwayActionBearLeft","rule":"{Zahnete vlevo}"},{"id":"campusTurnToWalkwayActionContinueForward","rule":"{Pokračujte rovně}"},{"id":"campusTurnToWalkwayActionKeepRight","rule":"{Držte se vpravo}"},{"id":"campusArcToWalkwayActionMakeSharpRight","rule":"{odbočte ostře vpravo}"},{"id":"campusTurnToWalkwayActionBearRight","rule":"{Zahněte vpravo}"},{"id":"campusArcToHallwayActionMakeSharpLeft","rule":"{odbočte ostře vlevo}"},{"id":"campusTurnToWalkwayActionTurnRight","rule":"{Odbočte vpravo}"},{"id":"campusTurnToWalkwayActionMakeSharpRight","rule":"{Odbočte ostře vpravo}"},{"id":"campusTurnToWalkwayActionMakeSharpLeft","rule":"{Odbočte ostře vlevo}"},{"id":"campusTurnToWalkwayActionTurnLeft","rule":"{Odbočte vlevo}"},{"id":"campusDoorToHallwayActionGo","rule":"{Jděte přes}"},{"id":"DirectionExitName","rule":"#SignpostExit"},{"id":"DirectionRestBreak","rule":"#ArriveTime ({-} #DepartTime) { Přestávka}"},{"id":"campusTurnToWalkwayActionBearLeft","rule":"{Zahnete vlevo}"},{"id":"campusArcToHallwayActionTurnLeft","rule":"{odbočte vlevo}"},{"id":"campusTurnToWalkwayActionKeepLeft","rule":"{Držet se vlevo}"},{"id":"campusTurnToWalkwayActionContinue","rule":"{Pokračujte}"},{"id":"Names","rule":"NAME ({ (} ALT_NAME {)})"},{"id":"campusTurnToWalkwayActionGo","rule":"{Jeďte na}"},{"id":"campusStopSideLeft","rule":"{ vlevo}"},{"id":"campusArcToHallwayActionKeepRight","rule":"{držte se vpravo}"},{"id":"campusArcToHallwayActionBearRight","rule":"{zahněte vpravo}"},{"id":"campusArcToHallwayActionTurnRight","rule":"{odbočte vpravo}"},{"id":"campusArcToHallwayActionMakeSharpRight","rule":"{odbočte ostře vpravo}"},{"id":"campusArcToHallwayActionBearLeft","rule":"{zahněte vlevo}"},{"id":"campusArcToHallwayActionKeepLeft","rule":"{držte se vlevo}"},{"id":"campusArcToHallwayActionContinueForward","rule":"{pokračujte rovně}"},{"id":"campusArcToWalkwayActionKeepRight","rule":"{držte se vpravo}"},{"id":"campusArcToWalkwayActionBearRight","rule":"{zahněte vpravo}"},{"id":"StopLength","rule":"#StopLength"},{"id":"campusArcToWalkwayActionTurnRight","rule":"{odbočte vpravo}"},{"id":"campusArcToWalkwayActionTurnLeft","rule":"{odbočte vlevo}"},{"id":"campusArcToWalkwayActionBearLeft","rule":"{zahněte vlevo}"},{"id":"campusArcToWalkwayActionKeepLeft","rule":"{držte se vlevo}"},{"id":"campusArcToWalkwayActionContinueForward","rule":"{pokračujte rovně}"},{"id":"TimeShort","rule":"{< 1 min}"},{"id":"campusArcToActionKeepRight","rule":"{Držte se vpravo}"},{"id":"campusArcToActionBearRight","rule":"{Zahněte vpravo}"},{"id":"campusArcToActionTurnRight","rule":"{Odbočte vpravo}"},{"id":"campusArcToActionMakeSharpRight","rule":"{Odbočte ostře vpravo}"},{"id":"campusArcToActionMakeSharpLeft","rule":"{Odbočte ostře vlevo}"},{"id":"campusArcToActionTurnLeft","rule":"{Odbočte vlevo}"},{"id":"campusArcToActionBearLeft","rule":"{Zahnete vlevo}"},{"id":"DirectionCrossStreet","rule":"#CrossNames"},{"id":"campusArcToActionKeepLeft","rule":"{Držet se vlevo}"},{"id":"campusArcToActionContinueForward","rule":"{Pokračujte rovně}"},{"id":"campusFirstActionBearRight","rule":"{Držte se vpravo} @campusAtIntersectionNames ({ do } NAME)"},{"id":"DistanceLong","rule":"#Distance(1) ({ } #DistanceUnits)"},{"id":"campusBeforeElevationActionBearRight","rule":"{Držte se vpravo}"},{"id":"DirectionDayEnd","rule":"(#ArriveTime { }) {Konec dne}"},{"id":"campusBeforeElevationActionTurnRight","rule":"{Odbočte vpravo}"},{"id":"campusBeforeElevationActionMakeSharpRight","rule":"{Odbočte ostře vpravo}"},{"id":"campusGoToHallwayActionGoBack","rule":"{vraťte se}"},{"id":"campusBeforeElevationActionMakeSharpLeft","rule":"{Odbočte ostře vlevo}"},{"id":"campusBeforeElevationActionTurnLeft","rule":"{Odbočte vlevo}"},{"id":"campusRightSide","rule":"{vpravo}"},{"id":"campusLeftSide","rule":"{vlevo}"},{"id":"campusAtIntersectionNames","rule":"{ na } #Intersection(NAME) ({ (} #Intersection(ALT_NAME) {)})"},{"id":"UnitYardNeutral","rule":"{yd}"},{"id":"campusFirstActionTurnRight","rule":"{Odbočte vpravo} @campusAtIntersectionNames ({ do } NAME)"},{"id":"campusFirstActionMakeSharpRight","rule":"{Odbočte ostře vpravo} @campusAtIntersectionNames ({ do } NAME)"},{"id":"campusFirstActionMakeSharpLeft","rule":"{Odbočte ostře vlevo} @campusAtIntersectionNames ({ do } NAME)"},{"id":"campusFirstActionBearLeft","rule":"{Držte se vlevo} @campusAtIntersectionNames ({ do } NAME)"},{"id":"campusFirstActionContinue","rule":"{Pokračujte} @campusAtIntersectionNames ({ do } NAME)"},{"id":"campusSecondActionBearRight","rule":"{poté se ihned držte vpravo} ({ do } NAME)"},{"id":"campusToWalkwayActionContinueForward","rule":"{pokračujte rovně}"},{"id":"campusSecondActionTurnRight","rule":"{poté ihned odbočte vpravo} ({ do } NAME)"},{"id":"campusSecondActionMakeSharpRight","rule":"{poté ihned odbočte ostře vpravo} ({ do } NAME)"},{"id":"campusSecondActionMakeSharpLeft","rule":"{poté ihned odbočte ostře vlevo} ({ do } NAME)"},{"id":"campusSecondActionTurnLeft","rule":"{poté ihned odbočte vlevo} ({ into } NAME)"},{"id":"campusSecondActionBearLeft","rule":"{poté se ihned držte vlevo} ({ do } NAME)"},{"id":"campusSecondActionContinue","rule":"{poté ihned pokračujte} ({ do } NAME)"},{"id":"CumulativeDistanceLong","rule":"#Select(#Distance(1), {0}) ({ } #DistanceUnits)"},{"id":"campusContinueHallwayActionForward","rule":"{Pokračujte rovně}"},{"id":"campusContinueHallwayActionGoForward","rule":"{Jeďte rovně}"},{"id":"campusContinueHallwayActionGoBack","rule":"{Vraťte se}"},{"id":"campusContinueWalkwayActionForward","rule":"{Pokračujte rovně}"},{"id":"campusContinueWalkwayActionGoForward","rule":"{Jeďte rovně}"},{"id":"campusContinueWalkwayActionGoBack","rule":"{Vraťte se}"},{"id":"campusGoToHallwayActionContinueForward","rule":"{pokračujte rovně}"},{"id":"campusGoToHallwayActionGoForward","rule":"{jeďte rovně}"},{"id":"StopWaitTime","rule":"{Čekací doba: } #StopWaitTime"},{"id":"campusGoToWalkwayActionContinueForward","rule":"{pokračujte rovně}"},{"id":"campusGoToWalkwayActionGoForward","rule":"{jeďte rovně}"},{"id":"campusGoToWalkwayActionGoBack","rule":"{vraťte se}"},{"id":"campusToActionContinueForward","rule":"{pokračujte rovně}"},{"id":"campusToActionGoForward","rule":"{jeďte rovně}"},{"id":"campusToHallwayActionGoBack","rule":"{vraťte se}"},{"id":"campusToActionGoBack","rule":"{vraťte se}"},{"id":"campusToHallwayActionContinueForward","rule":"{pokračujte rovně}"},{"id":"campusToHallwayActionGoForward","rule":"{jeďte rovně}"},{"id":"UnitMeterSingular","rule":"{m}"},{"id":"campusToWalkwayActionGoForward","rule":"{jeďte rovně}"},{"id":"campusElevationEscalator","rule":"{eskalátor}"},{"id":"campusElevationStairs","rule":"{schody}"},{"id":"campusElevationRamp","rule":"{plošina}"},{"id":"campusElevationUp","rule":"{nahoru}"},{"id":"StopViolationTime","rule":"{Zpoždění: } #StopViolationTime"},{"id":"campusElevationDown","rule":"{dolů}"},{"id":"UnitKilometerNeutral","rule":"{km}"},{"id":"campusTakeDoorActionGoInside","rule":"{Vejděte přes}"},{"id":"campusTakeDoorActionGoOutside","rule":"{Vyjděte přes}"},{"id":"campusTakeDoorToWalkwayActionGoInside","rule":"{Vejděte přes}"},{"id":"campusTakeDoorActionGo","rule":"{Jděte přes}"},{"id":"campusTakeDoorToHallwayActionGoInside","rule":"{Vejděte přes}"},{"id":"campusTakeDoorToHallwayActionGoOutside","rule":"{Vyjděte přes}"},{"id":"campusTakeDoorToHallwayActionGo","rule":"{Jděte přes}"},{"id":"campusTakeDoorToWalkwayActionGoOutside","rule":"{Vyjděte přes}"},{"id":"campusTakeDoorToWalkwayActionGo","rule":"{Jděte přes}"},{"id":"campusDoorActionGoInside","rule":"{Vejděte přes}"},{"id":"campusDoorActionGoOutside","rule":"{Vyjděte přes}"},{"id":"campusDoorActionGo","rule":"{Jděte přes}"},{"id":"UnitNauticalNeutral","rule":"{nmi}"},{"id":"campusDoorToActionGoInside","rule":"{Vejděte přes}"},{"id":"campusDoorToActionGoOutside","rule":"{Vyjděte přes}"},{"id":"campusDoorToActionGo","rule":"{Jděte přes}"},{"id":"campusDoorToHallwayActionGoInside","rule":"{Vejděte přes}"},{"id":"campusDoorToWalkwayActionGoOutside","rule":"{Vyjděte přes}"},{"id":"campusDoorToWalkwayActionGo","rule":"{Jděte přes}"},{"id":"TimeLong","rule":"(#TotalHours(0) { h }) (#RoundedMinutesOfHour(0) { min})"},{"id":"TravelTimeShort","rule":"{< 1 min}"},{"id":"UnitMilePlural","rule":"{mil}"},{"id":"TravelTimeLong","rule":"(#Days(0) { d }) (#HoursOfDay(0) { h }) (#RoundedMinutesOfHour(0) { min})"},{"id":"StopTimeShort","rule":"{< 1 min}"},{"id":"StopTimeLong","rule":"(#TotalHours(0) { h }) (#RoundedMinutesOfHour(0) { min})"},{"id":"TimeZoneChange","rule":"#Sign (#TotalHours(0) { h }) (#RoundedMinutesOfHour(0) { min})"},{"id":"SignpostDestination","rule":"#String(0) ({/} #String(1)) ({/} #String(2)) ({/} #String(3)) ({/} #String(4))"},{"id":"campusStopSideRight","rule":"{ vpravo}"},{"id":"CrossNames","rule":"#String(0) ({/} #String(1))"},{"id":"campusLandmarkOnTheLeft","rule":"{vlevo}"},{"id":"DirectionBranch","rule":"#Branch"},{"id":"campusLandmarkOnTheRight","rule":"{vpravo}"},{"id":"campusLandmarkOnTheFarLeft","rule":"{dále vlevo}"},{"id":"campusLandmarkOnTheFarRight","rule":"{dále vpravo}"},{"id":"campusLandmarkOnTheNearLeft","rule":"{poblíž vlevo}"},{"id":"UnitYardPlural","rule":"{yd}"},{"id":"campusLandmarkOnTheNearRight","rule":"{poblíž vpravo}"},{"id":"UnitMileSingular","rule":"{mil}"},{"id":"UnitMileNeutral","rule":"{mil}"},{"id":"UnitKilometerPlural","rule":"{km}"},{"id":"UnitMeterNeutral","rule":"{m}"},{"id":"UnitFootSingular","rule":"{ft}"},{"id":"UnitFootPlural","rule":"{ft}"},{"id":"UnitFootNeutral","rule":"{ft}"},{"id":"UnitYardSingular","rule":"{yd}"},{"id":"DirectionTime","rule":"#ItemTime"},{"id":"UnitNauticalSingular","rule":"{nmi}"},{"id":"UnitNauticalPlural","rule":"{nmi}"},{"id":"UnitSecondSingular","rule":"{sec}"},{"id":"UnitSecondPlural","rule":"{sec}"},{"id":"UnitSecondNeutral","rule":"{sec}"},{"id":"StopSummary","rule":"{Vzdálenost: } #StopLength"},{"id":"StopTimeWindow","rule":"{Časové okno: } #StopTimeWindowStart { - } #StopTimeWindowEnd"},{"id":"StopStayTime","rule":"{Doba obsloužení: } #StopStayTime"},{"id":"StopFullTime","rule":"#StopFullTime"},{"id":"campusDirectionWalk","rule":"{Chůze} ({ } #ItemLength) ({ ~ } #ItemTime)"},{"id":"DirectionLength","rule":"#ItemLength"},{"id":"DirectionETA","rule":"#ArriveTime"},{"id":"DirectionToward","rule":"#Destination"},{"id":"DirectionStreet","rule":"NAME"},{"id":"DirectionAltNames","rule":"ALT_NAME ({/} ALT_NAME2)"},{"id":"DirectionAfterBreak","rule":"(#DepartTime { }) {Zůstaňte} { na silnici } @@Names"},{"id":"campusEventLandmarkManeuverGuidance","rule":"#FirstUpper(#LandmarkName) { je poblíž křižovatky}"},{"id":"campusEventLandmarkPassageVerification","rule":"{Projeďte kolem } #LandmarkName ({. Bude } #LandmarkPosition)"}],"lookupMapping":[]}}}]}}